INSERT INTO `user` ( userid, username, `Email`, `Password`, `DateOfBirth`, contactinformation ) VALUES ( 0, 'Abel', 'xmzvz@c--b-v.com', 'Cindy is visiting Rolph. ', '2018-02-24', '1444627288' );
INSERT INTO `user` ( userid, username, `Email`, `Password`, `DateOfBirth`, contactinformation ) VALUES ( 1, 'Erick', 'iueep@-q-bs-.com', 'Cindy knows Adrian. ', '2016-03-19', '3036626144' );
INSERT INTO `user` ( userid, username, `Email`, `Password`, `DateOfBirth`, contactinformation ) VALUES ( 2, 'Janice', 'bxho.ebdb@--u-js.com', 'I met Adrian. ', '2004-05-09', NULL );
INSERT INTO `user` ( userid, username, `Email`, `Password`, `DateOfBirth`, contactinformation ) VALUES ( 3, 'Gretchen92', 'mugh82@q--g--.org', 'John is visiting Mike. ', '2005-09-08', '3847415673' );
INSERT INTO `user` ( userid, username, `Email`, `Password`, `DateOfBirth`, contactinformation ) VALUES ( 4, 'Lawanda6', 'snay362@-h-hqu.com', NULL, NULL, '2065866269' );
INSERT INTO `user` ( userid, username, `Email`, `Password`, `DateOfBirth`, contactinformation ) VALUES ( 5, 'Robbie978', NULL, 'Cindy knows Rolph. ', '2000-06-30', '1773805673' );
INSERT INTO `user` ( userid, username, `Email`, `Password`, `DateOfBirth`, contactinformation ) VALUES ( 6, NULL, 'pkwn@wij--w.com', 'Cindy called Tony. ', '2013-12-26', '8505073685' );
INSERT INTO `user` ( userid, username, `Email`, `Password`, `DateOfBirth`, contactinformation ) VALUES ( 7, 'Carla716', 'fuqaca2@k-n--z.net', 'Cindy is visiting Rolph. ', '2016-02-06', '5716333144' );
INSERT INTO `user` ( userid, username, `Email`, `Password`, `DateOfBirth`, contactinformation ) VALUES ( 8, 'Heath', 'pulj@kr---f.org', 'John knows Mike. ', '2003-01-09', '0117177731' );
INSERT INTO `user` ( userid, username, `Email`, `Password`, `DateOfBirth`, contactinformation ) VALUES ( 9, 'Kendra31', 'eitp.sykqj@---p--.org', 'Cindy knows Rolph. ', '2018-06-29', '4871535417' );
INSERT INTO `user` ( userid, username, `Email`, `Password`, `DateOfBirth`, contactinformation ) VALUES ( 10, 'Brandie', 'tldm@a----x.net', NULL, '2015-04-11', '5933842972' );
INSERT INTO `user` ( userid, username, `Email`, `Password`, `DateOfBirth`, contactinformation ) VALUES ( 11, 'Rose60', 'eaha@-g--j-.org', 'John called Tony. ', '2000-01-25', '1247595917' );
INSERT INTO `user` ( userid, username, `Email`, `Password`, `DateOfBirth`, contactinformation ) VALUES ( 12, 'Ernest3', 'oeuc@---z-i.net', 'Cindy is visiting Tony. ', '2014-09-23', '7644076713' );
INSERT INTO `user` ( userid, username, `Email`, `Password`, `DateOfBirth`, contactinformation ) VALUES ( 13, 'Randal', NULL, 'John knows Mike. ', '2019-02-15', '4772858665' );
INSERT INTO `user` ( userid, username, `Email`, `Password`, `DateOfBirth`, contactinformation ) VALUES ( 14, NULL, 'qhcd@w--gb-.com', 'Cindy called Rolph. ', '2016-06-21', '8794751100' );
INSERT INTO `user` ( userid, username, `Email`, `Password`, `DateOfBirth`, contactinformation ) VALUES ( 15, 'Ismael126', NULL, NULL, '2003-10-10', '7271353666' );
INSERT INTO `user` ( userid, username, `Email`, `Password`, `DateOfBirth`, contactinformation ) VALUES ( 16, 'Keri4', 'kwbzh3@d-rifc.net', NULL, '2006-07-10', '9279655111' );
INSERT INTO `user` ( userid, username, `Email`, `Password`, `DateOfBirth`, contactinformation ) VALUES ( 17, 'Cameron1', 'yaot64@-xy--w.org', 'I is visiting Mike. ', '2015-01-12', '0083337372' );
INSERT INTO `user` ( userid, username, `Email`, `Password`, `DateOfBirth`, contactinformation ) VALUES ( 18, 'Roberta36', 'oquuo@-d-p-f.org', 'I met Mike. ', '2005-08-10', '0976895746' );
INSERT INTO `user` ( userid, username, `Email`, `Password`, `DateOfBirth`, contactinformation ) VALUES ( 19, 'Colby5', 'bdjq5@-----w.org', 'Cindy is visiting Mike. ', '2004-08-08', NULL );
INSERT INTO `user` ( userid, username, `Email`, `Password`, `DateOfBirth`, contactinformation ) VALUES ( 20, 'Cornelius', 'egzxk@rhkb-f.com', 'I called Poe. ', '2016-02-25', '3197341265' );
INSERT INTO `user` ( userid, username, `Email`, `Password`, `DateOfBirth`, contactinformation ) VALUES ( 21, 'Teddy1', 'iqor@eh-p--.com', 'Cindy knows Rolph. ', '2015-03-09', '7257452417' );
INSERT INTO `user` ( userid, username, `Email`, `Password`, `DateOfBirth`, contactinformation ) VALUES ( 22, 'Lillian', 'ufez.hrenv@nhusv.p-k--i.net', NULL, '2015-08-17', '6474234739' );
INSERT INTO `user` ( userid, username, `Email`, `Password`, `DateOfBirth`, contactinformation ) VALUES ( 23, 'Dianna', 'uxfm@i--cby.com', 'John called Mike. ', '2017-11-10', '0751442261' );
INSERT INTO `user` ( userid, username, `Email`, `Password`, `DateOfBirth`, contactinformation ) VALUES ( 24, 'Geoffrey', 'wijk.ugpy@------.net', 'Cindy knows Mike. ', '2010-06-25', NULL );
INSERT INTO `user` ( userid, username, `Email`, `Password`, `DateOfBirth`, contactinformation ) VALUES ( 25, 'Melissa', NULL, 'Cindy called Rolph. ', '2001-01-10', '8199219454' );
INSERT INTO `user` ( userid, username, `Email`, `Password`, `DateOfBirth`, contactinformation ) VALUES ( 26, 'Moses923', 'chjrys18@xtls--.net', 'I met Rolph. ', '2006-12-08', '9734964188' );
INSERT INTO `user` ( userid, username, `Email`, `Password`, `DateOfBirth`, contactinformation ) VALUES ( 27, 'Franklin', 'fqqpe@---hs-.org', 'Cindy knows Rolph. ', '2009-08-09', '6567673361' );
INSERT INTO `user` ( userid, username, `Email`, `Password`, `DateOfBirth`, contactinformation ) VALUES ( 28, NULL, 'mptm21@nl---q.com', 'Cindy knows Tony. ', '2018-02-17', '8621069277' );
INSERT INTO `user` ( userid, username, `Email`, `Password`, `DateOfBirth`, contactinformation ) VALUES ( 29, NULL, 'dfyg.nvdh@j--sbi.com', 'John called Poe. ', '2011-05-30', '0852965224' );
INSERT INTO `user` ( userid, username, `Email`, `Password`, `DateOfBirth`, contactinformation ) VALUES ( 30, 'Arlene', NULL, 'I knows Adrian. ', '2011-02-26', NULL );
INSERT INTO `user` ( userid, username, `Email`, `Password`, `DateOfBirth`, contactinformation ) VALUES ( 31, 'Kathleen', 'clyg@-i--q-.net', 'Cindy met Rolph. ', '2011-06-08', NULL );
INSERT INTO `user` ( userid, username, `Email`, `Password`, `DateOfBirth`, contactinformation ) VALUES ( 32, 'Sheldon97', 'nmgf@sp----.net', 'I met Rolph. ', '2017-12-14', '8230165346' );
INSERT INTO `user` ( userid, username, `Email`, `Password`, `DateOfBirth`, contactinformation ) VALUES ( 33, 'Ivan66', NULL, 'Cindy knows Poe. ', '2004-04-16', '7516987942' );
INSERT INTO `user` ( userid, username, `Email`, `Password`, `DateOfBirth`, contactinformation ) VALUES ( 34, 'Andre875', 'knzj.yyew@g-----.org', 'John is visiting Poe. ', '2006-06-20', '7584492186' );
INSERT INTO `user` ( userid, username, `Email`, `Password`, `DateOfBirth`, contactinformation ) VALUES ( 35, 'Joni58', 'ulux@-w-cgu.net', NULL, '2002-12-18', '7830827263' );
INSERT INTO `user` ( userid, username, `Email`, `Password`, `DateOfBirth`, contactinformation ) VALUES ( 36, 'Rex', 'yvofv@xd-mwo.com', 'Cindy met Poe. ', '2013-08-13', '6346427973' );
INSERT INTO `user` ( userid, username, `Email`, `Password`, `DateOfBirth`, contactinformation ) VALUES ( 37, 'Dwight', 'ycwoy.kqee@m-fu-t.com', 'Cindy knows Poe. ', '2018-09-23', '5465638472' );
INSERT INTO `user` ( userid, username, `Email`, `Password`, `DateOfBirth`, contactinformation ) VALUES ( 38, 'Lucas', 'xwqy@g--i--.org', 'John knows Tony. ', '2011-03-27', '7347409353' );
INSERT INTO `user` ( userid, username, `Email`, `Password`, `DateOfBirth`, contactinformation ) VALUES ( 39, 'Arnold3', 'cuiz.hsry@-c-l-t.com', 'John knows Rolph. ', '2005-11-05', '1505874265' );
INSERT INTO `user` ( userid, username, `Email`, `Password`, `DateOfBirth`, contactinformation ) VALUES ( 40, 'Kristen1', 'bxfk756@j-d--f.com', 'I knows Rolph. ', '2016-04-07', '8719618839' );
INSERT INTO `user` ( userid, username, `Email`, `Password`, `DateOfBirth`, contactinformation ) VALUES ( 41, 'Bobbi713', 'fpku@-g----.com', 'Cindy called Rolph. ', '2006-09-16', '8886761811' );
INSERT INTO `user` ( userid, username, `Email`, `Password`, `DateOfBirth`, contactinformation ) VALUES ( 42, 'Carl1', 'dlbo@-l-rrf.org', 'John met Florian. ', '2014-06-09', NULL );
INSERT INTO `user` ( userid, username, `Email`, `Password`, `DateOfBirth`, contactinformation ) VALUES ( 43, NULL, 'bcfr@-sxxd-.org', 'John knows Mike. ', '2012-04-29', '6967833317' );
INSERT INTO `user` ( userid, username, `Email`, `Password`, `DateOfBirth`, contactinformation ) VALUES ( 44, NULL, NULL, 'Cindy called Poe. ', '2014-05-03', NULL );
INSERT INTO `user` ( userid, username, `Email`, `Password`, `DateOfBirth`, contactinformation ) VALUES ( 45, 'Frances905', NULL, NULL, '2001-02-22', '5638877115' );
INSERT INTO `user` ( userid, username, `Email`, `Password`, `DateOfBirth`, contactinformation ) VALUES ( 46, 'Elena', NULL, 'John called Mike. ', '2009-01-02', '6012646572' );
INSERT INTO `user` ( userid, username, `Email`, `Password`, `DateOfBirth`, contactinformation ) VALUES ( 47, 'Luz', 'feso@w-powe.net', 'Cindy knows Tony. ', '2010-08-29', '7397244333' );
INSERT INTO `user` ( userid, username, `Email`, `Password`, `DateOfBirth`, contactinformation ) VALUES ( 48, 'Jami1', 'hzxd.wxco@tc-j--.com', 'Cindy called Adrian. ', '2012-06-19', '7427386784' );
INSERT INTO `user` ( userid, username, `Email`, `Password`, `DateOfBirth`, contactinformation ) VALUES ( 49, 'Ruth', 'fixi@f--oa-.org', 'I met Rolph. ', NULL, '4377863387' );
INSERT INTO `user` ( userid, username, `Email`, `Password`, `DateOfBirth`, contactinformation ) VALUES ( 50, 'Noah03', 'sogkg@-d-muc.net', 'I knows Poe. ', '2019-10-25', '3831365464' );
INSERT INTO `user` ( userid, username, `Email`, `Password`, `DateOfBirth`, contactinformation ) VALUES ( 51, 'Emma78', 'ixdr7@------.org', 'John knows Tony. ', '2006-02-21', '7581767651' );
INSERT INTO `user` ( userid, username, `Email`, `Password`, `DateOfBirth`, contactinformation ) VALUES ( 52, 'Damien', 'ncew@seux--.net', 'John knows Adrian. ', '2006-07-24', '8254240031' );
INSERT INTO `user` ( userid, username, `Email`, `Password`, `DateOfBirth`, contactinformation ) VALUES ( 53, 'Caroline1', 'ehdeg@---x--.com', 'Cindy called Adrian. ', '2017-03-06', '5561555466' );
INSERT INTO `user` ( userid, username, `Email`, `Password`, `DateOfBirth`, contactinformation ) VALUES ( 54, 'Elisabeth4', 'xowr.rsmq@j---p-.com', NULL, '2007-01-02', '2527854350' );
INSERT INTO `user` ( userid, username, `Email`, `Password`, `DateOfBirth`, contactinformation ) VALUES ( 55, 'Morgan523', 'fxhu@-z----.com', 'I met Adrian. ', '2017-12-25', '5657340656' );
INSERT INTO `user` ( userid, username, `Email`, `Password`, `DateOfBirth`, contactinformation ) VALUES ( 56, 'Clifford', 'inso.yxcul@r-v---.com', 'I is visiting Adrian. ', '2009-06-22', '6146286112' );
INSERT INTO `user` ( userid, username, `Email`, `Password`, `DateOfBirth`, contactinformation ) VALUES ( 57, 'Guadalupe', 'ddjr@xvsn.lw---v.net', 'Cindy met Mike. ', '2006-06-09', '1516886149' );
INSERT INTO `user` ( userid, username, `Email`, `Password`, `DateOfBirth`, contactinformation ) VALUES ( 58, NULL, 'xmao.swlbfnik@vt--at.com', 'John knows Mike. ', '2008-04-17', '8117065168' );
INSERT INTO `user` ( userid, username, `Email`, `Password`, `DateOfBirth`, contactinformation ) VALUES ( 59, 'Sophia177', 'vdti@g-emjw.com', 'Cindy called Mike. ', '2012-07-14', '3784056779' );
INSERT INTO `user` ( userid, username, `Email`, `Password`, `DateOfBirth`, contactinformation ) VALUES ( 60, 'Angela874', 'wbtk88@jt-en-.net', 'Cindy knows Poe. ', '2000-09-15', '4571588647' );
INSERT INTO `user` ( userid, username, `Email`, `Password`, `DateOfBirth`, contactinformation ) VALUES ( 61, NULL, 'poll@iyz--i.com', 'I knows Adrian. ', '2019-07-05', '5887176547' );
INSERT INTO `user` ( userid, username, `Email`, `Password`, `DateOfBirth`, contactinformation ) VALUES ( 62, 'Byron8', 'rxjnr@---r--.org', NULL, NULL, '2946221236' );
INSERT INTO `user` ( userid, username, `Email`, `Password`, `DateOfBirth`, contactinformation ) VALUES ( 63, 'Jesse', NULL, 'Cindy is visiting Adrian. ', '2016-09-28', '3746854006' );
INSERT INTO `user` ( userid, username, `Email`, `Password`, `DateOfBirth`, contactinformation ) VALUES ( 64, 'Paige', 'aiae.dfdy@-b-n--.com', 'Cindy knows Tony. ', '2008-09-23', '7449115999' );
INSERT INTO `user` ( userid, username, `Email`, `Password`, `DateOfBirth`, contactinformation ) VALUES ( 65, 'Herman', 'luem.yocvu@w-i--p.org', 'Cindy knows Tony. ', NULL, '7189871766' );
INSERT INTO `user` ( userid, username, `Email`, `Password`, `DateOfBirth`, contactinformation ) VALUES ( 66, 'Clarissa5', 'orpj8@j--cr-.net', 'I knows Adrian. ', '2009-06-26', '2178447446' );
INSERT INTO `user` ( userid, username, `Email`, `Password`, `DateOfBirth`, contactinformation ) VALUES ( 67, 'Loretta6', 'xmnl@-om-qu.com', 'I called Mike. ', '2013-08-18', '3570452433' );
INSERT INTO `user` ( userid, username, `Email`, `Password`, `DateOfBirth`, contactinformation ) VALUES ( 68, 'Austin254', 'temi2@-----q.com', 'Cindy is visiting Mike. ', '2015-10-21', NULL );
INSERT INTO `user` ( userid, username, `Email`, `Password`, `DateOfBirth`, contactinformation ) VALUES ( 69, 'Deana', NULL, 'Cindy called Poe. ', '2006-01-04', '8341484284' );
INSERT INTO `user` ( userid, username, `Email`, `Password`, `DateOfBirth`, contactinformation ) VALUES ( 70, 'William867', 'drgz@--qtxd.net', 'I called Mike. ', '2007-06-01', '4876622253' );
INSERT INTO `user` ( userid, username, `Email`, `Password`, `DateOfBirth`, contactinformation ) VALUES ( 71, 'Bridgett233', 'jpfd932@---s-f.com', 'I met Mike. ', '2008-03-17', '4489587828' );
INSERT INTO `user` ( userid, username, `Email`, `Password`, `DateOfBirth`, contactinformation ) VALUES ( 72, NULL, 'jlht15@-nv--u.com', 'John called Adrian. ', '2006-04-12', '7523888298' );
INSERT INTO `user` ( userid, username, `Email`, `Password`, `DateOfBirth`, contactinformation ) VALUES ( 73, NULL, 'kbqvg.rjlj@--q-ht.com', 'Cindy called Adrian. ', '2008-02-20', '3331886348' );
INSERT INTO `user` ( userid, username, `Email`, `Password`, `DateOfBirth`, contactinformation ) VALUES ( 74, 'Tamiko', 'cagm@oq---t.org', 'Cindy is visiting Mike. ', '2015-10-12', '0566559197' );
INSERT INTO `user` ( userid, username, `Email`, `Password`, `DateOfBirth`, contactinformation ) VALUES ( 75, 'Irma', 'rfdox493@iw-hf-.net', 'I met Adrian. ', NULL, '8484355014' );
INSERT INTO `user` ( userid, username, `Email`, `Password`, `DateOfBirth`, contactinformation ) VALUES ( 76, 'Kellie8', 'lokl@-xpboe.com', 'I knows Adrian. ', '2008-12-24', '1274447826' );
INSERT INTO `user` ( userid, username, `Email`, `Password`, `DateOfBirth`, contactinformation ) VALUES ( 77, 'Alex5', 'vrgr@-c-ld-.org', 'Cindy met Florian. ', '2000-05-01', '4984843916' );
INSERT INTO `user` ( userid, username, `Email`, `Password`, `DateOfBirth`, contactinformation ) VALUES ( 78, 'Whitney17', 'jltb@k-g-hv.net', NULL, '2004-12-10', '1390226090' );
INSERT INTO `user` ( userid, username, `Email`, `Password`, `DateOfBirth`, contactinformation ) VALUES ( 79, 'Marc4', NULL, 'John called Adrian. ', '2000-11-09', '1184788337' );
INSERT INTO `user` ( userid, username, `Email`, `Password`, `DateOfBirth`, contactinformation ) VALUES ( 80, 'Dwayne2', 'ykcq.ztyjuw@----s-.com', NULL, '2002-12-18', '2457568792' );
INSERT INTO `user` ( userid, username, `Email`, `Password`, `DateOfBirth`, contactinformation ) VALUES ( 81, 'Theodore', 'bbdf3@-h--h-.com', 'Cindy is visiting Rolph. ', '2015-09-01', '9561676141' );
INSERT INTO `user` ( userid, username, `Email`, `Password`, `DateOfBirth`, contactinformation ) VALUES ( 82, NULL, 'jtfv517@-piqft.com', 'John is visiting Mike. ', '2002-02-24', '3903442161' );
INSERT INTO `user` ( userid, username, `Email`, `Password`, `DateOfBirth`, contactinformation ) VALUES ( 83, 'Jayson', 'jqok.emmsq@i---v-.net', 'Cindy called Rolph. ', '2019-08-07', '8223754067' );
INSERT INTO `user` ( userid, username, `Email`, `Password`, `DateOfBirth`, contactinformation ) VALUES ( 84, 'Lauren', 'qeet33@klyd.mwnopo.net', 'I knows Rolph. ', '2013-07-06', NULL );
INSERT INTO `user` ( userid, username, `Email`, `Password`, `DateOfBirth`, contactinformation ) VALUES ( 85, NULL, 'wxdm70@qh-tx-.org', 'Cindy met Adrian. ', NULL, '3403121601' );
INSERT INTO `user` ( userid, username, `Email`, `Password`, `DateOfBirth`, contactinformation ) VALUES ( 86, 'Tim41', 'luia@--rm--.net', 'John knows Mike. ', '2012-08-29', '3257132959' );
INSERT INTO `user` ( userid, username, `Email`, `Password`, `DateOfBirth`, contactinformation ) VALUES ( 87, 'Omar82', 'cjpb@v--lzy.com', 'Cindy called Mike. ', '2015-06-13', '1084074553' );
INSERT INTO `user` ( userid, username, `Email`, `Password`, `DateOfBirth`, contactinformation ) VALUES ( 88, 'Darla66', 'hrtf64@-o--qg.com', 'Cindy called Mike. ', '2018-08-18', '6267611563' );
INSERT INTO `user` ( userid, username, `Email`, `Password`, `DateOfBirth`, contactinformation ) VALUES ( 89, 'Melisa', 'svfo@-n--jc.net', NULL, '2014-04-12', '1293284612' );
INSERT INTO `user` ( userid, username, `Email`, `Password`, `DateOfBirth`, contactinformation ) VALUES ( 90, 'Ron', 'lutm@-o----.com', 'I is visiting Tony. ', '2006-10-05', '1174973801' );
INSERT INTO `user` ( userid, username, `Email`, `Password`, `DateOfBirth`, contactinformation ) VALUES ( 91, 'Heidi036', 'utwg6@a-m--o.org', 'Cindy called Rolph. ', '2004-12-04', '8225500761' );
INSERT INTO `user` ( userid, username, `Email`, `Password`, `DateOfBirth`, contactinformation ) VALUES ( 92, 'Judith748', 'viiv@v---v-.com', 'Cindy called Mike. ', '2017-08-17', '2056169268' );
INSERT INTO `user` ( userid, username, `Email`, `Password`, `DateOfBirth`, contactinformation ) VALUES ( 93, 'Wallace3', 'ymjhik@o--e--.org', 'Cindy met Mike. ', '2002-01-01', '3649826780' );
INSERT INTO `user` ( userid, username, `Email`, `Password`, `DateOfBirth`, contactinformation ) VALUES ( 94, 'Luz', 'mpdj@u-by--.com', 'I is visiting Poe. ', '2016-01-05', '4132422146' );
INSERT INTO `user` ( userid, username, `Email`, `Password`, `DateOfBirth`, contactinformation ) VALUES ( 95, 'Cari0', 'iguf@v----c.net', 'John called Adrian. ', '2010-05-29', NULL );
INSERT INTO `user` ( userid, username, `Email`, `Password`, `DateOfBirth`, contactinformation ) VALUES ( 96, 'Regina', NULL, 'Cindy called Tony. ', NULL, '7188723355' );
INSERT INTO `user` ( userid, username, `Email`, `Password`, `DateOfBirth`, contactinformation ) VALUES ( 97, 'Latanya33', NULL, 'John called Adrian. ', '2013-06-17', '3245702158' );
INSERT INTO `user` ( userid, username, `Email`, `Password`, `DateOfBirth`, contactinformation ) VALUES ( 98, 'Rudy76', 'jwhj12@lav-dq.org', 'Cindy called Adrian. ', '2006-09-14', '7135781578' );
INSERT INTO `user` ( userid, username, `Email`, `Password`, `DateOfBirth`, contactinformation ) VALUES ( 99, 'Lewis', 'wtzl.sorl@-o---p.org', 'Cindy is visiting Florian. ', '2003-06-12', '2924594610' );
INSERT INTO host ( `HostID`, `Host_Since`, `About`, `HostingAvailability`, `ResponseRate`, `Superhost`, userid ) VALUES ( 0, '2002-01-03', 'Anne bought new car. Anne bought new car. Tony bought new car. Anne has free time. Anne is walking. ', false, 89.85, true, 36 );
INSERT INTO host ( `HostID`, `Host_Since`, `About`, `HostingAvailability`, `ResponseRate`, `Superhost`, userid ) VALUES ( 1, '2008-02-24', 'John bought new car. Anne is shopping. Tony bought new car. Tony bought new car. Tony has free time. ', true, 90.94, true, 20 );
INSERT INTO host ( `HostID`, `Host_Since`, `About`, `HostingAvailability`, `ResponseRate`, `Superhost`, userid ) VALUES ( 2, '2000-09-21', 'John has free time. Tony is shopping. ', false, 28.16, false, 76 );
INSERT INTO host ( `HostID`, `Host_Since`, `About`, `HostingAvailability`, `ResponseRate`, `Superhost`, userid ) VALUES ( 3, '2013-03-06', 'John bought new car. Anne is walking. John bought new car. Anne has free time. John has free time. ', false, 2.46, false, 20 );
INSERT INTO host ( `HostID`, `Host_Since`, `About`, `HostingAvailability`, `ResponseRate`, `Superhost`, userid ) VALUES ( 4, '2014-03-19', 'Anne bought new car. Anne is shopping. ', true, 79.12, true, 63 );
INSERT INTO host ( `HostID`, `Host_Since`, `About`, `HostingAvailability`, `ResponseRate`, `Superhost`, userid ) VALUES ( 5, NULL, 'Anne bought new car. Tony has free time. Tony bought new car. Tony has free time. Anne bought new car. ', false, 14.97, true, 5 );
INSERT INTO host ( `HostID`, `Host_Since`, `About`, `HostingAvailability`, `ResponseRate`, `Superhost`, userid ) VALUES ( 6, '2019-04-10', 'Tony bought new car. John bought new car. Tony has free time. ', false, 41.62, false, 70 );
INSERT INTO host ( `HostID`, `Host_Since`, `About`, `HostingAvailability`, `ResponseRate`, `Superhost`, userid ) VALUES ( 7, '2018-10-18', 'John bought new car. John is walking. John bought new car. John bought new car. Tony is walking. ', false, 0.33, true, 12 );
INSERT INTO host ( `HostID`, `Host_Since`, `About`, `HostingAvailability`, `ResponseRate`, `Superhost`, userid ) VALUES ( 8, '2018-12-11', 'Anne bought new car. John is shopping. Tony is shopping. Anne bought new car. John is walking. ', true, 35.69, true, NULL );
INSERT INTO host ( `HostID`, `Host_Since`, `About`, `HostingAvailability`, `ResponseRate`, `Superhost`, userid ) VALUES ( 9, '2018-09-28', 'John bought new car. Tony is walking. John has free time. John has free time. Anne has free time. ', false, 81.54, true, 93 );
INSERT INTO host ( `HostID`, `Host_Since`, `About`, `HostingAvailability`, `ResponseRate`, `Superhost`, userid ) VALUES ( 10, '2007-12-11', 'John is walking. Anne bought new car. Tony is shopping. John has free time. Tony is walking. ', false, 63.81, false, 51 );
INSERT INTO host ( `HostID`, `Host_Since`, `About`, `HostingAvailability`, `ResponseRate`, `Superhost`, userid ) VALUES ( 11, '2006-12-13', 'Tony is shopping. Anne is walking. ', true, 74.4, true, 56 );
INSERT INTO host ( `HostID`, `Host_Since`, `About`, `HostingAvailability`, `ResponseRate`, `Superhost`, userid ) VALUES ( 12, '2005-11-18', 'John has free time. Tony is walking. ', true, 44.66, true, 44 );
INSERT INTO host ( `HostID`, `Host_Since`, `About`, `HostingAvailability`, `ResponseRate`, `Superhost`, userid ) VALUES ( 13, '2010-02-16', 'Anne bought new car. Anne bought new car. Anne is shopping. Anne has free time. Tony bought new car. ', NULL, 79.95, false, NULL );
INSERT INTO host ( `HostID`, `Host_Since`, `About`, `HostingAvailability`, `ResponseRate`, `Superhost`, userid ) VALUES ( 14, '2002-04-27', 'Anne is shopping. Anne is walking. John bought new car. John bought new car. John has free time. ', false, 41.22, NULL, 72 );
INSERT INTO host ( `HostID`, `Host_Since`, `About`, `HostingAvailability`, `ResponseRate`, `Superhost`, userid ) VALUES ( 15, '2015-05-30', 'Tony is shopping. Anne is shopping. Anne is shopping. Tony bought new car. Tony has free time. ', true, 88.42, true, 6 );
INSERT INTO host ( `HostID`, `Host_Since`, `About`, `HostingAvailability`, `ResponseRate`, `Superhost`, userid ) VALUES ( 16, '2013-03-13', 'Anne is shopping. Anne bought new car. Tony is shopping. ', true, 77.38, false, 60 );
INSERT INTO host ( `HostID`, `Host_Since`, `About`, `HostingAvailability`, `ResponseRate`, `Superhost`, userid ) VALUES ( 17, NULL, 'John has free time. Anne has free time. Tony bought new car. Anne has free time. John bought new car. ', false, 34.33, true, 83 );
INSERT INTO host ( `HostID`, `Host_Since`, `About`, `HostingAvailability`, `ResponseRate`, `Superhost`, userid ) VALUES ( 18, '2015-03-27', 'Anne has free time. John is shopping. Anne bought new car. Anne bought new car. Tony is walking. ', true, 48.35, true, 23 );
INSERT INTO host ( `HostID`, `Host_Since`, `About`, `HostingAvailability`, `ResponseRate`, `Superhost`, userid ) VALUES ( 19, '2012-06-24', 'Anne bought new car. John has free time. Tony is shopping. Tony has free time. Anne bought new car. ', false, 56.48, true, 23 );
INSERT INTO host ( `HostID`, `Host_Since`, `About`, `HostingAvailability`, `ResponseRate`, `Superhost`, userid ) VALUES ( 20, '2017-08-02', 'Anne bought new car. John has free time. Anne is walking. John bought new car. John has free time. ', true, 83.18, false, 78 );
INSERT INTO host ( `HostID`, `Host_Since`, `About`, `HostingAvailability`, `ResponseRate`, `Superhost`, userid ) VALUES ( 21, '2009-01-01', 'Anne has free time. Anne has free time. John has free time. ', true, 88.87, true, 21 );
INSERT INTO host ( `HostID`, `Host_Since`, `About`, `HostingAvailability`, `ResponseRate`, `Superhost`, userid ) VALUES ( 22, '2000-02-05', 'Anne is shopping. Anne is walking. Tony bought new car. John is walking. Tony bought new car. ', true, 85.89, true, 14 );
INSERT INTO host ( `HostID`, `Host_Since`, `About`, `HostingAvailability`, `ResponseRate`, `Superhost`, userid ) VALUES ( 23, NULL, 'Anne has free time. Anne is walking. Tony bought new car. John is shopping. John is shopping. ', false, 14.67, true, 72 );
INSERT INTO host ( `HostID`, `Host_Since`, `About`, `HostingAvailability`, `ResponseRate`, `Superhost`, userid ) VALUES ( 24, '2010-06-18', NULL, true, 44.78, false, 47 );
INSERT INTO host ( `HostID`, `Host_Since`, `About`, `HostingAvailability`, `ResponseRate`, `Superhost`, userid ) VALUES ( 25, NULL, 'Anne has free time. John is shopping. ', true, 55.62, false, 39 );
INSERT INTO host ( `HostID`, `Host_Since`, `About`, `HostingAvailability`, `ResponseRate`, `Superhost`, userid ) VALUES ( 26, '2014-02-06', 'Anne is walking. Tony has free time. Tony bought new car. Tony has free time. John bought new car. ', true, 82.08, false, 13 );
INSERT INTO host ( `HostID`, `Host_Since`, `About`, `HostingAvailability`, `ResponseRate`, `Superhost`, userid ) VALUES ( 27, '2005-07-02', 'John has free time. Anne is walking. Anne bought new car. Anne has free time. ', false, 33.2, true, 42 );
INSERT INTO host ( `HostID`, `Host_Since`, `About`, `HostingAvailability`, `ResponseRate`, `Superhost`, userid ) VALUES ( 28, '2001-07-04', 'Anne has free time. Anne has free time. ', false, 41.0, true, 23 );
INSERT INTO host ( `HostID`, `Host_Since`, `About`, `HostingAvailability`, `ResponseRate`, `Superhost`, userid ) VALUES ( 29, '2012-03-18', 'Anne has free time. John bought new car. ', true, 70.96, true, NULL );
INSERT INTO host ( `HostID`, `Host_Since`, `About`, `HostingAvailability`, `ResponseRate`, `Superhost`, userid ) VALUES ( 30, '2019-02-05', 'Anne is walking. Anne is shopping. Tony bought new car. Tony bought new car. Anne bought new car. ', true, NULL, NULL, 32 );
INSERT INTO host ( `HostID`, `Host_Since`, `About`, `HostingAvailability`, `ResponseRate`, `Superhost`, userid ) VALUES ( 31, '2005-06-25', 'Anne bought new car. Anne is shopping. ', false, 44.58, false, 26 );
INSERT INTO host ( `HostID`, `Host_Since`, `About`, `HostingAvailability`, `ResponseRate`, `Superhost`, userid ) VALUES ( 32, '2003-10-21', 'Anne has free time. Tony is walking. John bought new car. Anne is walking. John has free time. ', false, 58.38, true, NULL );
INSERT INTO host ( `HostID`, `Host_Since`, `About`, `HostingAvailability`, `ResponseRate`, `Superhost`, userid ) VALUES ( 33, '2000-01-10', 'Tony is shopping. Tony is shopping. ', true, NULL, false, 33 );
INSERT INTO host ( `HostID`, `Host_Since`, `About`, `HostingAvailability`, `ResponseRate`, `Superhost`, userid ) VALUES ( 34, NULL, 'Tony bought new car. John is walking. Tony bought new car. ', NULL, 98.09, false, 30 );
INSERT INTO host ( `HostID`, `Host_Since`, `About`, `HostingAvailability`, `ResponseRate`, `Superhost`, userid ) VALUES ( 35, '2003-03-22', NULL, true, 49.91, true, 61 );
INSERT INTO host ( `HostID`, `Host_Since`, `About`, `HostingAvailability`, `ResponseRate`, `Superhost`, userid ) VALUES ( 36, '2003-07-24', 'Anne is shopping. John is shopping. John bought new car. John has free time. ', true, 85.03, true, 70 );
INSERT INTO host ( `HostID`, `Host_Since`, `About`, `HostingAvailability`, `ResponseRate`, `Superhost`, userid ) VALUES ( 37, '2010-10-22', 'Anne bought new car. Tony is walking. Tony is shopping. John is shopping. Anne bought new car. ', true, 82.56, false, NULL );
INSERT INTO host ( `HostID`, `Host_Since`, `About`, `HostingAvailability`, `ResponseRate`, `Superhost`, userid ) VALUES ( 38, '2019-06-23', NULL, true, 46.89, true, 87 );
INSERT INTO host ( `HostID`, `Host_Since`, `About`, `HostingAvailability`, `ResponseRate`, `Superhost`, userid ) VALUES ( 39, '2004-11-27', 'John bought new car. Anne is walking. John has free time. Anne is shopping. John has free time. ', true, 65.13, false, 14 );
INSERT INTO host ( `HostID`, `Host_Since`, `About`, `HostingAvailability`, `ResponseRate`, `Superhost`, userid ) VALUES ( 40, '2007-11-21', NULL, false, 62.05, NULL, 45 );
INSERT INTO host ( `HostID`, `Host_Since`, `About`, `HostingAvailability`, `ResponseRate`, `Superhost`, userid ) VALUES ( 41, '2004-05-08', 'Tony is shopping. Anne is shopping. Anne bought new car. Tony is shopping. Anne has free time. ', true, NULL, false, NULL );
INSERT INTO host ( `HostID`, `Host_Since`, `About`, `HostingAvailability`, `ResponseRate`, `Superhost`, userid ) VALUES ( 42, '2008-08-21', 'John bought new car. John is walking. Anne has free time. Anne has free time. Anne is walking. ', true, 96.57, false, 88 );
INSERT INTO host ( `HostID`, `Host_Since`, `About`, `HostingAvailability`, `ResponseRate`, `Superhost`, userid ) VALUES ( 43, '2004-08-30', 'Anne has free time. Anne bought new car. John has free time. John has free time. John has free time. ', NULL, 82.89, false, 15 );
INSERT INTO host ( `HostID`, `Host_Since`, `About`, `HostingAvailability`, `ResponseRate`, `Superhost`, userid ) VALUES ( 44, '2017-10-18', NULL, true, 9.04, true, 50 );
INSERT INTO host ( `HostID`, `Host_Since`, `About`, `HostingAvailability`, `ResponseRate`, `Superhost`, userid ) VALUES ( 45, '2000-10-07', 'Anne has free time. Anne bought new car. ', false, 30.13, true, 72 );
INSERT INTO host ( `HostID`, `Host_Since`, `About`, `HostingAvailability`, `ResponseRate`, `Superhost`, userid ) VALUES ( 46, '2011-11-06', 'John bought new car. Tony bought new car. John bought new car. Tony has free time. John has free time. ', true, 78.23, true, 23 );
INSERT INTO host ( `HostID`, `Host_Since`, `About`, `HostingAvailability`, `ResponseRate`, `Superhost`, userid ) VALUES ( 47, '2013-02-07', 'Tony has free time. Anne is walking. John bought new car. John is shopping. Tony has free time. ', true, 37.17, false, 2 );
INSERT INTO host ( `HostID`, `Host_Since`, `About`, `HostingAvailability`, `ResponseRate`, `Superhost`, userid ) VALUES ( 48, '2002-05-25', 'Anne bought new car. Tony is walking. ', false, 40.63, NULL, 37 );
INSERT INTO host ( `HostID`, `Host_Since`, `About`, `HostingAvailability`, `ResponseRate`, `Superhost`, userid ) VALUES ( 49, '2013-01-18', 'Anne is walking. John is shopping. John is shopping. John has free time. Tony has free time. ', false, 67.0, true, 56 );
INSERT INTO host ( `HostID`, `Host_Since`, `About`, `HostingAvailability`, `ResponseRate`, `Superhost`, userid ) VALUES ( 50, '2019-09-08', 'John bought new car. Tony bought new car. Tony bought new car. Tony has free time. John bought new car. ', true, 78.11, true, 92 );
INSERT INTO host ( `HostID`, `Host_Since`, `About`, `HostingAvailability`, `ResponseRate`, `Superhost`, userid ) VALUES ( 51, '2004-02-19', 'Anne bought new car. Tony is walking. Anne bought new car. Anne has free time. Tony bought new car. ', NULL, 44.46, false, 97 );
INSERT INTO host ( `HostID`, `Host_Since`, `About`, `HostingAvailability`, `ResponseRate`, `Superhost`, userid ) VALUES ( 52, '2007-06-29', 'Tony bought new car. Anne bought new car. John is walking. John has free time. Anne bought new car. ', true, NULL, true, 84 );
INSERT INTO host ( `HostID`, `Host_Since`, `About`, `HostingAvailability`, `ResponseRate`, `Superhost`, userid ) VALUES ( 53, '2009-04-07', 'Anne bought new car. John has free time. Tony is walking. Anne bought new car. Tony is shopping. ', NULL, 24.47, true, 67 );
INSERT INTO host ( `HostID`, `Host_Since`, `About`, `HostingAvailability`, `ResponseRate`, `Superhost`, userid ) VALUES ( 54, '2006-09-03', 'Anne is walking. John bought new car. ', false, NULL, false, 36 );
INSERT INTO host ( `HostID`, `Host_Since`, `About`, `HostingAvailability`, `ResponseRate`, `Superhost`, userid ) VALUES ( 55, '2008-11-11', 'Tony bought new car. John is shopping. ', false, 14.67, true, 81 );
INSERT INTO host ( `HostID`, `Host_Since`, `About`, `HostingAvailability`, `ResponseRate`, `Superhost`, userid ) VALUES ( 56, NULL, 'Anne is walking. Tony has free time. John has free time. John has free time. John has free time. ', true, 26.79, true, 48 );
INSERT INTO host ( `HostID`, `Host_Since`, `About`, `HostingAvailability`, `ResponseRate`, `Superhost`, userid ) VALUES ( 57, '2003-09-02', 'John bought new car. Tony is shopping. Tony bought new car. Tony has free time. Tony is walking. ', true, 97.01, false, 75 );
INSERT INTO host ( `HostID`, `Host_Since`, `About`, `HostingAvailability`, `ResponseRate`, `Superhost`, userid ) VALUES ( 58, '2012-09-26', 'Tony bought new car. Anne is walking. Anne bought new car. Tony has free time. John is walking. ', true, 7.5, false, 24 );
INSERT INTO host ( `HostID`, `Host_Since`, `About`, `HostingAvailability`, `ResponseRate`, `Superhost`, userid ) VALUES ( 59, '2005-07-23', 'Tony has free time. John is shopping. Anne bought new car. ', NULL, 75.9, true, 62 );
INSERT INTO host ( `HostID`, `Host_Since`, `About`, `HostingAvailability`, `ResponseRate`, `Superhost`, userid ) VALUES ( 60, '2006-10-26', 'Tony is shopping. Anne has free time. Tony bought new car. John has free time. Tony has free time. ', NULL, 92.22, false, 36 );
INSERT INTO host ( `HostID`, `Host_Since`, `About`, `HostingAvailability`, `ResponseRate`, `Superhost`, userid ) VALUES ( 61, '2005-04-25', NULL, true, 92.8, false, 5 );
INSERT INTO host ( `HostID`, `Host_Since`, `About`, `HostingAvailability`, `ResponseRate`, `Superhost`, userid ) VALUES ( 62, '2002-05-02', 'Anne bought new car. Tony is shopping. ', false, 24.39, false, 8 );
INSERT INTO host ( `HostID`, `Host_Since`, `About`, `HostingAvailability`, `ResponseRate`, `Superhost`, userid ) VALUES ( 63, '2002-09-26', 'Anne is walking. Tony is walking. Tony bought new car. Tony bought new car. John has free time. ', true, 53.41, false, 8 );
INSERT INTO host ( `HostID`, `Host_Since`, `About`, `HostingAvailability`, `ResponseRate`, `Superhost`, userid ) VALUES ( 64, '2010-12-03', 'Anne is shopping. Anne is shopping. Tony bought new car. John bought new car. Tony has free time. ', false, 79.26, true, 18 );
INSERT INTO host ( `HostID`, `Host_Since`, `About`, `HostingAvailability`, `ResponseRate`, `Superhost`, userid ) VALUES ( 65, '2009-11-22', 'Anne is walking. John bought new car. Tony bought new car. John has free time. Tony is walking. ', true, 9.68, false, 70 );
INSERT INTO host ( `HostID`, `Host_Since`, `About`, `HostingAvailability`, `ResponseRate`, `Superhost`, userid ) VALUES ( 66, '2000-04-22', 'Tony is walking. Anne bought new car. John bought new car. Tony bought new car. John has free time. ', false, 79.99, true, 37 );
INSERT INTO host ( `HostID`, `Host_Since`, `About`, `HostingAvailability`, `ResponseRate`, `Superhost`, userid ) VALUES ( 67, '2007-03-07', 'Anne bought new car. Tony has free time. John has free time. John has free time. John has free time. ', false, 17.06, false, 39 );
INSERT INTO host ( `HostID`, `Host_Since`, `About`, `HostingAvailability`, `ResponseRate`, `Superhost`, userid ) VALUES ( 68, '2004-11-06', NULL, true, 47.54, true, 38 );
INSERT INTO host ( `HostID`, `Host_Since`, `About`, `HostingAvailability`, `ResponseRate`, `Superhost`, userid ) VALUES ( 69, '2016-01-09', 'Tony bought new car. John is shopping. John bought new car. John bought new car. Anne has free time. ', true, 72.68, false, 13 );
INSERT INTO host ( `HostID`, `Host_Since`, `About`, `HostingAvailability`, `ResponseRate`, `Superhost`, userid ) VALUES ( 70, '2002-03-13', 'Anne is shopping. John is shopping. Tony has free time. Tony is shopping. Tony is shopping. ', false, 42.96, false, 50 );
INSERT INTO host ( `HostID`, `Host_Since`, `About`, `HostingAvailability`, `ResponseRate`, `Superhost`, userid ) VALUES ( 71, '2010-05-17', 'Anne bought new car. Tony bought new car. ', true, 30.1, false, 46 );
INSERT INTO host ( `HostID`, `Host_Since`, `About`, `HostingAvailability`, `ResponseRate`, `Superhost`, userid ) VALUES ( 72, '2010-07-14', 'John bought new car. Tony is walking. Anne bought new car. Anne bought new car. Tony has free time. ', false, 63.3, false, 48 );
INSERT INTO host ( `HostID`, `Host_Since`, `About`, `HostingAvailability`, `ResponseRate`, `Superhost`, userid ) VALUES ( 73, '2007-03-15', 'Anne bought new car. Tony is walking. John bought new car. ', false, 28.85, true, NULL );
INSERT INTO host ( `HostID`, `Host_Since`, `About`, `HostingAvailability`, `ResponseRate`, `Superhost`, userid ) VALUES ( 74, '2008-11-06', 'Tony bought new car. Anne bought new car. John bought new car. ', true, 84.34, true, 36 );
INSERT INTO host ( `HostID`, `Host_Since`, `About`, `HostingAvailability`, `ResponseRate`, `Superhost`, userid ) VALUES ( 75, '2013-12-28', 'Anne bought new car. Anne is shopping. Tony bought new car. John has free time. Anne has free time. ', true, 26.9, false, NULL );
INSERT INTO host ( `HostID`, `Host_Since`, `About`, `HostingAvailability`, `ResponseRate`, `Superhost`, userid ) VALUES ( 76, '2003-06-27', 'Tony bought new car. Anne has free time. Tony is shopping. John has free time. John is walking. ', true, 27.88, false, 39 );
INSERT INTO host ( `HostID`, `Host_Since`, `About`, `HostingAvailability`, `ResponseRate`, `Superhost`, userid ) VALUES ( 77, '2013-12-28', 'Anne has free time. Anne bought new car. Anne bought new car. John has free time. John is walking. ', true, 57.72, false, 23 );
INSERT INTO host ( `HostID`, `Host_Since`, `About`, `HostingAvailability`, `ResponseRate`, `Superhost`, userid ) VALUES ( 78, '2018-07-31', 'Tony bought new car. Tony has free time. John bought new car. Tony has free time. John has free time. ', false, 37.77, false, 39 );
INSERT INTO host ( `HostID`, `Host_Since`, `About`, `HostingAvailability`, `ResponseRate`, `Superhost`, userid ) VALUES ( 79, '2014-10-12', 'Tony bought new car. Anne is shopping. Anne bought new car. Anne has free time. John has free time. ', true, 49.14, true, 37 );
INSERT INTO host ( `HostID`, `Host_Since`, `About`, `HostingAvailability`, `ResponseRate`, `Superhost`, userid ) VALUES ( 80, '2001-10-20', 'John bought new car. Tony has free time. Tony bought new car. John is walking. John is shopping. ', true, 68.59, true, 12 );
INSERT INTO host ( `HostID`, `Host_Since`, `About`, `HostingAvailability`, `ResponseRate`, `Superhost`, userid ) VALUES ( 81, '2008-09-30', 'Anne has free time. Anne bought new car. John bought new car. Tony has free time. Tony bought new car. ', NULL, NULL, false, 46 );
INSERT INTO host ( `HostID`, `Host_Since`, `About`, `HostingAvailability`, `ResponseRate`, `Superhost`, userid ) VALUES ( 82, '2006-06-01', 'Tony bought new car. Anne is walking. Tony bought new car. Tony has free time. Anne has free time. ', true, 19.55, false, 23 );
INSERT INTO host ( `HostID`, `Host_Since`, `About`, `HostingAvailability`, `ResponseRate`, `Superhost`, userid ) VALUES ( 83, NULL, 'Anne is shopping. Anne bought new car. Tony bought new car. Anne has free time. John has free time. ', true, 98.62, true, NULL );
INSERT INTO host ( `HostID`, `Host_Since`, `About`, `HostingAvailability`, `ResponseRate`, `Superhost`, userid ) VALUES ( 84, '2012-08-15', 'John has free time. John is walking. Tony is shopping. John has free time. Tony is shopping. ', false, 34.18, false, 70 );
INSERT INTO host ( `HostID`, `Host_Since`, `About`, `HostingAvailability`, `ResponseRate`, `Superhost`, userid ) VALUES ( 85, '2004-02-28', 'John has free time. Tony bought new car. Anne bought new car. ', NULL, 55.87, false, 41 );
INSERT INTO host ( `HostID`, `Host_Since`, `About`, `HostingAvailability`, `ResponseRate`, `Superhost`, userid ) VALUES ( 86, '2017-08-10', 'Tony has free time. Tony bought new car. John bought new car. John has free time. Tony bought new car. ', true, 19.99, NULL, NULL );
INSERT INTO host ( `HostID`, `Host_Since`, `About`, `HostingAvailability`, `ResponseRate`, `Superhost`, userid ) VALUES ( 87, '2014-02-20', 'Anne bought new car. Anne is walking. Tony bought new car. Tony has free time. Tony has free time. ', false, NULL, true, 63 );
INSERT INTO host ( `HostID`, `Host_Since`, `About`, `HostingAvailability`, `ResponseRate`, `Superhost`, userid ) VALUES ( 88, '2014-06-20', 'Tony has free time. Anne is walking. ', true, 85.42, true, 41 );
INSERT INTO host ( `HostID`, `Host_Since`, `About`, `HostingAvailability`, `ResponseRate`, `Superhost`, userid ) VALUES ( 89, '2010-03-10', 'Anne is shopping. Anne bought new car. Tony has free time. Tony has free time. ', false, 6.6, true, NULL );
INSERT INTO host ( `HostID`, `Host_Since`, `About`, `HostingAvailability`, `ResponseRate`, `Superhost`, userid ) VALUES ( 90, NULL, 'Anne bought new car. Anne is shopping. John is walking. Tony bought new car. John is walking. ', true, 26.15, true, 36 );
INSERT INTO host ( `HostID`, `Host_Since`, `About`, `HostingAvailability`, `ResponseRate`, `Superhost`, userid ) VALUES ( 91, '2002-10-16', 'John bought new car. Anne bought new car. Tony is shopping. John has free time. Tony is shopping. ', false, 28.1, true, 16 );
INSERT INTO host ( `HostID`, `Host_Since`, `About`, `HostingAvailability`, `ResponseRate`, `Superhost`, userid ) VALUES ( 92, '2011-12-07', 'John bought new car. Anne bought new car. John is shopping. John has free time. Anne has free time. ', false, 95.36, false, 97 );
INSERT INTO host ( `HostID`, `Host_Since`, `About`, `HostingAvailability`, `ResponseRate`, `Superhost`, userid ) VALUES ( 93, '2018-12-11', 'Anne bought new car. Tony bought new car. Tony bought new car. John is shopping. John bought new car. ', false, 86.58, false, 99 );
INSERT INTO host ( `HostID`, `Host_Since`, `About`, `HostingAvailability`, `ResponseRate`, `Superhost`, userid ) VALUES ( 94, '2010-03-10', 'Tony is shopping. Anne is walking. John has free time. John is walking. Anne is shopping. ', true, 81.12, false, 88 );
INSERT INTO host ( `HostID`, `Host_Since`, `About`, `HostingAvailability`, `ResponseRate`, `Superhost`, userid ) VALUES ( 95, '2013-01-31', 'Tony is shopping. Anne is shopping. John has free time. John has free time. Tony has free time. ', false, 59.83, false, 72 );
INSERT INTO host ( `HostID`, `Host_Since`, `About`, `HostingAvailability`, `ResponseRate`, `Superhost`, userid ) VALUES ( 96, '2014-02-26', 'Anne bought new car. John bought new car. ', true, 92.67, false, 97 );
INSERT INTO host ( `HostID`, `Host_Since`, `About`, `HostingAvailability`, `ResponseRate`, `Superhost`, userid ) VALUES ( 97, '2005-04-26', 'Anne is shopping. John is walking. Anne is walking. John is walking. Tony has free time. ', true, 71.52, true, 35 );
INSERT INTO host ( `HostID`, `Host_Since`, `About`, `HostingAvailability`, `ResponseRate`, `Superhost`, userid ) VALUES ( 98, NULL, 'John has free time. John bought new car. ', true, 68.07, true, 35 );
INSERT INTO host ( `HostID`, `Host_Since`, `About`, `HostingAvailability`, `ResponseRate`, `Superhost`, userid ) VALUES ( 99, NULL, 'Tony bought new car. John is walking. Anne has free time. Tony bought new car. Tony is shopping. ', true, 76.33, true, 29 );
INSERT INTO host ( `HostID`, `Host_Since`, `About`, `HostingAvailability`, `ResponseRate`, `Superhost`, userid ) VALUES ( 100, '2011-10-26', 'Tony is walking. Tony is shopping. John bought new car. Tony is shopping. Anne has free time. ', true, NULL, false, 18 );
INSERT INTO host ( `HostID`, `Host_Since`, `About`, `HostingAvailability`, `ResponseRate`, `Superhost`, userid ) VALUES ( 101, NULL, 'John is walking. Anne bought new car. Tony is shopping. John is shopping. Tony has free time. ', false, 9.93, true, 40 );
INSERT INTO host ( `HostID`, `Host_Since`, `About`, `HostingAvailability`, `ResponseRate`, `Superhost`, userid ) VALUES ( 102, '2011-10-30', 'Anne is shopping. John is shopping. John has free time. John bought new car. John has free time. ', true, NULL, false, 68 );
INSERT INTO host ( `HostID`, `Host_Since`, `About`, `HostingAvailability`, `ResponseRate`, `Superhost`, userid ) VALUES ( 103, '2001-06-17', 'Anne is shopping. John is walking. ', true, 8.73, true, 63 );
INSERT INTO host ( `HostID`, `Host_Since`, `About`, `HostingAvailability`, `ResponseRate`, `Superhost`, userid ) VALUES ( 104, '2001-06-24', NULL, false, 32.13, true, NULL );
INSERT INTO host ( `HostID`, `Host_Since`, `About`, `HostingAvailability`, `ResponseRate`, `Superhost`, userid ) VALUES ( 105, '2013-08-06', 'Tony has free time. John is walking. ', true, 11.2, true, 36 );
INSERT INTO host ( `HostID`, `Host_Since`, `About`, `HostingAvailability`, `ResponseRate`, `Superhost`, userid ) VALUES ( 106, '2005-08-07', 'John bought new car. John is shopping. Tony bought new car. ', false, 15.95, true, 90 );
INSERT INTO host ( `HostID`, `Host_Since`, `About`, `HostingAvailability`, `ResponseRate`, `Superhost`, userid ) VALUES ( 107, '2012-01-30', 'Tony is walking. Tony is walking. Anne is shopping. ', true, 87.01, false, NULL );
INSERT INTO host ( `HostID`, `Host_Since`, `About`, `HostingAvailability`, `ResponseRate`, `Superhost`, userid ) VALUES ( 108, '2016-12-28', 'Anne is walking. Anne bought new car. Tony is shopping. Tony bought new car. Tony bought new car. ', true, 29.7, false, 50 );
INSERT INTO host ( `HostID`, `Host_Since`, `About`, `HostingAvailability`, `ResponseRate`, `Superhost`, userid ) VALUES ( 109, '2007-01-28', 'Anne bought new car. John is walking. ', false, 34.93, false, NULL );
INSERT INTO host ( `HostID`, `Host_Since`, `About`, `HostingAvailability`, `ResponseRate`, `Superhost`, userid ) VALUES ( 110, '2011-12-22', 'Tony is walking. Anne has free time. ', false, 80.58, true, 45 );
INSERT INTO host ( `HostID`, `Host_Since`, `About`, `HostingAvailability`, `ResponseRate`, `Superhost`, userid ) VALUES ( 111, '2005-11-03', 'Tony bought new car. John is walking. Tony is shopping. Anne has free time. ', false, 76.54, false, 17 );
INSERT INTO host ( `HostID`, `Host_Since`, `About`, `HostingAvailability`, `ResponseRate`, `Superhost`, userid ) VALUES ( 112, NULL, 'Anne has free time. Tony is shopping. Tony is shopping. Tony bought new car. Tony has free time. ', NULL, 54.2, true, 72 );
INSERT INTO host ( `HostID`, `Host_Since`, `About`, `HostingAvailability`, `ResponseRate`, `Superhost`, userid ) VALUES ( 113, '2016-07-07', 'Anne bought new car. Anne is shopping. Anne bought new car. ', false, 98.17, false, 29 );
INSERT INTO host ( `HostID`, `Host_Since`, `About`, `HostingAvailability`, `ResponseRate`, `Superhost`, userid ) VALUES ( 114, '2010-10-18', 'Tony bought new car. Anne is shopping. John bought new car. John is shopping. ', true, 6.54, true, 16 );
INSERT INTO host ( `HostID`, `Host_Since`, `About`, `HostingAvailability`, `ResponseRate`, `Superhost`, userid ) VALUES ( 115, '2012-11-01', 'Anne bought new car. Anne has free time. John is shopping. John has free time. Tony is walking. ', false, NULL, true, 50 );
INSERT INTO host ( `HostID`, `Host_Since`, `About`, `HostingAvailability`, `ResponseRate`, `Superhost`, userid ) VALUES ( 116, '2019-05-31', 'Anne bought new car. Tony has free time. John bought new car. Tony is shopping. Tony is walking. ', false, 1.35, true, 18 );
INSERT INTO host ( `HostID`, `Host_Since`, `About`, `HostingAvailability`, `ResponseRate`, `Superhost`, userid ) VALUES ( 117, '2017-04-07', 'Anne bought new car. Anne is walking. Tony has free time. John has free time. Anne has free time. ', false, 51.95, NULL, 60 );
INSERT INTO host ( `HostID`, `Host_Since`, `About`, `HostingAvailability`, `ResponseRate`, `Superhost`, userid ) VALUES ( 118, '2015-10-26', NULL, false, 80.39, false, 14 );
INSERT INTO host ( `HostID`, `Host_Since`, `About`, `HostingAvailability`, `ResponseRate`, `Superhost`, userid ) VALUES ( 119, '2016-11-15', 'Tony is walking. Tony has free time. ', NULL, 94.74, true, 98 );
INSERT INTO host ( `HostID`, `Host_Since`, `About`, `HostingAvailability`, `ResponseRate`, `Superhost`, userid ) VALUES ( 120, NULL, 'Anne is shopping. Anne has free time. John is walking. Tony has free time. John bought new car. ', true, 4.17, true, 62 );
INSERT INTO host ( `HostID`, `Host_Since`, `About`, `HostingAvailability`, `ResponseRate`, `Superhost`, userid ) VALUES ( 121, '2009-02-25', 'Tony bought new car. Tony is shopping. John is shopping. Tony has free time. John is walking. ', NULL, NULL, false, 11 );
INSERT INTO host ( `HostID`, `Host_Since`, `About`, `HostingAvailability`, `ResponseRate`, `Superhost`, userid ) VALUES ( 122, '2017-04-01', 'Anne bought new car. Tony is walking. Anne bought new car. John has free time. John is walking. ', false, 35.13, false, 45 );
INSERT INTO host ( `HostID`, `Host_Since`, `About`, `HostingAvailability`, `ResponseRate`, `Superhost`, userid ) VALUES ( 123, '2018-01-14', 'John is shopping. Anne bought new car. Tony has free time. Tony has free time. ', true, 4.17, true, 22 );
INSERT INTO host ( `HostID`, `Host_Since`, `About`, `HostingAvailability`, `ResponseRate`, `Superhost`, userid ) VALUES ( 124, NULL, 'Anne bought new car. John is shopping. Anne bought new car. Tony is shopping. ', false, 5.34, NULL, 78 );
INSERT INTO host ( `HostID`, `Host_Since`, `About`, `HostingAvailability`, `ResponseRate`, `Superhost`, userid ) VALUES ( 125, NULL, 'Anne bought new car. Anne has free time. Tony is walking. Tony has free time. ', false, 6.67, NULL, 43 );
INSERT INTO host ( `HostID`, `Host_Since`, `About`, `HostingAvailability`, `ResponseRate`, `Superhost`, userid ) VALUES ( 126, '2015-04-11', 'Anne bought new car. Anne has free time. Anne bought new car. John bought new car. Anne is shopping. ', false, NULL, true, 35 );
INSERT INTO host ( `HostID`, `Host_Since`, `About`, `HostingAvailability`, `ResponseRate`, `Superhost`, userid ) VALUES ( 127, '2008-07-21', 'John has free time. Anne is shopping. Tony bought new car. Anne has free time. Anne has free time. ', true, 96.99, false, 84 );
INSERT INTO host ( `HostID`, `Host_Since`, `About`, `HostingAvailability`, `ResponseRate`, `Superhost`, userid ) VALUES ( 128, '2019-12-26', 'Anne has free time. Anne has free time. John bought new car. Tony is walking. John has free time. ', true, NULL, true, 8 );
INSERT INTO host ( `HostID`, `Host_Since`, `About`, `HostingAvailability`, `ResponseRate`, `Superhost`, userid ) VALUES ( 129, '2001-03-28', 'Anne is shopping. Anne has free time. Anne has free time. Tony bought new car. Tony has free time. ', true, 58.29, false, 42 );
INSERT INTO host ( `HostID`, `Host_Since`, `About`, `HostingAvailability`, `ResponseRate`, `Superhost`, userid ) VALUES ( 130, '2011-09-23', 'Anne is shopping. Anne has free time. ', NULL, 85.08, true, 10 );
INSERT INTO host ( `HostID`, `Host_Since`, `About`, `HostingAvailability`, `ResponseRate`, `Superhost`, userid ) VALUES ( 131, '2011-05-07', 'Anne is walking. Anne is shopping. Anne bought new car. Tony has free time. ', NULL, NULL, NULL, 4 );
INSERT INTO host ( `HostID`, `Host_Since`, `About`, `HostingAvailability`, `ResponseRate`, `Superhost`, userid ) VALUES ( 132, '2013-03-29', 'Anne bought new car. Anne has free time. ', true, 64.7, true, NULL );
INSERT INTO host ( `HostID`, `Host_Since`, `About`, `HostingAvailability`, `ResponseRate`, `Superhost`, userid ) VALUES ( 133, '2018-02-22', 'Tony bought new car. Tony bought new car. ', true, 30.92, NULL, 27 );
INSERT INTO host ( `HostID`, `Host_Since`, `About`, `HostingAvailability`, `ResponseRate`, `Superhost`, userid ) VALUES ( 134, '2004-12-05', 'Tony is walking. Anne bought new car. Anne has free time. John has free time. John has free time. ', NULL, 13.97, false, 51 );
INSERT INTO host ( `HostID`, `Host_Since`, `About`, `HostingAvailability`, `ResponseRate`, `Superhost`, userid ) VALUES ( 135, '2004-12-20', 'John bought new car. John has free time. Tony bought new car. Anne has free time. Anne has free time. ', true, 45.83, false, 88 );
INSERT INTO host ( `HostID`, `Host_Since`, `About`, `HostingAvailability`, `ResponseRate`, `Superhost`, userid ) VALUES ( 136, '2014-02-19', 'Tony bought new car. Tony is shopping. Tony bought new car. Anne has free time. John has free time. ', true, 6.16, true, 38 );
INSERT INTO host ( `HostID`, `Host_Since`, `About`, `HostingAvailability`, `ResponseRate`, `Superhost`, userid ) VALUES ( 137, '2006-10-03', 'John is shopping. Anne is walking. Anne has free time. Anne has free time. John bought new car. ', NULL, 39.64, true, 98 );
INSERT INTO host ( `HostID`, `Host_Since`, `About`, `HostingAvailability`, `ResponseRate`, `Superhost`, userid ) VALUES ( 138, '2012-02-23', NULL, true, 6.31, true, 58 );
INSERT INTO host ( `HostID`, `Host_Since`, `About`, `HostingAvailability`, `ResponseRate`, `Superhost`, userid ) VALUES ( 139, '2006-04-23', 'Tony has free time. Anne is shopping. Tony bought new car. Tony has free time. John is shopping. ', true, 38.7, false, 81 );
INSERT INTO host ( `HostID`, `Host_Since`, `About`, `HostingAvailability`, `ResponseRate`, `Superhost`, userid ) VALUES ( 140, '2000-06-27', 'Tony is shopping. Anne has free time. Tony has free time. Tony bought new car. ', true, 57.37, false, 30 );
INSERT INTO host ( `HostID`, `Host_Since`, `About`, `HostingAvailability`, `ResponseRate`, `Superhost`, userid ) VALUES ( 141, '2009-01-07', 'Tony bought new car. John is walking. Tony is shopping. ', true, 44.89, false, 27 );
INSERT INTO host ( `HostID`, `Host_Since`, `About`, `HostingAvailability`, `ResponseRate`, `Superhost`, userid ) VALUES ( 142, '2007-05-20', 'John is shopping. Anne is walking. John bought new car. ', true, 48.8, false, 42 );
INSERT INTO host ( `HostID`, `Host_Since`, `About`, `HostingAvailability`, `ResponseRate`, `Superhost`, userid ) VALUES ( 143, '2009-04-11', 'Anne bought new car. Anne is walking. Tony is shopping. John has free time. John has free time. ', false, 46.34, false, 17 );
INSERT INTO host ( `HostID`, `Host_Since`, `About`, `HostingAvailability`, `ResponseRate`, `Superhost`, userid ) VALUES ( 144, '2003-07-18', 'Anne has free time. Anne is shopping. ', true, 98.43, false, 16 );
INSERT INTO host ( `HostID`, `Host_Since`, `About`, `HostingAvailability`, `ResponseRate`, `Superhost`, userid ) VALUES ( 145, NULL, 'John is walking. Anne is walking. Tony bought new car. Anne bought new car. Tony is shopping. ', false, 67.16, true, 22 );
INSERT INTO host ( `HostID`, `Host_Since`, `About`, `HostingAvailability`, `ResponseRate`, `Superhost`, userid ) VALUES ( 146, '2016-06-26', 'Anne bought new car. Tony has free time. Tony bought new car. Tony has free time. Anne bought new car. ', NULL, 59.27, NULL, 71 );
INSERT INTO host ( `HostID`, `Host_Since`, `About`, `HostingAvailability`, `ResponseRate`, `Superhost`, userid ) VALUES ( 147, '2011-07-20', 'John is walking. Anne has free time. John has free time. John has free time. Tony bought new car. ', false, 32.96, false, 55 );
INSERT INTO host ( `HostID`, `Host_Since`, `About`, `HostingAvailability`, `ResponseRate`, `Superhost`, userid ) VALUES ( 148, '2018-04-26', 'John has free time. Tony is walking. ', true, 20.98, false, 54 );
INSERT INTO host ( `HostID`, `Host_Since`, `About`, `HostingAvailability`, `ResponseRate`, `Superhost`, userid ) VALUES ( 149, '2014-07-03', 'Anne has free time. John has free time. John is walking. ', false, 87.4, true, 65 );
INSERT INTO hostlanguages ( `LanguageName`, `HostID` ) VALUES ( 'Johanna', 109 );
INSERT INTO hostlanguages ( `LanguageName`, `HostID` ) VALUES ( 'Alex', 15 );
INSERT INTO hostlanguages ( `LanguageName`, `HostID` ) VALUES ( 'Salvatore', 61 );
INSERT INTO hostlanguages ( `LanguageName`, `HostID` ) VALUES ( 'Clarissa', 61 );
INSERT INTO hostlanguages ( `LanguageName`, `HostID` ) VALUES ( 'Chad', 31 );
INSERT INTO hostlanguages ( `LanguageName`, `HostID` ) VALUES ( 'Wendy', 5 );
INSERT INTO hostlanguages ( `LanguageName`, `HostID` ) VALUES ( 'Brendan', 49 );
INSERT INTO hostlanguages ( `LanguageName`, `HostID` ) VALUES ( 'Isaac', 98 );
INSERT INTO hostlanguages ( `LanguageName`, `HostID` ) VALUES ( 'Johanna', 145 );
INSERT INTO hostlanguages ( `LanguageName`, `HostID` ) VALUES ( 'Roberto', 106 );
INSERT INTO hostlanguages ( `LanguageName`, `HostID` ) VALUES ( 'Ellen', 0 );
INSERT INTO hostlanguages ( `LanguageName`, `HostID` ) VALUES ( 'Lorraine', 22 );
INSERT INTO hostlanguages ( `LanguageName`, `HostID` ) VALUES ( 'Henry', 144 );
INSERT INTO hostlanguages ( `LanguageName`, `HostID` ) VALUES ( 'Adrian', 23 );
INSERT INTO hostlanguages ( `LanguageName`, `HostID` ) VALUES ( 'Nina', 140 );
INSERT INTO hostlanguages ( `LanguageName`, `HostID` ) VALUES ( 'Elisa', 83 );
INSERT INTO hostlanguages ( `LanguageName`, `HostID` ) VALUES ( 'Sherrie', 142 );
INSERT INTO hostlanguages ( `LanguageName`, `HostID` ) VALUES ( 'Rebecca', 136 );
INSERT INTO hostlanguages ( `LanguageName`, `HostID` ) VALUES ( 'Orlando', 140 );
INSERT INTO hostlanguages ( `LanguageName`, `HostID` ) VALUES ( 'Latasha', 73 );
INSERT INTO hostlanguages ( `LanguageName`, `HostID` ) VALUES ( 'Helen', 59 );
INSERT INTO hostlanguages ( `LanguageName`, `HostID` ) VALUES ( 'Allyson', 137 );
INSERT INTO hostlanguages ( `LanguageName`, `HostID` ) VALUES ( 'Neal', 52 );
INSERT INTO hostlanguages ( `LanguageName`, `HostID` ) VALUES ( 'Kirsten', 23 );
INSERT INTO hostlanguages ( `LanguageName`, `HostID` ) VALUES ( 'Margarita', 44 );
INSERT INTO hostlanguages ( `LanguageName`, `HostID` ) VALUES ( 'Tia', 55 );
INSERT INTO hostlanguages ( `LanguageName`, `HostID` ) VALUES ( 'Alissa', 75 );
INSERT INTO hostlanguages ( `LanguageName`, `HostID` ) VALUES ( 'Kerrie', 129 );
INSERT INTO hostlanguages ( `LanguageName`, `HostID` ) VALUES ( 'Jimmy', 17 );
INSERT INTO hostlanguages ( `LanguageName`, `HostID` ) VALUES ( 'Audrey', 80 );
INSERT INTO hostlanguages ( `LanguageName`, `HostID` ) VALUES ( 'Carla', 115 );
INSERT INTO hostlanguages ( `LanguageName`, `HostID` ) VALUES ( 'Stanley', 87 );
INSERT INTO hostlanguages ( `LanguageName`, `HostID` ) VALUES ( 'Seth', 98 );
INSERT INTO hostlanguages ( `LanguageName`, `HostID` ) VALUES ( 'Kristy', 6 );
INSERT INTO hostlanguages ( `LanguageName`, `HostID` ) VALUES ( 'Sherry', 23 );
INSERT INTO hostlanguages ( `LanguageName`, `HostID` ) VALUES ( 'Mary', 114 );
INSERT INTO hostlanguages ( `LanguageName`, `HostID` ) VALUES ( 'Shonda', 56 );
INSERT INTO hostlanguages ( `LanguageName`, `HostID` ) VALUES ( 'Lisa', 93 );
INSERT INTO hostlanguages ( `LanguageName`, `HostID` ) VALUES ( 'Spencer', 20 );
INSERT INTO hostlanguages ( `LanguageName`, `HostID` ) VALUES ( 'Enrique', 131 );
INSERT INTO hostlanguages ( `LanguageName`, `HostID` ) VALUES ( 'Marie', 104 );
INSERT INTO hostlanguages ( `LanguageName`, `HostID` ) VALUES ( 'Mindy', 67 );
INSERT INTO hostlanguages ( `LanguageName`, `HostID` ) VALUES ( 'Hugh', 120 );
INSERT INTO hostlanguages ( `LanguageName`, `HostID` ) VALUES ( 'Jared', 0 );
INSERT INTO hostlanguages ( `LanguageName`, `HostID` ) VALUES ( 'Ira', 0 );
INSERT INTO hostlanguages ( `LanguageName`, `HostID` ) VALUES ( 'Arnold', 127 );
INSERT INTO hostlanguages ( `LanguageName`, `HostID` ) VALUES ( 'Jeffrey', 78 );
INSERT INTO hostlanguages ( `LanguageName`, `HostID` ) VALUES ( 'Betty', 3 );
INSERT INTO hostlanguages ( `LanguageName`, `HostID` ) VALUES ( 'Donald', 111 );
INSERT INTO hostlanguages ( `LanguageName`, `HostID` ) VALUES ( 'Emma', 105 );
INSERT INTO hostlanguages ( `LanguageName`, `HostID` ) VALUES ( 'Angel', 21 );
INSERT INTO hostlanguages ( `LanguageName`, `HostID` ) VALUES ( 'Keri', 41 );
INSERT INTO hostlanguages ( `LanguageName`, `HostID` ) VALUES ( 'Noel', 72 );
INSERT INTO hostlanguages ( `LanguageName`, `HostID` ) VALUES ( 'Ron', 11 );
INSERT INTO hostlanguages ( `LanguageName`, `HostID` ) VALUES ( 'Karla', 81 );
INSERT INTO hostlanguages ( `LanguageName`, `HostID` ) VALUES ( 'Jessica', 91 );
INSERT INTO hostlanguages ( `LanguageName`, `HostID` ) VALUES ( 'Vivian', 86 );
INSERT INTO hostlanguages ( `LanguageName`, `HostID` ) VALUES ( 'Raquel', 143 );
INSERT INTO hostlanguages ( `LanguageName`, `HostID` ) VALUES ( 'Rodolfo', 30 );
INSERT INTO hostlanguages ( `LanguageName`, `HostID` ) VALUES ( 'Eli', 41 );
INSERT INTO hostlanguages ( `LanguageName`, `HostID` ) VALUES ( 'Paige', 93 );
INSERT INTO hostlanguages ( `LanguageName`, `HostID` ) VALUES ( 'Dena', 28 );
INSERT INTO hostlanguages ( `LanguageName`, `HostID` ) VALUES ( 'Salvatore', 27 );
INSERT INTO hostlanguages ( `LanguageName`, `HostID` ) VALUES ( 'Jackie', 0 );
INSERT INTO hostlanguages ( `LanguageName`, `HostID` ) VALUES ( 'Eduardo', 1 );
INSERT INTO hostlanguages ( `LanguageName`, `HostID` ) VALUES ( 'Christi', 102 );
INSERT INTO hostlanguages ( `LanguageName`, `HostID` ) VALUES ( 'Katherine', 24 );
INSERT INTO hostlanguages ( `LanguageName`, `HostID` ) VALUES ( 'Melissa', 72 );
INSERT INTO hostlanguages ( `LanguageName`, `HostID` ) VALUES ( 'Corey', 26 );
INSERT INTO hostlanguages ( `LanguageName`, `HostID` ) VALUES ( 'Guadalupe', 73 );
INSERT INTO hostlanguages ( `LanguageName`, `HostID` ) VALUES ( 'Moses', 81 );
INSERT INTO hostlanguages ( `LanguageName`, `HostID` ) VALUES ( 'Nikki', 18 );
INSERT INTO hostlanguages ( `LanguageName`, `HostID` ) VALUES ( 'Rodney', 146 );
INSERT INTO hostlanguages ( `LanguageName`, `HostID` ) VALUES ( 'Melanie', 19 );
INSERT INTO hostlanguages ( `LanguageName`, `HostID` ) VALUES ( 'Mandi', 36 );
INSERT INTO hostlanguages ( `LanguageName`, `HostID` ) VALUES ( 'Billy', 30 );
INSERT INTO hostlanguages ( `LanguageName`, `HostID` ) VALUES ( 'Kate', 59 );
INSERT INTO hostlanguages ( `LanguageName`, `HostID` ) VALUES ( 'Tami', 126 );
INSERT INTO hostlanguages ( `LanguageName`, `HostID` ) VALUES ( 'Kisha', 32 );
INSERT INTO hostlanguages ( `LanguageName`, `HostID` ) VALUES ( 'Amanda', 60 );
INSERT INTO hostlanguages ( `LanguageName`, `HostID` ) VALUES ( 'Leah', 64 );
INSERT INTO hostlanguages ( `LanguageName`, `HostID` ) VALUES ( 'Dallas', 142 );
INSERT INTO hostlanguages ( `LanguageName`, `HostID` ) VALUES ( 'Guadalupe', 34 );
INSERT INTO hostlanguages ( `LanguageName`, `HostID` ) VALUES ( 'Glenda', 78 );
INSERT INTO hostlanguages ( `LanguageName`, `HostID` ) VALUES ( 'Kristine', 133 );
INSERT INTO hostlanguages ( `LanguageName`, `HostID` ) VALUES ( 'Debbie', 58 );
INSERT INTO hostlanguages ( `LanguageName`, `HostID` ) VALUES ( 'Kent', 5 );
INSERT INTO hostlanguages ( `LanguageName`, `HostID` ) VALUES ( 'Deborah', 40 );
INSERT INTO hostlanguages ( `LanguageName`, `HostID` ) VALUES ( 'Jackie', 88 );
INSERT INTO hostlanguages ( `LanguageName`, `HostID` ) VALUES ( 'Wanda', 16 );
INSERT INTO hostlanguages ( `LanguageName`, `HostID` ) VALUES ( 'Beth', 98 );
INSERT INTO hostlanguages ( `LanguageName`, `HostID` ) VALUES ( 'Spencer', 34 );
INSERT INTO hostlanguages ( `LanguageName`, `HostID` ) VALUES ( 'Tammy', 17 );
INSERT INTO hostlanguages ( `LanguageName`, `HostID` ) VALUES ( 'Demetrius', 148 );
INSERT INTO hostlanguages ( `LanguageName`, `HostID` ) VALUES ( 'Nichole', 97 );
INSERT INTO hostlanguages ( `LanguageName`, `HostID` ) VALUES ( 'Randolph', 87 );
INSERT INTO hostlanguages ( `LanguageName`, `HostID` ) VALUES ( 'Jeff', 147 );
INSERT INTO hostlanguages ( `LanguageName`, `HostID` ) VALUES ( 'Mickey', 144 );
INSERT INTO hostlanguages ( `LanguageName`, `HostID` ) VALUES ( 'Tiffany', 31 );
INSERT INTO hostlanguages ( `LanguageName`, `HostID` ) VALUES ( 'Caleb', 39 );
INSERT INTO hostlanguages ( `LanguageName`, `HostID` ) VALUES ( 'Alicia', 56 );
INSERT INTO hostlanguages ( `LanguageName`, `HostID` ) VALUES ( 'Shirley', 54 );
INSERT INTO hostlanguages ( `LanguageName`, `HostID` ) VALUES ( 'Donnell', 69 );
INSERT INTO hostlanguages ( `LanguageName`, `HostID` ) VALUES ( 'Lakeisha', 131 );
INSERT INTO hostlanguages ( `LanguageName`, `HostID` ) VALUES ( 'Angelica', 50 );
INSERT INTO hostlanguages ( `LanguageName`, `HostID` ) VALUES ( 'Lana', 43 );
INSERT INTO hostlanguages ( `LanguageName`, `HostID` ) VALUES ( 'Alan', 66 );
INSERT INTO hostlanguages ( `LanguageName`, `HostID` ) VALUES ( 'Ralph', 7 );
INSERT INTO hostlanguages ( `LanguageName`, `HostID` ) VALUES ( 'Jesus', 75 );
INSERT INTO hostlanguages ( `LanguageName`, `HostID` ) VALUES ( 'Kimberly', 27 );
INSERT INTO hostlanguages ( `LanguageName`, `HostID` ) VALUES ( 'Lorena', 149 );
INSERT INTO hostlanguages ( `LanguageName`, `HostID` ) VALUES ( 'Jeffery', 95 );
INSERT INTO hostlanguages ( `LanguageName`, `HostID` ) VALUES ( 'Nikki', 94 );
INSERT INTO hostlanguages ( `LanguageName`, `HostID` ) VALUES ( 'Maria', 41 );
INSERT INTO hostlanguages ( `LanguageName`, `HostID` ) VALUES ( 'Jeremiah', 136 );
INSERT INTO hostlanguages ( `LanguageName`, `HostID` ) VALUES ( 'Angelina', 51 );
INSERT INTO hostlanguages ( `LanguageName`, `HostID` ) VALUES ( 'Eugene', 76 );
INSERT INTO hostlanguages ( `LanguageName`, `HostID` ) VALUES ( 'Esther', 39 );
INSERT INTO hostlanguages ( `LanguageName`, `HostID` ) VALUES ( 'Joann', 73 );
INSERT INTO hostlanguages ( `LanguageName`, `HostID` ) VALUES ( 'Mitchell', 17 );
INSERT INTO hostlanguages ( `LanguageName`, `HostID` ) VALUES ( 'April', 64 );
INSERT INTO hostlanguages ( `LanguageName`, `HostID` ) VALUES ( 'Jean', 20 );
INSERT INTO hostlanguages ( `LanguageName`, `HostID` ) VALUES ( 'Jeffery', 46 );
INSERT INTO hostlanguages ( `LanguageName`, `HostID` ) VALUES ( 'Nicole', 81 );
INSERT INTO hostlanguages ( `LanguageName`, `HostID` ) VALUES ( 'Lashonda', 107 );
INSERT INTO hostlanguages ( `LanguageName`, `HostID` ) VALUES ( 'Lorraine', 74 );
INSERT INTO hostlanguages ( `LanguageName`, `HostID` ) VALUES ( 'Myra', 144 );
INSERT INTO hostlanguages ( `LanguageName`, `HostID` ) VALUES ( 'Karrie', 2 );
INSERT INTO hostlanguages ( `LanguageName`, `HostID` ) VALUES ( 'Isabel', 31 );
INSERT INTO hostlanguages ( `LanguageName`, `HostID` ) VALUES ( 'Myron', 53 );
INSERT INTO hostlanguages ( `LanguageName`, `HostID` ) VALUES ( 'Jeannie', 25 );
INSERT INTO hostlanguages ( `LanguageName`, `HostID` ) VALUES ( 'Norma', 36 );
INSERT INTO hostlanguages ( `LanguageName`, `HostID` ) VALUES ( 'Daphne', 82 );
INSERT INTO hostlanguages ( `LanguageName`, `HostID` ) VALUES ( 'Colin', 120 );
INSERT INTO hostlanguages ( `LanguageName`, `HostID` ) VALUES ( 'Maureen', 83 );
INSERT INTO hostlanguages ( `LanguageName`, `HostID` ) VALUES ( 'Serena', 16 );
INSERT INTO hostlanguages ( `LanguageName`, `HostID` ) VALUES ( 'Mathew', 88 );
INSERT INTO hostlanguages ( `LanguageName`, `HostID` ) VALUES ( 'Marlon', 77 );
INSERT INTO hostlanguages ( `LanguageName`, `HostID` ) VALUES ( 'Rose', 118 );
INSERT INTO hostlanguages ( `LanguageName`, `HostID` ) VALUES ( 'Robyn', 79 );
INSERT INTO hostlanguages ( `LanguageName`, `HostID` ) VALUES ( 'Randal', 104 );
INSERT INTO hostlanguages ( `LanguageName`, `HostID` ) VALUES ( 'Brendan', 54 );
INSERT INTO hostlanguages ( `LanguageName`, `HostID` ) VALUES ( 'Lindsey', 30 );
INSERT INTO hostlanguages ( `LanguageName`, `HostID` ) VALUES ( 'Justin', 66 );
INSERT INTO hostlanguages ( `LanguageName`, `HostID` ) VALUES ( 'Rachel', 38 );
INSERT INTO hostlanguages ( `LanguageName`, `HostID` ) VALUES ( 'Taryn', 104 );
INSERT INTO hostlanguages ( `LanguageName`, `HostID` ) VALUES ( 'Scottie', 116 );
INSERT INTO hostlanguages ( `LanguageName`, `HostID` ) VALUES ( 'Luke', 26 );
INSERT INTO hostlanguages ( `LanguageName`, `HostID` ) VALUES ( 'Miranda', 33 );
INSERT INTO hostlanguages ( `LanguageName`, `HostID` ) VALUES ( 'Tanisha', 104 );
INSERT INTO hostlanguages ( `LanguageName`, `HostID` ) VALUES ( 'Daniel', 147 );
INSERT INTO hostlanguages ( `LanguageName`, `HostID` ) VALUES ( 'Kurt', 139 );
INSERT INTO hostlanguages ( `LanguageName`, `HostID` ) VALUES ( 'Evelyn', 120 );
INSERT INTO hostlanguages ( `LanguageName`, `HostID` ) VALUES ( 'Janet', 110 );
INSERT INTO hostlanguages ( `LanguageName`, `HostID` ) VALUES ( 'Olga', 125 );
INSERT INTO hostlanguages ( `LanguageName`, `HostID` ) VALUES ( 'Mitchell', 13 );
INSERT INTO hostlanguages ( `LanguageName`, `HostID` ) VALUES ( 'Deborah', 24 );
INSERT INTO hostlanguages ( `LanguageName`, `HostID` ) VALUES ( 'Kevin', 65 );
INSERT INTO hostlanguages ( `LanguageName`, `HostID` ) VALUES ( 'Brendan', 95 );
INSERT INTO hostlanguages ( `LanguageName`, `HostID` ) VALUES ( 'Lance', 48 );
INSERT INTO hostlanguages ( `LanguageName`, `HostID` ) VALUES ( 'Heidi', 1 );
INSERT INTO hostlanguages ( `LanguageName`, `HostID` ) VALUES ( 'Jon', 98 );
INSERT INTO hostlanguages ( `LanguageName`, `HostID` ) VALUES ( 'Ralph', 94 );
INSERT INTO hostlanguages ( `LanguageName`, `HostID` ) VALUES ( 'Barbara', 55 );
INSERT INTO hostlanguages ( `LanguageName`, `HostID` ) VALUES ( 'Joel', 31 );
INSERT INTO hostlanguages ( `LanguageName`, `HostID` ) VALUES ( 'Tyrone', 136 );
INSERT INTO hostlanguages ( `LanguageName`, `HostID` ) VALUES ( 'Orlando', 132 );
INSERT INTO hostlanguages ( `LanguageName`, `HostID` ) VALUES ( 'Leo', 45 );
INSERT INTO hostlanguages ( `LanguageName`, `HostID` ) VALUES ( 'Chester', 106 );
INSERT INTO hostlanguages ( `LanguageName`, `HostID` ) VALUES ( 'Barry', 121 );
INSERT INTO hostlanguages ( `LanguageName`, `HostID` ) VALUES ( 'Gretchen', 108 );
INSERT INTO hostlanguages ( `LanguageName`, `HostID` ) VALUES ( 'Salvador', 64 );
INSERT INTO hostlanguages ( `LanguageName`, `HostID` ) VALUES ( 'Elijah', 76 );
INSERT INTO hostlanguages ( `LanguageName`, `HostID` ) VALUES ( 'Marcella', 8 );
INSERT INTO hostlanguages ( `LanguageName`, `HostID` ) VALUES ( 'Tom', 148 );
INSERT INTO hostlanguages ( `LanguageName`, `HostID` ) VALUES ( 'Eva', 20 );
INSERT INTO hostlanguages ( `LanguageName`, `HostID` ) VALUES ( 'Arnold', 22 );
INSERT INTO hostlanguages ( `LanguageName`, `HostID` ) VALUES ( 'Lamont', 89 );
INSERT INTO hostlanguages ( `LanguageName`, `HostID` ) VALUES ( 'Gretchen', 106 );
INSERT INTO hostlanguages ( `LanguageName`, `HostID` ) VALUES ( 'Bradford', 142 );
INSERT INTO hostlanguages ( `LanguageName`, `HostID` ) VALUES ( 'Miriam', 123 );
INSERT INTO hostlanguages ( `LanguageName`, `HostID` ) VALUES ( 'Robyn', 76 );
INSERT INTO hostlanguages ( `LanguageName`, `HostID` ) VALUES ( 'Kerri', 18 );
INSERT INTO hostlanguages ( `LanguageName`, `HostID` ) VALUES ( 'Ana', 98 );
INSERT INTO hostlanguages ( `LanguageName`, `HostID` ) VALUES ( 'Krystal', 92 );
INSERT INTO hostlanguages ( `LanguageName`, `HostID` ) VALUES ( 'Melissa', 106 );
INSERT INTO hostlanguages ( `LanguageName`, `HostID` ) VALUES ( 'Irene', 72 );
INSERT INTO hostlanguages ( `LanguageName`, `HostID` ) VALUES ( 'Rolando', 39 );
INSERT INTO hostlanguages ( `LanguageName`, `HostID` ) VALUES ( 'Xavier', 14 );
INSERT INTO hostlanguages ( `LanguageName`, `HostID` ) VALUES ( 'Bonnie', 9 );
INSERT INTO hostlanguages ( `LanguageName`, `HostID` ) VALUES ( 'Ruben', 92 );
INSERT INTO hostlanguages ( `LanguageName`, `HostID` ) VALUES ( 'Jacob', 88 );
INSERT INTO hostlanguages ( `LanguageName`, `HostID` ) VALUES ( 'Jonathan', 4 );
INSERT INTO hostlanguages ( `LanguageName`, `HostID` ) VALUES ( 'Darlene', 42 );
INSERT INTO hostlanguages ( `LanguageName`, `HostID` ) VALUES ( 'Jeanne', 88 );
INSERT INTO hostlanguages ( `LanguageName`, `HostID` ) VALUES ( 'Kristy', 78 );
INSERT INTO hostlanguages ( `LanguageName`, `HostID` ) VALUES ( 'Cassandra', 10 );
INSERT INTO hostlanguages ( `LanguageName`, `HostID` ) VALUES ( 'Antonio', 38 );
INSERT INTO hostlanguages ( `LanguageName`, `HostID` ) VALUES ( 'Gilbert', 11 );
INSERT INTO hostlanguages ( `LanguageName`, `HostID` ) VALUES ( 'Arlene', 42 );
INSERT INTO hostlanguages ( `LanguageName`, `HostID` ) VALUES ( 'Robbie', 101 );
INSERT INTO hostlanguages ( `LanguageName`, `HostID` ) VALUES ( 'Candace', 96 );
INSERT INTO hostlanguages ( `LanguageName`, `HostID` ) VALUES ( 'Gena', 42 );
INSERT INTO hostlanguages ( `LanguageName`, `HostID` ) VALUES ( 'Cathy', 53 );
INSERT INTO hostlanguages ( `LanguageName`, `HostID` ) VALUES ( 'Tami', 90 );
INSERT INTO hostlanguages ( `LanguageName`, `HostID` ) VALUES ( 'Elton', 23 );
INSERT INTO hostlanguages ( `LanguageName`, `HostID` ) VALUES ( 'Kathleen', 127 );
INSERT INTO hostlanguages ( `LanguageName`, `HostID` ) VALUES ( 'Roland', 55 );
INSERT INTO hostlanguages ( `LanguageName`, `HostID` ) VALUES ( 'Antoine', 53 );
INSERT INTO hostlanguages ( `LanguageName`, `HostID` ) VALUES ( 'Lloyd', 84 );
INSERT INTO hostlanguages ( `LanguageName`, `HostID` ) VALUES ( 'Tammy', 89 );
INSERT INTO hostlanguages ( `LanguageName`, `HostID` ) VALUES ( 'Stacie', 36 );
INSERT INTO hostlanguages ( `LanguageName`, `HostID` ) VALUES ( 'Penny', 43 );
INSERT INTO hostlanguages ( `LanguageName`, `HostID` ) VALUES ( 'Calvin', 2 );
INSERT INTO hostlanguages ( `LanguageName`, `HostID` ) VALUES ( 'Tara', 131 );
INSERT INTO hostlanguages ( `LanguageName`, `HostID` ) VALUES ( 'Nathaniel', 123 );
INSERT INTO hostlanguages ( `LanguageName`, `HostID` ) VALUES ( 'Todd', 111 );
INSERT INTO hostlanguages ( `LanguageName`, `HostID` ) VALUES ( 'Clarence', 80 );
INSERT INTO hostlanguages ( `LanguageName`, `HostID` ) VALUES ( 'Marty', 63 );
INSERT INTO hostlanguages ( `LanguageName`, `HostID` ) VALUES ( 'Melody', 96 );
INSERT INTO hostlanguages ( `LanguageName`, `HostID` ) VALUES ( 'Dan', 56 );
INSERT INTO hostlanguages ( `LanguageName`, `HostID` ) VALUES ( 'Latisha', 145 );
INSERT INTO hostlanguages ( `LanguageName`, `HostID` ) VALUES ( 'Jeanne', 40 );
INSERT INTO hostlanguages ( `LanguageName`, `HostID` ) VALUES ( 'Bonnie', 129 );
INSERT INTO hostlanguages ( `LanguageName`, `HostID` ) VALUES ( 'Rachelle', 109 );
INSERT INTO messages ( `MessageID`, `Text`, `Time`, `SenderID`, `RecipientID` ) VALUES ( 0, 'Tony has free time. Anne is walking. Tony bought new car. Tony bought new car. Tony is shopping. ', '2008-09-24 15:23:41.568', 56, 90 );
INSERT INTO messages ( `MessageID`, `Text`, `Time`, `SenderID`, `RecipientID` ) VALUES ( 1, 'Tony is shopping. John has free time. Tony is walking. ', '2008-04-17 10:01:08.992', NULL, 81 );
INSERT INTO messages ( `MessageID`, `Text`, `Time`, `SenderID`, `RecipientID` ) VALUES ( 2, 'Anne has free time. Anne has free time. John is walking. John bought new car. Tony has free time. ', '2008-11-25 22:18:55.872', 6, 21 );
INSERT INTO messages ( `MessageID`, `Text`, `Time`, `SenderID`, `RecipientID` ) VALUES ( 3, 'Tony bought new car. Anne bought new car. Anne is walking. John has free time. John has free time. ', '2008-01-02 12:30:24.376', 76, 28 );
INSERT INTO messages ( `MessageID`, `Text`, `Time`, `SenderID`, `RecipientID` ) VALUES ( 4, 'Anne is walking. Anne has free time. John is shopping. Tony bought new car. Tony has free time. ', '2008-06-30 21:05:21.024', 22, NULL );
INSERT INTO messages ( `MessageID`, `Text`, `Time`, `SenderID`, `RecipientID` ) VALUES ( 5, 'John is shopping. Anne is walking. John has free time. Anne bought new car. John has free time. ', '2008-11-08 19:31:00.736', 66, 2 );
INSERT INTO messages ( `MessageID`, `Text`, `Time`, `SenderID`, `RecipientID` ) VALUES ( 6, NULL, '2008-12-26 19:56:34.688', 80, 69 );
INSERT INTO messages ( `MessageID`, `Text`, `Time`, `SenderID`, `RecipientID` ) VALUES ( 7, 'John is shopping. Tony has free time. John is walking. John bought new car. Anne has free time. ', '2008-01-13 04:22:41.728', NULL, 80 );
INSERT INTO messages ( `MessageID`, `Text`, `Time`, `SenderID`, `RecipientID` ) VALUES ( 8, NULL, '2008-11-09 16:58:39.488', NULL, 15 );
INSERT INTO messages ( `MessageID`, `Text`, `Time`, `SenderID`, `RecipientID` ) VALUES ( 9, 'Tony bought new car. Anne is shopping. Tony bought new car. ', '2008-12-03 20:43:35.808', 81, 92 );
INSERT INTO messages ( `MessageID`, `Text`, `Time`, `SenderID`, `RecipientID` ) VALUES ( 10, 'Anne bought new car. Tony bought new car. John bought new car. Tony bought new car. John has free time. ', '2008-12-27 09:30:14.912', 94, 76 );
INSERT INTO messages ( `MessageID`, `Text`, `Time`, `SenderID`, `RecipientID` ) VALUES ( 11, 'Tony is walking. Tony has free time. Anne has free time. Tony bought new car. Tony has free time. ', '2008-06-14 18:53:15.264', 15, 0 );
INSERT INTO messages ( `MessageID`, `Text`, `Time`, `SenderID`, `RecipientID` ) VALUES ( 12, 'John is shopping. John is shopping. ', '2008-03-24 13:08:19.712', 91, 73 );
INSERT INTO messages ( `MessageID`, `Text`, `Time`, `SenderID`, `RecipientID` ) VALUES ( 13, 'John bought new car. Anne is walking. Tony is shopping. Anne is walking. Tony is shopping. ', '2008-07-09 08:15:01.76', 99, 95 );
INSERT INTO messages ( `MessageID`, `Text`, `Time`, `SenderID`, `RecipientID` ) VALUES ( 14, 'John bought new car. Anne bought new car. ', '2008-01-28 08:59:19.936', NULL, 82 );
INSERT INTO messages ( `MessageID`, `Text`, `Time`, `SenderID`, `RecipientID` ) VALUES ( 15, 'John is shopping. Anne is shopping. Anne bought new car. Tony has free time. Tony has free time. ', '2008-11-03 13:19:02.656', 13, 18 );
INSERT INTO messages ( `MessageID`, `Text`, `Time`, `SenderID`, `RecipientID` ) VALUES ( 16, 'Anne is walking. Anne bought new car. Tony has free time. Tony has free time. Anne bought new car. ', '2008-09-29 00:53:49.312', 47, 32 );
INSERT INTO messages ( `MessageID`, `Text`, `Time`, `SenderID`, `RecipientID` ) VALUES ( 17, 'Anne bought new car. Anne has free time. Tony bought new car. John is walking. Tony bought new car. ', '2008-03-31 13:40:28.416', 54, 75 );
INSERT INTO messages ( `MessageID`, `Text`, `Time`, `SenderID`, `RecipientID` ) VALUES ( 18, 'Anne bought new car. Tony is walking. ', '2008-12-13 13:08:21.632', 46, 28 );
INSERT INTO messages ( `MessageID`, `Text`, `Time`, `SenderID`, `RecipientID` ) VALUES ( 19, 'Anne bought new car. Anne is walking. John is walking. Tony is shopping. ', '2008-07-21 17:11:21.984', NULL, 23 );
INSERT INTO messages ( `MessageID`, `Text`, `Time`, `SenderID`, `RecipientID` ) VALUES ( 20, 'Anne is shopping. Tony has free time. ', '2008-01-12 04:01:41.44', 44, 80 );
INSERT INTO messages ( `MessageID`, `Text`, `Time`, `SenderID`, `RecipientID` ) VALUES ( 21, 'Anne bought new car. Anne bought new car. John bought new car. John has free time. John is shopping. ', '2008-02-10 13:59:20.064', 41, 75 );
INSERT INTO messages ( `MessageID`, `Text`, `Time`, `SenderID`, `RecipientID` ) VALUES ( 22, 'Anne bought new car. Anne is shopping. Tony bought new car. ', '2008-09-10 04:30:02.368', NULL, 78 );
INSERT INTO messages ( `MessageID`, `Text`, `Time`, `SenderID`, `RecipientID` ) VALUES ( 23, 'John is walking. Anne has free time. Anne has free time. Tony has free time. Anne has free time. ', '2008-10-14 10:37:10.656', 92, 89 );
INSERT INTO messages ( `MessageID`, `Text`, `Time`, `SenderID`, `RecipientID` ) VALUES ( 24, 'Tony has free time. Anne is shopping. John bought new car. ', '2008-11-07 17:15:10.72', 73, 52 );
INSERT INTO messages ( `MessageID`, `Text`, `Time`, `SenderID`, `RecipientID` ) VALUES ( 25, 'John has free time. Tony is walking. ', '2008-05-18 05:07:41.312', 10, 5 );
INSERT INTO messages ( `MessageID`, `Text`, `Time`, `SenderID`, `RecipientID` ) VALUES ( 26, 'Anne bought new car. Anne bought new car. Tony bought new car. ', '2008-01-21 18:28:00.768', 11, 34 );
INSERT INTO messages ( `MessageID`, `Text`, `Time`, `SenderID`, `RecipientID` ) VALUES ( 27, 'Anne has free time. John is shopping. Anne has free time. Tony has free time. Anne has free time. ', '2008-04-10 18:39:20.704', 32, 48 );
INSERT INTO messages ( `MessageID`, `Text`, `Time`, `SenderID`, `RecipientID` ) VALUES ( 28, 'John bought new car. Anne is shopping. John has free time. ', '2008-05-29 11:22:34.496', 54, 90 );
INSERT INTO messages ( `MessageID`, `Text`, `Time`, `SenderID`, `RecipientID` ) VALUES ( 29, 'Anne is walking. Tony is shopping. John has free time. Anne has free time. Anne bought new car. ', '2008-12-13 09:22:46.4', 37, 57 );
INSERT INTO messages ( `MessageID`, `Text`, `Time`, `SenderID`, `RecipientID` ) VALUES ( 30, 'Anne bought new car. John is shopping. Anne is shopping. John is shopping. Anne bought new car. ', '2008-05-09 00:22:57.92', 35, 55 );
INSERT INTO messages ( `MessageID`, `Text`, `Time`, `SenderID`, `RecipientID` ) VALUES ( 31, 'John is shopping. Anne bought new car. Tony has free time. John is walking. ', '2008-07-10 03:29:22.048', 13, 57 );
INSERT INTO messages ( `MessageID`, `Text`, `Time`, `SenderID`, `RecipientID` ) VALUES ( 32, 'John is walking. Anne is walking. ', '2008-12-29 16:32:34.816', 9, 89 );
INSERT INTO messages ( `MessageID`, `Text`, `Time`, `SenderID`, `RecipientID` ) VALUES ( 33, NULL, '2008-09-03 17:52:42.112', 42, 21 );
INSERT INTO messages ( `MessageID`, `Text`, `Time`, `SenderID`, `RecipientID` ) VALUES ( 34, 'Anne is walking. Tony bought new car. Tony bought new car. John is shopping. ', '2008-07-24 17:07:39.776', 34, 32 );
INSERT INTO messages ( `MessageID`, `Text`, `Time`, `SenderID`, `RecipientID` ) VALUES ( 35, 'Tony has free time. Tony has free time. John has free time. ', '2008-05-02 10:03:42.592', 44, 14 );
INSERT INTO messages ( `MessageID`, `Text`, `Time`, `SenderID`, `RecipientID` ) VALUES ( 36, 'John bought new car. Anne has free time. ', '2008-06-23 06:02:52.928', 23, 68 );
INSERT INTO messages ( `MessageID`, `Text`, `Time`, `SenderID`, `RecipientID` ) VALUES ( 37, 'John is shopping. Anne is walking. Anne bought new car. John has free time. ', '2008-10-18 16:24:31.104', 6, 93 );
INSERT INTO messages ( `MessageID`, `Text`, `Time`, `SenderID`, `RecipientID` ) VALUES ( 38, 'Anne has free time. Tony is walking. ', '2008-01-19 02:01:49.44', 20, 56 );
INSERT INTO messages ( `MessageID`, `Text`, `Time`, `SenderID`, `RecipientID` ) VALUES ( 39, 'Tony bought new car. Anne is walking. ', '2008-03-03 19:02:57.792', 24, 29 );
INSERT INTO messages ( `MessageID`, `Text`, `Time`, `SenderID`, `RecipientID` ) VALUES ( 40, 'Anne is walking. Anne has free time. John is walking. Tony bought new car. John has free time. ', '2008-08-01 03:40:49.152', 42, 81 );
INSERT INTO messages ( `MessageID`, `Text`, `Time`, `SenderID`, `RecipientID` ) VALUES ( 41, 'Anne has free time. John bought new car. John has free time. John has free time. John has free time. ', '2008-03-01 02:55:07.264', 36, 33 );
INSERT INTO messages ( `MessageID`, `Text`, `Time`, `SenderID`, `RecipientID` ) VALUES ( 42, 'John has free time. Tony bought new car. ', '2008-11-07 13:19:04.704', 45, 72 );
INSERT INTO messages ( `MessageID`, `Text`, `Time`, `SenderID`, `RecipientID` ) VALUES ( 43, 'Anne is walking. Anne bought new car. Tony bought new car. ', '2008-08-05 04:49:05.152', 53, 61 );
INSERT INTO messages ( `MessageID`, `Text`, `Time`, `SenderID`, `RecipientID` ) VALUES ( 44, 'Anne has free time. Anne is walking. Tony bought new car. Anne has free time. Anne has free time. ', '2008-03-24 17:40:15.104', 54, 71 );
INSERT INTO messages ( `MessageID`, `Text`, `Time`, `SenderID`, `RecipientID` ) VALUES ( 45, 'Anne bought new car. Anne is walking. Tony is shopping. Tony bought new car. Tony has free time. ', '2008-03-28 06:28:34.048', 70, 5 );
INSERT INTO messages ( `MessageID`, `Text`, `Time`, `SenderID`, `RecipientID` ) VALUES ( 46, 'Anne has free time. Anne bought new car. Tony is shopping. John is shopping. Anne has free time. ', '2008-02-26 01:35:04.192', 35, 45 );
INSERT INTO messages ( `MessageID`, `Text`, `Time`, `SenderID`, `RecipientID` ) VALUES ( 47, 'Anne is walking. Anne is shopping. Anne has free time. ', '2008-08-30 19:08:08.192', 29, 53 );
INSERT INTO messages ( `MessageID`, `Text`, `Time`, `SenderID`, `RecipientID` ) VALUES ( 48, 'Anne has free time. John is shopping. John bought new car. Anne has free time. Tony has free time. ', '2008-12-18 19:05:34.976', NULL, 62 );
INSERT INTO messages ( `MessageID`, `Text`, `Time`, `SenderID`, `RecipientID` ) VALUES ( 49, 'Anne bought new car. Anne bought new car. Tony bought new car. John has free time. Anne has free time. ', '2008-08-18 00:51:54.624', 89, NULL );
INSERT INTO messages ( `MessageID`, `Text`, `Time`, `SenderID`, `RecipientID` ) VALUES ( 50, 'Anne has free time. Tony is shopping. Tony is walking. Tony is walking. Anne is shopping. ', '2008-03-26 04:22:59.968', 73, 99 );
INSERT INTO messages ( `MessageID`, `Text`, `Time`, `SenderID`, `RecipientID` ) VALUES ( 51, 'Anne is walking. John has free time. Tony is walking. Anne bought new car. ', '2008-09-08 08:02:08.64', 55, 30 );
INSERT INTO messages ( `MessageID`, `Text`, `Time`, `SenderID`, `RecipientID` ) VALUES ( 52, 'Tony is shopping. Anne bought new car. Anne bought new car. Anne is walking. John bought new car. ', '2008-08-13 17:34:47.936', 21, 32 );
INSERT INTO messages ( `MessageID`, `Text`, `Time`, `SenderID`, `RecipientID` ) VALUES ( 53, 'Anne bought new car. John is shopping. ', '2008-01-10 17:12:22.528', 4, 85 );
INSERT INTO messages ( `MessageID`, `Text`, `Time`, `SenderID`, `RecipientID` ) VALUES ( 54, 'Anne bought new car. John is walking. Anne bought new car. Anne is walking. John bought new car. ', '2008-08-10 21:32:12.8', 10, 35 );
INSERT INTO messages ( `MessageID`, `Text`, `Time`, `SenderID`, `RecipientID` ) VALUES ( 55, 'Tony has free time. Anne bought new car. ', '2008-09-25 06:15:37.856', 55, 89 );
INSERT INTO messages ( `MessageID`, `Text`, `Time`, `SenderID`, `RecipientID` ) VALUES ( 56, 'Tony has free time. Anne is walking. John is shopping. Anne bought new car. Tony bought new car. ', '2008-03-31 16:05:06.304', 58, 47 );
INSERT INTO messages ( `MessageID`, `Text`, `Time`, `SenderID`, `RecipientID` ) VALUES ( 57, 'Anne bought new car. Tony bought new car. John bought new car. Anne has free time. Tony has free time. ', '2008-09-23 16:19:35.168', 28, 32 );
INSERT INTO messages ( `MessageID`, `Text`, `Time`, `SenderID`, `RecipientID` ) VALUES ( 58, 'Anne bought new car. John is shopping. John bought new car. Tony has free time. John is shopping. ', '2008-11-03 04:56:19.712', NULL, 41 );
INSERT INTO messages ( `MessageID`, `Text`, `Time`, `SenderID`, `RecipientID` ) VALUES ( 59, 'John is walking. Anne is shopping. Tony bought new car. Anne has free time. Tony has free time. ', '2008-01-04 14:21:12.64', 41, 62 );
INSERT INTO messages ( `MessageID`, `Text`, `Time`, `SenderID`, `RecipientID` ) VALUES ( 60, 'John is shopping. Anne bought new car. ', '2008-09-09 05:08:06.912', 58, 3 );
INSERT INTO messages ( `MessageID`, `Text`, `Time`, `SenderID`, `RecipientID` ) VALUES ( 61, 'Anne has free time. Tony has free time. Anne bought new car. Tony has free time. Tony is shopping. ', '2008-07-16 18:11:44.896', NULL, 97 );
INSERT INTO messages ( `MessageID`, `Text`, `Time`, `SenderID`, `RecipientID` ) VALUES ( 62, NULL, '2008-10-18 23:37:13.6', 25, NULL );
INSERT INTO messages ( `MessageID`, `Text`, `Time`, `SenderID`, `RecipientID` ) VALUES ( 63, 'Anne bought new car. John has free time. John bought new car. John is shopping. Tony bought new car. ', '2008-01-04 21:23:15.488', 84, 83 );
INSERT INTO messages ( `MessageID`, `Text`, `Time`, `SenderID`, `RecipientID` ) VALUES ( 64, 'John bought new car. Anne is walking. Anne bought new car. John has free time. ', '2008-02-15 06:47:34.912', 49, 43 );
INSERT INTO messages ( `MessageID`, `Text`, `Time`, `SenderID`, `RecipientID` ) VALUES ( 65, 'Tony is walking. Anne is shopping. John bought new car. John is walking. Tony has free time. ', '2008-10-29 06:32:37.76', 14, NULL );
INSERT INTO messages ( `MessageID`, `Text`, `Time`, `SenderID`, `RecipientID` ) VALUES ( 66, 'Tony has free time. Anne bought new car. Tony bought new car. ', '2008-02-09 08:56:04.608', 63, 47 );
INSERT INTO messages ( `MessageID`, `Text`, `Time`, `SenderID`, `RecipientID` ) VALUES ( 67, NULL, '2008-02-08 10:06:59.328', NULL, 68 );
INSERT INTO messages ( `MessageID`, `Text`, `Time`, `SenderID`, `RecipientID` ) VALUES ( 68, 'Anne is walking. Anne bought new car. Tony bought new car. Anne has free time. John has free time. ', '2008-01-12 23:47:49.312', 29, 79 );
INSERT INTO messages ( `MessageID`, `Text`, `Time`, `SenderID`, `RecipientID` ) VALUES ( 69, 'John has free time. Anne is walking. ', '2008-11-06 06:17:41.12', 28, 30 );
INSERT INTO messages ( `MessageID`, `Text`, `Time`, `SenderID`, `RecipientID` ) VALUES ( 70, 'Anne bought new car. Anne has free time. ', '2008-12-07 08:30:30.912', 94, 37 );
INSERT INTO messages ( `MessageID`, `Text`, `Time`, `SenderID`, `RecipientID` ) VALUES ( 71, 'John bought new car. Tony is walking. John has free time. Anne has free time. John has free time. ', '2008-09-30 14:08:40.064', 14, 41 );
INSERT INTO messages ( `MessageID`, `Text`, `Time`, `SenderID`, `RecipientID` ) VALUES ( 72, 'Anne bought new car. John has free time. Tony bought new car. ', '2008-04-07 16:48:25.728', 31, 31 );
INSERT INTO messages ( `MessageID`, `Text`, `Time`, `SenderID`, `RecipientID` ) VALUES ( 73, 'Tony has free time. Anne is shopping. Anne has free time. Anne is walking. John has free time. ', '2008-10-22 19:18:09.28', 61, 40 );
INSERT INTO messages ( `MessageID`, `Text`, `Time`, `SenderID`, `RecipientID` ) VALUES ( 74, 'Tony bought new car. Tony has free time. ', '2008-07-21 22:54:57.152', 60, 78 );
INSERT INTO messages ( `MessageID`, `Text`, `Time`, `SenderID`, `RecipientID` ) VALUES ( 75, 'Anne bought new car. Tony has free time. John bought new car. John is walking. Anne has free time. ', '2008-01-13 21:43:54.752', NULL, NULL );
INSERT INTO messages ( `MessageID`, `Text`, `Time`, `SenderID`, `RecipientID` ) VALUES ( 76, 'Anne bought new car. Anne bought new car. John is walking. Anne is shopping. John has free time. ', '2008-03-24 05:18:52.544', 88, 44 );
INSERT INTO messages ( `MessageID`, `Text`, `Time`, `SenderID`, `RecipientID` ) VALUES ( 77, 'John is walking. Anne has free time. John is walking. Tony bought new car. Tony has free time. ', '2008-02-16 20:54:08.896', 88, 1 );
INSERT INTO messages ( `MessageID`, `Text`, `Time`, `SenderID`, `RecipientID` ) VALUES ( 78, NULL, '2008-02-22 06:55:45.664', 28, 24 );
INSERT INTO messages ( `MessageID`, `Text`, `Time`, `SenderID`, `RecipientID` ) VALUES ( 79, 'John is walking. Anne is walking. Anne has free time. John bought new car. Tony bought new car. ', '2008-12-26 03:39:14.304', NULL, 4 );
INSERT INTO messages ( `MessageID`, `Text`, `Time`, `SenderID`, `RecipientID` ) VALUES ( 80, 'Anne bought new car. Anne has free time. Tony bought new car. John is shopping. Anne has free time. ', '2008-01-19 12:42:32.704', 31, 14 );
INSERT INTO messages ( `MessageID`, `Text`, `Time`, `SenderID`, `RecipientID` ) VALUES ( 81, 'Anne has free time. Tony is shopping. Tony bought new car. Tony is shopping. ', '2008-05-02 04:12:00.0', 3, 78 );
INSERT INTO messages ( `MessageID`, `Text`, `Time`, `SenderID`, `RecipientID` ) VALUES ( 82, 'Anne bought new car. Anne is walking. Tony has free time. Tony bought new car. ', '2008-02-17 22:03:14.816', 96, 10 );
INSERT INTO messages ( `MessageID`, `Text`, `Time`, `SenderID`, `RecipientID` ) VALUES ( 83, 'Tony bought new car. John has free time. John is walking. ', '2008-07-23 23:48:48.896', 34, 97 );
INSERT INTO messages ( `MessageID`, `Text`, `Time`, `SenderID`, `RecipientID` ) VALUES ( 84, 'John has free time. Anne is shopping. Tony has free time. Tony bought new car. John has free time. ', '2008-01-22 04:49:11.552', 84, 67 );
INSERT INTO messages ( `MessageID`, `Text`, `Time`, `SenderID`, `RecipientID` ) VALUES ( 85, 'Anne has free time. Anne has free time. ', '2008-05-11 22:09:18.976', 35, NULL );
INSERT INTO messages ( `MessageID`, `Text`, `Time`, `SenderID`, `RecipientID` ) VALUES ( 86, 'Anne bought new car. Anne is shopping. ', '2008-06-17 12:21:51.872', 83, 63 );
INSERT INTO messages ( `MessageID`, `Text`, `Time`, `SenderID`, `RecipientID` ) VALUES ( 87, 'John is walking. Tony bought new car. Tony is shopping. Tony has free time. John is walking. ', '2008-05-23 08:08:46.976', NULL, 77 );
INSERT INTO messages ( `MessageID`, `Text`, `Time`, `SenderID`, `RecipientID` ) VALUES ( 88, 'Tony bought new car. Tony is walking. Tony is shopping. Tony is shopping. John is shopping. ', '2008-06-20 07:29:48.16', NULL, 93 );
INSERT INTO messages ( `MessageID`, `Text`, `Time`, `SenderID`, `RecipientID` ) VALUES ( 89, NULL, '2008-05-20 19:03:34.784', 46, 71 );
INSERT INTO messages ( `MessageID`, `Text`, `Time`, `SenderID`, `RecipientID` ) VALUES ( 90, 'Anne has free time. Anne is shopping. ', '2008-04-02 16:21:21.152', 8, 33 );
INSERT INTO messages ( `MessageID`, `Text`, `Time`, `SenderID`, `RecipientID` ) VALUES ( 91, 'Tony is walking. Anne is walking. John has free time. Anne has free time. Tony bought new car. ', '2008-10-16 10:59:34.144', NULL, 24 );
INSERT INTO messages ( `MessageID`, `Text`, `Time`, `SenderID`, `RecipientID` ) VALUES ( 92, 'John bought new car. Tony bought new car. John is walking. John has free time. Anne has free time. ', '2008-10-15 22:34:59.072', 45, 88 );
INSERT INTO messages ( `MessageID`, `Text`, `Time`, `SenderID`, `RecipientID` ) VALUES ( 93, 'John bought new car. Anne has free time. Tony bought new car. Anne has free time. Tony bought new car. ', '2008-04-05 09:46:39.616', 19, 10 );
INSERT INTO messages ( `MessageID`, `Text`, `Time`, `SenderID`, `RecipientID` ) VALUES ( 94, 'Tony bought new car. Anne is shopping. Anne bought new car. Tony is shopping. ', '2008-10-09 13:35:38.624', 2, 80 );
INSERT INTO messages ( `MessageID`, `Text`, `Time`, `SenderID`, `RecipientID` ) VALUES ( 95, 'John bought new car. Anne is shopping. Anne is walking. ', '2008-08-01 08:02:51.648', 46, 52 );
INSERT INTO messages ( `MessageID`, `Text`, `Time`, `SenderID`, `RecipientID` ) VALUES ( 96, 'Anne has free time. John is walking. John bought new car. John bought new car. John is walking. ', '2008-05-06 10:03:20.064', 35, NULL );
INSERT INTO messages ( `MessageID`, `Text`, `Time`, `SenderID`, `RecipientID` ) VALUES ( 97, NULL, '2008-12-02 18:22:26.304', 1, 67 );
INSERT INTO messages ( `MessageID`, `Text`, `Time`, `SenderID`, `RecipientID` ) VALUES ( 98, 'Anne bought new car. Anne has free time. John bought new car. Tony is walking. Tony is walking. ', '2008-09-22 05:46:27.84', 43, 33 );
INSERT INTO messages ( `MessageID`, `Text`, `Time`, `SenderID`, `RecipientID` ) VALUES ( 99, 'Tony bought new car. John bought new car. ', '2008-07-16 12:01:11.808', 13, 17 );
INSERT INTO messages ( `MessageID`, `Text`, `Time`, `SenderID`, `RecipientID` ) VALUES ( 100, 'John bought new car. Tony is shopping. Anne has free time. John has free time. John has free time. ', '2008-11-19 16:37:54.304', 73, 87 );
INSERT INTO messages ( `MessageID`, `Text`, `Time`, `SenderID`, `RecipientID` ) VALUES ( 101, 'Tony bought new car. Tony has free time. Tony bought new car. John has free time. Anne bought new car. ', '2008-06-02 06:44:23.296', 71, 77 );
INSERT INTO messages ( `MessageID`, `Text`, `Time`, `SenderID`, `RecipientID` ) VALUES ( 102, 'John is shopping. Anne is walking. John has free time. John has free time. John is walking. ', '2008-06-03 16:55:25.568', 47, 73 );
INSERT INTO messages ( `MessageID`, `Text`, `Time`, `SenderID`, `RecipientID` ) VALUES ( 103, 'John bought new car. Anne bought new car. ', '2008-06-05 23:15:26.976', 26, 62 );
INSERT INTO messages ( `MessageID`, `Text`, `Time`, `SenderID`, `RecipientID` ) VALUES ( 104, 'John bought new car. Anne is walking. John is shopping. Tony is walking. Tony has free time. ', '2008-03-02 18:33:25.248', 40, 68 );
INSERT INTO messages ( `MessageID`, `Text`, `Time`, `SenderID`, `RecipientID` ) VALUES ( 105, NULL, '2008-09-21 12:18:44.48', 94, 30 );
INSERT INTO messages ( `MessageID`, `Text`, `Time`, `SenderID`, `RecipientID` ) VALUES ( 106, 'John bought new car. John has free time. ', '2008-02-27 04:47:57.952', 96, 43 );
INSERT INTO messages ( `MessageID`, `Text`, `Time`, `SenderID`, `RecipientID` ) VALUES ( 107, NULL, '2008-10-02 12:04:15.104', 5, 38 );
INSERT INTO messages ( `MessageID`, `Text`, `Time`, `SenderID`, `RecipientID` ) VALUES ( 108, 'Tony bought new car. Tony is walking. John has free time. John bought new car. John is shopping. ', '2008-03-04 19:23:52.704', 67, 29 );
INSERT INTO messages ( `MessageID`, `Text`, `Time`, `SenderID`, `RecipientID` ) VALUES ( 109, 'Tony is shopping. Tony is shopping. ', '2008-06-20 06:47:10.208', 80, 93 );
INSERT INTO messages ( `MessageID`, `Text`, `Time`, `SenderID`, `RecipientID` ) VALUES ( 110, 'Anne is shopping. John is walking. Anne bought new car. John bought new car. Tony has free time. ', '2008-07-25 05:59:55.776', 79, 68 );
INSERT INTO messages ( `MessageID`, `Text`, `Time`, `SenderID`, `RecipientID` ) VALUES ( 111, 'Tony bought new car. John is shopping. ', '2008-10-19 20:49:49.184', 66, 27 );
INSERT INTO messages ( `MessageID`, `Text`, `Time`, `SenderID`, `RecipientID` ) VALUES ( 112, 'John is shopping. Tony has free time. John is shopping. Tony has free time. Tony bought new car. ', '2008-02-05 14:50:15.424', 80, 52 );
INSERT INTO messages ( `MessageID`, `Text`, `Time`, `SenderID`, `RecipientID` ) VALUES ( 113, 'Anne has free time. Anne bought new car. Tony has free time. John is walking. Anne has free time. ', '2008-03-26 15:59:21.216', 19, 76 );
INSERT INTO messages ( `MessageID`, `Text`, `Time`, `SenderID`, `RecipientID` ) VALUES ( 114, 'John bought new car. Anne has free time. Tony bought new car. John is walking. Tony is walking. ', '2008-02-29 00:24:02.304', 33, 58 );
INSERT INTO messages ( `MessageID`, `Text`, `Time`, `SenderID`, `RecipientID` ) VALUES ( 115, 'John bought new car. John has free time. Anne has free time. John is shopping. John has free time. ', '2008-04-07 18:55:26.336', 72, 90 );
INSERT INTO messages ( `MessageID`, `Text`, `Time`, `SenderID`, `RecipientID` ) VALUES ( 116, 'Tony is shopping. Tony is shopping. Tony bought new car. Anne has free time. John is walking. ', '2008-08-20 01:59:52.192', 35, 75 );
INSERT INTO messages ( `MessageID`, `Text`, `Time`, `SenderID`, `RecipientID` ) VALUES ( 117, 'Anne is walking. Anne bought new car. Tony bought new car. John has free time. ', '2008-11-27 04:15:32.352', 44, 49 );
INSERT INTO messages ( `MessageID`, `Text`, `Time`, `SenderID`, `RecipientID` ) VALUES ( 118, 'John has free time. Anne has free time. Tony bought new car. Tony is shopping. John is walking. ', '2008-07-12 06:42:26.56', 6, 93 );
INSERT INTO messages ( `MessageID`, `Text`, `Time`, `SenderID`, `RecipientID` ) VALUES ( 119, 'John bought new car. John bought new car. John bought new car. John is shopping. ', '2008-03-13 11:18:19.52', 27, 16 );
INSERT INTO messages ( `MessageID`, `Text`, `Time`, `SenderID`, `RecipientID` ) VALUES ( 120, 'Anne is walking. Tony bought new car. Tony has free time. Tony has free time. Tony has free time. ', '2008-01-11 11:33:33.76', 64, NULL );
INSERT INTO messages ( `MessageID`, `Text`, `Time`, `SenderID`, `RecipientID` ) VALUES ( 121, 'Tony bought new car. Anne is shopping. John bought new car. Tony is walking. Tony has free time. ', '2008-04-19 04:17:48.16', 74, 19 );
INSERT INTO messages ( `MessageID`, `Text`, `Time`, `SenderID`, `RecipientID` ) VALUES ( 122, 'John is walking. Anne is walking. Tony bought new car. ', '2008-07-22 19:02:45.632', NULL, NULL );
INSERT INTO messages ( `MessageID`, `Text`, `Time`, `SenderID`, `RecipientID` ) VALUES ( 123, 'Anne has free time. Tony has free time. Anne bought new car. John is shopping. Tony bought new car. ', '2008-08-15 05:56:05.376', 10, 99 );
INSERT INTO messages ( `MessageID`, `Text`, `Time`, `SenderID`, `RecipientID` ) VALUES ( 124, 'John bought new car. Anne is walking. ', '2008-08-06 16:43:00.096', 44, 69 );
INSERT INTO messages ( `MessageID`, `Text`, `Time`, `SenderID`, `RecipientID` ) VALUES ( 125, 'Anne is walking. Anne bought new car. John bought new car. John bought new car. John bought new car. ', '2008-11-15 05:33:09.504', 67, 77 );
INSERT INTO messages ( `MessageID`, `Text`, `Time`, `SenderID`, `RecipientID` ) VALUES ( 126, 'Tony has free time. John is walking. Tony is shopping. Tony has free time. ', '2008-06-27 18:43:40.8', 80, 56 );
INSERT INTO messages ( `MessageID`, `Text`, `Time`, `SenderID`, `RecipientID` ) VALUES ( 127, 'John is walking. Tony bought new car. John bought new car. John has free time. Anne is shopping. ', '2008-12-09 20:26:17.472', 7, NULL );
INSERT INTO messages ( `MessageID`, `Text`, `Time`, `SenderID`, `RecipientID` ) VALUES ( 128, 'Anne bought new car. Anne is shopping. John bought new car. John bought new car. John has free time. ', '2008-11-27 08:06:35.264', 9, 20 );
INSERT INTO messages ( `MessageID`, `Text`, `Time`, `SenderID`, `RecipientID` ) VALUES ( 129, 'Tony has free time. Tony is shopping. ', '2008-03-30 05:46:38.08', 72, 5 );
INSERT INTO messages ( `MessageID`, `Text`, `Time`, `SenderID`, `RecipientID` ) VALUES ( 130, 'Anne has free time. Anne bought new car. John bought new car. Tony has free time. Tony has free time. ', '2008-01-15 23:50:53.696', 4, 86 );
INSERT INTO messages ( `MessageID`, `Text`, `Time`, `SenderID`, `RecipientID` ) VALUES ( 131, 'John is walking. Anne is shopping. ', '2008-10-21 02:31:10.208', 45, NULL );
INSERT INTO messages ( `MessageID`, `Text`, `Time`, `SenderID`, `RecipientID` ) VALUES ( 132, NULL, '2008-06-17 14:42:41.92', 53, 6 );
INSERT INTO messages ( `MessageID`, `Text`, `Time`, `SenderID`, `RecipientID` ) VALUES ( 133, NULL, '2008-10-24 06:55:04.32', 9, 15 );
INSERT INTO messages ( `MessageID`, `Text`, `Time`, `SenderID`, `RecipientID` ) VALUES ( 134, 'John bought new car. Anne has free time. Anne bought new car. Anne bought new car. John is shopping. ', '2008-05-24 10:52:58.88', 22, 74 );
INSERT INTO messages ( `MessageID`, `Text`, `Time`, `SenderID`, `RecipientID` ) VALUES ( 135, 'John is walking. Anne has free time. John bought new car. Tony has free time. ', '2008-12-02 09:06:10.048', 33, 28 );
INSERT INTO messages ( `MessageID`, `Text`, `Time`, `SenderID`, `RecipientID` ) VALUES ( 136, NULL, '2008-10-19 21:55:58.208', 95, NULL );
INSERT INTO messages ( `MessageID`, `Text`, `Time`, `SenderID`, `RecipientID` ) VALUES ( 137, 'John has free time. Anne is shopping. Anne is shopping. Tony is walking. John is shopping. ', '2008-09-01 01:37:34.848', 90, 96 );
INSERT INTO messages ( `MessageID`, `Text`, `Time`, `SenderID`, `RecipientID` ) VALUES ( 138, 'Anne has free time. John bought new car. John bought new car. ', '2008-04-30 14:41:57.888', NULL, 60 );
INSERT INTO messages ( `MessageID`, `Text`, `Time`, `SenderID`, `RecipientID` ) VALUES ( 139, 'Tony bought new car. John bought new car. John has free time. Anne is walking. John bought new car. ', '2008-08-23 09:06:08.64', 65, 37 );
INSERT INTO messages ( `MessageID`, `Text`, `Time`, `SenderID`, `RecipientID` ) VALUES ( 140, 'John is walking. Tony bought new car. Tony has free time. Tony has free time. Tony bought new car. ', '2008-08-30 01:54:10.176', 32, 81 );
INSERT INTO messages ( `MessageID`, `Text`, `Time`, `SenderID`, `RecipientID` ) VALUES ( 141, 'Anne bought new car. Tony is shopping. John is walking. John is shopping. Tony has free time. ', '2008-05-28 17:13:09.504', NULL, 93 );
INSERT INTO messages ( `MessageID`, `Text`, `Time`, `SenderID`, `RecipientID` ) VALUES ( 142, 'Anne bought new car. Tony bought new car. Tony has free time. Anne is shopping. Tony is walking. ', '2008-09-25 03:30:43.968', 80, 45 );
INSERT INTO messages ( `MessageID`, `Text`, `Time`, `SenderID`, `RecipientID` ) VALUES ( 143, 'Tony has free time. Anne is shopping. Tony is walking. John has free time. ', '2008-06-24 00:38:53.312', 56, 93 );
INSERT INTO messages ( `MessageID`, `Text`, `Time`, `SenderID`, `RecipientID` ) VALUES ( 144, 'John is walking. Anne has free time. Tony bought new car. Anne is shopping. John has free time. ', '2008-09-15 02:10:35.264', 0, 51 );
INSERT INTO messages ( `MessageID`, `Text`, `Time`, `SenderID`, `RecipientID` ) VALUES ( 145, 'Tony bought new car. Anne is shopping. Tony bought new car. Tony has free time. Tony has free time. ', '2008-08-11 09:04:40.576', NULL, 62 );
INSERT INTO messages ( `MessageID`, `Text`, `Time`, `SenderID`, `RecipientID` ) VALUES ( 146, 'Tony bought new car. Anne is shopping. ', '2008-07-13 13:36:22.656', 20, 68 );
INSERT INTO messages ( `MessageID`, `Text`, `Time`, `SenderID`, `RecipientID` ) VALUES ( 147, 'John is shopping. John is walking. Tony has free time. ', '2008-12-28 00:15:58.464', 56, 13 );
INSERT INTO messages ( `MessageID`, `Text`, `Time`, `SenderID`, `RecipientID` ) VALUES ( 148, 'Tony is shopping. Anne has free time. ', '2008-01-01 08:29:00.094', NULL, 50 );
INSERT INTO messages ( `MessageID`, `Text`, `Time`, `SenderID`, `RecipientID` ) VALUES ( 149, 'John bought new car. Tony has free time. John has free time. John has free time. John bought new car. ', '2008-08-17 09:39:29.536', 87, NULL );
INSERT INTO property ( `PropertyID`, `Address`, `City`, `State`, `Zip`, `Category`, `Bedrooms`, `Bathrooms`, `AirbnbPlus`, `HostID` ) VALUES ( 0, '423 South White Cowley Parkway', 'Wichita', 'Hawaii', '88610', 'Beachfront', 4, 6, false, 37 );
INSERT INTO property ( `PropertyID`, `Address`, `City`, `State`, `Zip`, `Category`, `Bedrooms`, `Bathrooms`, `AirbnbPlus`, `HostID` ) VALUES ( 1, '164 South Rocky Hague Blvd.', 'Baltimore', NULL, '72546', 'Beachfront', 8, NULL, NULL, 122 );
INSERT INTO property ( `PropertyID`, `Address`, `City`, `State`, `Zip`, `Category`, `Bedrooms`, `Bathrooms`, `AirbnbPlus`, `HostID` ) VALUES ( 2, '543 North Green Hague Way', 'St. Petersburg', 'New Hampshire', NULL, NULL, 2, 5, true, 128 );
INSERT INTO property ( `PropertyID`, `Address`, `City`, `State`, `Zip`, `Category`, `Bedrooms`, `Bathrooms`, `AirbnbPlus`, `HostID` ) VALUES ( 3, '74 East Green Clarendon Way', 'Dayton', 'Wyoming', '34164', 'Tinyhomes', 7, 7, false, 149 );
INSERT INTO property ( `PropertyID`, `Address`, `City`, `State`, `Zip`, `Category`, `Bedrooms`, `Bathrooms`, `AirbnbPlus`, `HostID` ) VALUES ( 4, '78 North Green Old Way', 'San Jose', 'Georgia', '32777', NULL, 7, 9, true, 21 );
INSERT INTO property ( `PropertyID`, `Address`, `City`, `State`, `Zip`, `Category`, `Bedrooms`, `Bathrooms`, `AirbnbPlus`, `HostID` ) VALUES ( 5, '351 South Rocky Milton Freeway', 'Fresno', 'Oklahoma', '37814', 'Beachfront', 1, 8, false, 52 );
INSERT INTO property ( `PropertyID`, `Address`, `City`, `State`, `Zip`, `Category`, `Bedrooms`, `Bathrooms`, `AirbnbPlus`, `HostID` ) VALUES ( 6, '47 East Green Old Way', 'Bakersfield', 'Nevada', '55582', 'Seaside', 8, NULL, true, 79 );
INSERT INTO property ( `PropertyID`, `Address`, `City`, `State`, `Zip`, `Category`, `Bedrooms`, `Bathrooms`, `AirbnbPlus`, `HostID` ) VALUES ( 7, '13 South Green Milton Parkway', NULL, NULL, '15435', 'Tinyhomes', 6, 9, true, 18 );
INSERT INTO property ( `PropertyID`, `Address`, `City`, `State`, `Zip`, `Category`, `Bedrooms`, `Bathrooms`, `AirbnbPlus`, `HostID` ) VALUES ( 8, '263 North Rocky Hague Road', 'Honolulu', NULL, '73666', 'Tinyhomes', 1, 2, false, 2 );
INSERT INTO property ( `PropertyID`, `Address`, `City`, `State`, `Zip`, `Category`, `Bedrooms`, `Bathrooms`, `AirbnbPlus`, `HostID` ) VALUES ( 9, '275 West Rocky Cowley Way', 'Mesa', 'Nebraska', '67509', 'Tinyhomes', 7, 6, NULL, 146 );
INSERT INTO property ( `PropertyID`, `Address`, `City`, `State`, `Zip`, `Category`, `Bedrooms`, `Bathrooms`, `AirbnbPlus`, `HostID` ) VALUES ( 10, NULL, 'St. Paul', 'Oregon', '54784', 'Cabins', 6, 6, false, 108 );
INSERT INTO property ( `PropertyID`, `Address`, `City`, `State`, `Zip`, `Category`, `Bedrooms`, `Bathrooms`, `AirbnbPlus`, `HostID` ) VALUES ( 11, '85 West Green First Street', 'New Orleans', 'Idaho', '34609', 'Beachfront', 7, 4, true, NULL );
INSERT INTO property ( `PropertyID`, `Address`, `City`, `State`, `Zip`, `Category`, `Bedrooms`, `Bathrooms`, `AirbnbPlus`, `HostID` ) VALUES ( 12, '856 East Green New Way', 'Oklahoma', 'Oklahoma', NULL, 'Tinyhomes', 3, 6, false, 71 );
INSERT INTO property ( `PropertyID`, `Address`, `City`, `State`, `Zip`, `Category`, `Bedrooms`, `Bathrooms`, `AirbnbPlus`, `HostID` ) VALUES ( 13, '23 North Green First St.', 'Stockton', 'New Hampshire', '11467', 'Beachfront', 4, 3, NULL, 55 );
INSERT INTO property ( `PropertyID`, `Address`, `City`, `State`, `Zip`, `Category`, `Bedrooms`, `Bathrooms`, `AirbnbPlus`, `HostID` ) VALUES ( 14, '273 South Green Hague Street', 'Atlanta', NULL, '32767', NULL, 2, 7, false, 100 );
INSERT INTO property ( `PropertyID`, `Address`, `City`, `State`, `Zip`, `Category`, `Bedrooms`, `Bathrooms`, `AirbnbPlus`, `HostID` ) VALUES ( 15, '47 South Green First Avenue', 'Pittsburgh', 'Georgia', '37282', 'Cabins', 3, 4, false, 32 );
INSERT INTO property ( `PropertyID`, `Address`, `City`, `State`, `Zip`, `Category`, `Bedrooms`, `Bathrooms`, `AirbnbPlus`, `HostID` ) VALUES ( 16, '671 South Green Milton St.', 'San Francisco', 'Utah', '71964', 'Seaside', 4, 6, NULL, 15 );
INSERT INTO property ( `PropertyID`, `Address`, `City`, `State`, `Zip`, `Category`, `Bedrooms`, `Bathrooms`, `AirbnbPlus`, `HostID` ) VALUES ( 17, '85 West Rocky New Parkway', 'St. Paul', 'Oklahoma', '78632', 'Loft', 4, 6, false, 61 );
INSERT INTO property ( `PropertyID`, `Address`, `City`, `State`, `Zip`, `Category`, `Bedrooms`, `Bathrooms`, `AirbnbPlus`, `HostID` ) VALUES ( 18, '345 East White Clarendon Avenue', 'Dayton', 'Maine', '56816', 'Cabins', 3, 1, NULL, 17 );
INSERT INTO property ( `PropertyID`, `Address`, `City`, `State`, `Zip`, `Category`, `Bedrooms`, `Bathrooms`, `AirbnbPlus`, `HostID` ) VALUES ( 19, '457 East White Fabien Way', 'Hialeah', NULL, '42455', 'Mansions', 3, 8, true, 7 );
INSERT INTO property ( `PropertyID`, `Address`, `City`, `State`, `Zip`, `Category`, `Bedrooms`, `Bathrooms`, `AirbnbPlus`, `HostID` ) VALUES ( 20, '216 South White Nobel Freeway', 'Montgomery', 'Idaho', '63433', 'Beachfront', 1, 7, true, NULL );
INSERT INTO property ( `PropertyID`, `Address`, `City`, `State`, `Zip`, `Category`, `Bedrooms`, `Bathrooms`, `AirbnbPlus`, `HostID` ) VALUES ( 21, '141 North White Hague Freeway', 'New York', 'Arkansas', '88438', 'Beachfront', 3, 9, true, 81 );
INSERT INTO property ( `PropertyID`, `Address`, `City`, `State`, `Zip`, `Category`, `Bedrooms`, `Bathrooms`, `AirbnbPlus`, `HostID` ) VALUES ( 22, '41 East Green First Drive', 'Fresno', NULL, '87481', 'Tinyhomes', 6, 6, false, 15 );
INSERT INTO property ( `PropertyID`, `Address`, `City`, `State`, `Zip`, `Category`, `Bedrooms`, `Bathrooms`, `AirbnbPlus`, `HostID` ) VALUES ( 23, '419 North White New Road', 'Greensboro', 'South Carolina', NULL, 'Tinyhomes', 1, 2, true, NULL );
INSERT INTO property ( `PropertyID`, `Address`, `City`, `State`, `Zip`, `Category`, `Bedrooms`, `Bathrooms`, `AirbnbPlus`, `HostID` ) VALUES ( 24, '61 North Rocky Second Blvd.', 'Yonkers', 'Missouri', '09675', 'Tinyhomes', 6, 9, true, 126 );
INSERT INTO property ( `PropertyID`, `Address`, `City`, `State`, `Zip`, `Category`, `Bedrooms`, `Bathrooms`, `AirbnbPlus`, `HostID` ) VALUES ( 25, '67 North Green New Freeway', 'Newark', 'Texas', NULL, 'Seaside', 5, NULL, NULL, 23 );
INSERT INTO property ( `PropertyID`, `Address`, `City`, `State`, `Zip`, `Category`, `Bedrooms`, `Bathrooms`, `AirbnbPlus`, `HostID` ) VALUES ( 26, '496 South Rocky Nobel Way', 'St. Paul', 'Oklahoma', '76011', 'Cabins', 8, 1, true, 85 );
INSERT INTO property ( `PropertyID`, `Address`, `City`, `State`, `Zip`, `Category`, `Bedrooms`, `Bathrooms`, `AirbnbPlus`, `HostID` ) VALUES ( 27, '780 North White First St.', NULL, 'Iowa', '71953', 'Mansions', 6, 5, true, 18 );
INSERT INTO property ( `PropertyID`, `Address`, `City`, `State`, `Zip`, `Category`, `Bedrooms`, `Bathrooms`, `AirbnbPlus`, `HostID` ) VALUES ( 28, '84 North Rocky New Way', 'Akron', 'Michigan', '55137', 'Seaside', 7, 4, true, 105 );
INSERT INTO property ( `PropertyID`, `Address`, `City`, `State`, `Zip`, `Category`, `Bedrooms`, `Bathrooms`, `AirbnbPlus`, `HostID` ) VALUES ( 29, '21 North Green Nobel Freeway', 'Bakersfield', 'South Carolina', '61542', 'Mansions', 9, 9, false, 18 );
INSERT INTO property ( `PropertyID`, `Address`, `City`, `State`, `Zip`, `Category`, `Bedrooms`, `Bathrooms`, `AirbnbPlus`, `HostID` ) VALUES ( 30, NULL, 'Boston', 'Rhode Island', NULL, 'Beachfront', 4, 1, false, 26 );
INSERT INTO property ( `PropertyID`, `Address`, `City`, `State`, `Zip`, `Category`, `Bedrooms`, `Bathrooms`, `AirbnbPlus`, `HostID` ) VALUES ( 31, '47 South Green Milton Drive', 'Anchorage', 'Washington', '53431', 'Loft', 6, 4, false, 117 );
INSERT INTO property ( `PropertyID`, `Address`, `City`, `State`, `Zip`, `Category`, `Bedrooms`, `Bathrooms`, `AirbnbPlus`, `HostID` ) VALUES ( 32, '562 West Green New Blvd.', 'Colorado', 'Hawaii', NULL, 'Mansions', 9, 5, false, 132 );
INSERT INTO property ( `PropertyID`, `Address`, `City`, `State`, `Zip`, `Category`, `Bedrooms`, `Bathrooms`, `AirbnbPlus`, `HostID` ) VALUES ( 33, '761 North White Hague Road', 'Washington', 'Montana', '13527', 'Beachfront', 5, 6, true, 56 );
INSERT INTO property ( `PropertyID`, `Address`, `City`, `State`, `Zip`, `Category`, `Bedrooms`, `Bathrooms`, `AirbnbPlus`, `HostID` ) VALUES ( 34, '76 South Rocky Milton Parkway', 'Las Vegas', 'Oregon', '79091', 'Beachfront', 4, 9, true, 45 );
INSERT INTO property ( `PropertyID`, `Address`, `City`, `State`, `Zip`, `Category`, `Bedrooms`, `Bathrooms`, `AirbnbPlus`, `HostID` ) VALUES ( 35, '226 South Green First Blvd.', NULL, 'Pennsylvania', NULL, 'Mansions', 8, 7, NULL, 134 );
INSERT INTO property ( `PropertyID`, `Address`, `City`, `State`, `Zip`, `Category`, `Bedrooms`, `Bathrooms`, `AirbnbPlus`, `HostID` ) VALUES ( 36, NULL, 'Omaha', 'Minnesota', '32569', NULL, 7, 8, false, 124 );
INSERT INTO property ( `PropertyID`, `Address`, `City`, `State`, `Zip`, `Category`, `Bedrooms`, `Bathrooms`, `AirbnbPlus`, `HostID` ) VALUES ( 37, '757 North Rocky Second Freeway', 'Honolulu', 'Georgia', '00036', NULL, 5, 3, NULL, 28 );
INSERT INTO property ( `PropertyID`, `Address`, `City`, `State`, `Zip`, `Category`, `Bedrooms`, `Bathrooms`, `AirbnbPlus`, `HostID` ) VALUES ( 38, '608 West Green Milton St.', 'Dallas', 'New Mexico', NULL, NULL, 4, 3, true, 63 );
INSERT INTO property ( `PropertyID`, `Address`, `City`, `State`, `Zip`, `Category`, `Bedrooms`, `Bathrooms`, `AirbnbPlus`, `HostID` ) VALUES ( 39, '34 West Green Fabien Drive', NULL, 'Virginia', '09983', 'Cabins', NULL, 3, true, 126 );
INSERT INTO property ( `PropertyID`, `Address`, `City`, `State`, `Zip`, `Category`, `Bedrooms`, `Bathrooms`, `AirbnbPlus`, `HostID` ) VALUES ( 40, '750 East White Hague Way', 'New Orleans', 'Nebraska', NULL, 'Cabins', 1, 4, NULL, 12 );
INSERT INTO property ( `PropertyID`, `Address`, `City`, `State`, `Zip`, `Category`, `Bedrooms`, `Bathrooms`, `AirbnbPlus`, `HostID` ) VALUES ( 41, NULL, 'Lubbock', 'Utah', '88069', 'Beachfront', NULL, 2, true, 17 );
INSERT INTO property ( `PropertyID`, `Address`, `City`, `State`, `Zip`, `Category`, `Bedrooms`, `Bathrooms`, `AirbnbPlus`, `HostID` ) VALUES ( 42, '34 South Rocky Milton Avenue', NULL, 'Virginia', '15478', NULL, 2, 1, true, 25 );
INSERT INTO property ( `PropertyID`, `Address`, `City`, `State`, `Zip`, `Category`, `Bedrooms`, `Bathrooms`, `AirbnbPlus`, `HostID` ) VALUES ( 43, NULL, 'Las Vegas', 'North Dakota', '91375', 'Seaside', 2, 8, false, 16 );
INSERT INTO property ( `PropertyID`, `Address`, `City`, `State`, `Zip`, `Category`, `Bedrooms`, `Bathrooms`, `AirbnbPlus`, `HostID` ) VALUES ( 44, '83 South Rocky First Parkway', 'Jacksonville', 'New York', '45444', 'Beachfront', 4, 7, false, 136 );
INSERT INTO property ( `PropertyID`, `Address`, `City`, `State`, `Zip`, `Category`, `Bedrooms`, `Bathrooms`, `AirbnbPlus`, `HostID` ) VALUES ( 45, '735 West Rocky Milton Freeway', 'Mesa', 'North Carolina', '51563', 'Beachfront', 3, 6, false, 88 );
INSERT INTO property ( `PropertyID`, `Address`, `City`, `State`, `Zip`, `Category`, `Bedrooms`, `Bathrooms`, `AirbnbPlus`, `HostID` ) VALUES ( 46, '24 North Rocky First Drive', 'New Orleans', 'South Dakota', '68121', 'Mansions', 5, 5, false, 9 );
INSERT INTO property ( `PropertyID`, `Address`, `City`, `State`, `Zip`, `Category`, `Bedrooms`, `Bathrooms`, `AirbnbPlus`, `HostID` ) VALUES ( 47, '647 North Green Old Boulevard', 'Cleveland', 'Michigan', '95852', 'Seaside', 6, 8, NULL, 0 );
INSERT INTO property ( `PropertyID`, `Address`, `City`, `State`, `Zip`, `Category`, `Bedrooms`, `Bathrooms`, `AirbnbPlus`, `HostID` ) VALUES ( 48, '56 East Rocky Milton Way', 'Mobile', NULL, '53282', 'Beachfront', NULL, 5, false, 50 );
INSERT INTO property ( `PropertyID`, `Address`, `City`, `State`, `Zip`, `Category`, `Bedrooms`, `Bathrooms`, `AirbnbPlus`, `HostID` ) VALUES ( 49, '824 North White Hague Drive', 'Dallas', 'Georgia', NULL, 'Seaside', 4, 5, false, 103 );
INSERT INTO property ( `PropertyID`, `Address`, `City`, `State`, `Zip`, `Category`, `Bedrooms`, `Bathrooms`, `AirbnbPlus`, `HostID` ) VALUES ( 50, NULL, 'Arlington', 'New Jersey', '33245', 'Mansions', 4, 1, true, NULL );
INSERT INTO property ( `PropertyID`, `Address`, `City`, `State`, `Zip`, `Category`, `Bedrooms`, `Bathrooms`, `AirbnbPlus`, `HostID` ) VALUES ( 51, '692 West White New Way', 'New York', 'Iowa', '78139', 'Tinyhomes', 9, 7, false, 130 );
INSERT INTO property ( `PropertyID`, `Address`, `City`, `State`, `Zip`, `Category`, `Bedrooms`, `Bathrooms`, `AirbnbPlus`, `HostID` ) VALUES ( 52, '805 North Rocky Milton Parkway', 'Baltimore', 'Nevada', '57572', 'Seaside', 4, NULL, true, 132 );
INSERT INTO property ( `PropertyID`, `Address`, `City`, `State`, `Zip`, `Category`, `Bedrooms`, `Bathrooms`, `AirbnbPlus`, `HostID` ) VALUES ( 53, NULL, 'Philadelphia', 'Wyoming', '34560', 'Tinyhomes', 9, 4, true, 111 );
INSERT INTO property ( `PropertyID`, `Address`, `City`, `State`, `Zip`, `Category`, `Bedrooms`, `Bathrooms`, `AirbnbPlus`, `HostID` ) VALUES ( 54, '857 North Green Fabien St.', 'Aurora', 'Washington', '09657', 'Seaside', 3, 8, true, 70 );
INSERT INTO property ( `PropertyID`, `Address`, `City`, `State`, `Zip`, `Category`, `Bedrooms`, `Bathrooms`, `AirbnbPlus`, `HostID` ) VALUES ( 55, '82 South White Hague St.', 'Las Vegas', 'Utah', '18175', NULL, 7, NULL, true, 77 );
INSERT INTO property ( `PropertyID`, `Address`, `City`, `State`, `Zip`, `Category`, `Bedrooms`, `Bathrooms`, `AirbnbPlus`, `HostID` ) VALUES ( 56, '556 East White Milton Way', 'Little Rock', 'Alaska', '81884', 'Seaside', 1, 3, false, 113 );
INSERT INTO property ( `PropertyID`, `Address`, `City`, `State`, `Zip`, `Category`, `Bedrooms`, `Bathrooms`, `AirbnbPlus`, `HostID` ) VALUES ( 57, '31 South Green Cowley Road', 'Philadelphia', 'Mississippi', '43761', 'Mansions', 7, 2, NULL, 80 );
INSERT INTO property ( `PropertyID`, `Address`, `City`, `State`, `Zip`, `Category`, `Bedrooms`, `Bathrooms`, `AirbnbPlus`, `HostID` ) VALUES ( 58, '35 South Green Milton Way', 'San Diego', NULL, '09423', 'Beachfront', NULL, 4, true, 9 );
INSERT INTO property ( `PropertyID`, `Address`, `City`, `State`, `Zip`, `Category`, `Bedrooms`, `Bathrooms`, `AirbnbPlus`, `HostID` ) VALUES ( 59, '608 West Rocky Milton Street', 'Detroit', 'Maine', '26491', 'Mansions', 4, 4, false, 80 );
INSERT INTO property ( `PropertyID`, `Address`, `City`, `State`, `Zip`, `Category`, `Bedrooms`, `Bathrooms`, `AirbnbPlus`, `HostID` ) VALUES ( 60, '445 South White New Freeway', 'Shreveport', 'Hawaii', '08269', 'Cabins', 3, 4, true, 84 );
INSERT INTO property ( `PropertyID`, `Address`, `City`, `State`, `Zip`, `Category`, `Bedrooms`, `Bathrooms`, `AirbnbPlus`, `HostID` ) VALUES ( 61, NULL, 'Portland', NULL, '69659', 'Mansions', 9, 9, NULL, NULL );
INSERT INTO property ( `PropertyID`, `Address`, `City`, `State`, `Zip`, `Category`, `Bedrooms`, `Bathrooms`, `AirbnbPlus`, `HostID` ) VALUES ( 62, '413 South Rocky Second Blvd.', 'Indianapolis', 'Wisconsin', '71372', 'Cabins', 6, 4, false, 24 );
INSERT INTO property ( `PropertyID`, `Address`, `City`, `State`, `Zip`, `Category`, `Bedrooms`, `Bathrooms`, `AirbnbPlus`, `HostID` ) VALUES ( 63, '782 North Rocky New Way', 'Raleigh', 'Nevada', '63882', 'Beachfront', 9, 6, false, 146 );
INSERT INTO property ( `PropertyID`, `Address`, `City`, `State`, `Zip`, `Category`, `Bedrooms`, `Bathrooms`, `AirbnbPlus`, `HostID` ) VALUES ( 64, '63 North White Oak Blvd.', 'Anchorage', 'Oregon', '17313', 'Cabins', 6, 1, false, 5 );
INSERT INTO property ( `PropertyID`, `Address`, `City`, `State`, `Zip`, `Category`, `Bedrooms`, `Bathrooms`, `AirbnbPlus`, `HostID` ) VALUES ( 65, '27 South Rocky Nobel Boulevard', 'Pittsburgh', 'Mississippi', '14852', 'Cabins', 3, 3, true, 33 );
INSERT INTO property ( `PropertyID`, `Address`, `City`, `State`, `Zip`, `Category`, `Bedrooms`, `Bathrooms`, `AirbnbPlus`, `HostID` ) VALUES ( 66, '538 East Rocky Milton Way', 'Albuquerque', 'Colorado', NULL, 'Beachfront', 2, 9, false, 53 );
INSERT INTO property ( `PropertyID`, `Address`, `City`, `State`, `Zip`, `Category`, `Bedrooms`, `Bathrooms`, `AirbnbPlus`, `HostID` ) VALUES ( 67, NULL, 'Lincoln', NULL, '36778', 'Tinyhomes', 7, 8, false, 128 );
INSERT INTO property ( `PropertyID`, `Address`, `City`, `State`, `Zip`, `Category`, `Bedrooms`, `Bathrooms`, `AirbnbPlus`, `HostID` ) VALUES ( 68, '53 South Green Nobel Road', 'Santa Ana', 'Nebraska', '38535', 'Tinyhomes', 1, 2, false, 17 );
INSERT INTO property ( `PropertyID`, `Address`, `City`, `State`, `Zip`, `Category`, `Bedrooms`, `Bathrooms`, `AirbnbPlus`, `HostID` ) VALUES ( 69, '26 West Rocky First Boulevard', 'Pittsburgh', 'North Carolina', '70326', 'Mansions', 9, 2, false, 147 );
INSERT INTO property ( `PropertyID`, `Address`, `City`, `State`, `Zip`, `Category`, `Bedrooms`, `Bathrooms`, `AirbnbPlus`, `HostID` ) VALUES ( 70, '449 North Green New Freeway', 'Houston', 'Ohio', '18748', 'Cabins', NULL, 2, true, 53 );
INSERT INTO property ( `PropertyID`, `Address`, `City`, `State`, `Zip`, `Category`, `Bedrooms`, `Bathrooms`, `AirbnbPlus`, `HostID` ) VALUES ( 71, '621 North Green Milton St.', 'Fremont', 'Oregon', '41237', 'Cabins', 5, 4, false, 52 );
INSERT INTO property ( `PropertyID`, `Address`, `City`, `State`, `Zip`, `Category`, `Bedrooms`, `Bathrooms`, `AirbnbPlus`, `HostID` ) VALUES ( 72, NULL, 'Detroit', 'Kentucky', '50313', 'Seaside', 5, 5, true, 69 );
INSERT INTO property ( `PropertyID`, `Address`, `City`, `State`, `Zip`, `Category`, `Bedrooms`, `Bathrooms`, `AirbnbPlus`, `HostID` ) VALUES ( 73, '45 East Rocky New St.', 'Greensboro', 'Ohio', '44454', 'Beachfront', 5, 4, true, 69 );
INSERT INTO property ( `PropertyID`, `Address`, `City`, `State`, `Zip`, `Category`, `Bedrooms`, `Bathrooms`, `AirbnbPlus`, `HostID` ) VALUES ( 74, '648 South White Hague Parkway', 'Los Angeles', 'North Carolina', '22249', 'Cabins', 3, 6, false, 108 );
INSERT INTO property ( `PropertyID`, `Address`, `City`, `State`, `Zip`, `Category`, `Bedrooms`, `Bathrooms`, `AirbnbPlus`, `HostID` ) VALUES ( 75, '315 North Green Fabien Road', 'Norfolk', NULL, '17718', 'Mansions', 3, 7, false, 115 );
INSERT INTO property ( `PropertyID`, `Address`, `City`, `State`, `Zip`, `Category`, `Bedrooms`, `Bathrooms`, `AirbnbPlus`, `HostID` ) VALUES ( 76, '87 East Rocky Second Way', 'Houston', 'New Hampshire', '56434', 'Tinyhomes', 2, 7, false, 23 );
INSERT INTO property ( `PropertyID`, `Address`, `City`, `State`, `Zip`, `Category`, `Bedrooms`, `Bathrooms`, `AirbnbPlus`, `HostID` ) VALUES ( 77, '454 South Green Second Freeway', 'Newark', 'South Carolina', '15513', 'Seaside', 4, 5, NULL, 10 );
INSERT INTO property ( `PropertyID`, `Address`, `City`, `State`, `Zip`, `Category`, `Bedrooms`, `Bathrooms`, `AirbnbPlus`, `HostID` ) VALUES ( 78, '732 South Rocky Hague Street', 'Grand Rapids', 'Alaska', '85137', 'Mansions', 9, 2, false, 47 );
INSERT INTO property ( `PropertyID`, `Address`, `City`, `State`, `Zip`, `Category`, `Bedrooms`, `Bathrooms`, `AirbnbPlus`, `HostID` ) VALUES ( 79, '79 East White Cowley Boulevard', 'Jersey', NULL, NULL, 'Loft', 2, 4, true, 58 );
INSERT INTO property ( `PropertyID`, `Address`, `City`, `State`, `Zip`, `Category`, `Bedrooms`, `Bathrooms`, `AirbnbPlus`, `HostID` ) VALUES ( 80, '27 East Rocky Milton Freeway', 'Columbus', 'Louisiana', '81437', 'Seaside', 5, 6, true, NULL );
INSERT INTO property ( `PropertyID`, `Address`, `City`, `State`, `Zip`, `Category`, `Bedrooms`, `Bathrooms`, `AirbnbPlus`, `HostID` ) VALUES ( 81, '49 South White Milton Road', NULL, 'Vermont', '62161', 'Mansions', 2, 3, false, 123 );
INSERT INTO property ( `PropertyID`, `Address`, `City`, `State`, `Zip`, `Category`, `Bedrooms`, `Bathrooms`, `AirbnbPlus`, `HostID` ) VALUES ( 82, '29 North Rocky Cowley Boulevard', 'Buffalo', 'Kentucky', '88251', 'Tinyhomes', 4, 3, true, 28 );
INSERT INTO property ( `PropertyID`, `Address`, `City`, `State`, `Zip`, `Category`, `Bedrooms`, `Bathrooms`, `AirbnbPlus`, `HostID` ) VALUES ( 83, '531 South Green First Way', 'Des Moines', 'Ohio', NULL, 'Cabins', 2, 9, false, 142 );
INSERT INTO property ( `PropertyID`, `Address`, `City`, `State`, `Zip`, `Category`, `Bedrooms`, `Bathrooms`, `AirbnbPlus`, `HostID` ) VALUES ( 84, '88 West Green First Drive', 'San Antonio', 'Arkansas', '47717', 'Mansions', 1, 2, true, 81 );
INSERT INTO property ( `PropertyID`, `Address`, `City`, `State`, `Zip`, `Category`, `Bedrooms`, `Bathrooms`, `AirbnbPlus`, `HostID` ) VALUES ( 85, '162 South Rocky Old Parkway', 'Dayton', 'Utah', '03336', NULL, 6, 6, false, 102 );
INSERT INTO property ( `PropertyID`, `Address`, `City`, `State`, `Zip`, `Category`, `Bedrooms`, `Bathrooms`, `AirbnbPlus`, `HostID` ) VALUES ( 86, '371 South Rocky Hague Blvd.', 'Arlington', 'Ohio', '20546', 'Seaside', 1, 5, false, 27 );
INSERT INTO property ( `PropertyID`, `Address`, `City`, `State`, `Zip`, `Category`, `Bedrooms`, `Bathrooms`, `AirbnbPlus`, `HostID` ) VALUES ( 87, '583 South Green Cowley Parkway', 'Corpus Christi', NULL, '66051', 'Cabins', 3, 6, NULL, 106 );
INSERT INTO property ( `PropertyID`, `Address`, `City`, `State`, `Zip`, `Category`, `Bedrooms`, `Bathrooms`, `AirbnbPlus`, `HostID` ) VALUES ( 88, NULL, 'Phoenix', NULL, '57407', 'Cabins', 4, 1, false, 65 );
INSERT INTO property ( `PropertyID`, `Address`, `City`, `State`, `Zip`, `Category`, `Bedrooms`, `Bathrooms`, `AirbnbPlus`, `HostID` ) VALUES ( 89, '624 North Green Fabien Avenue', 'Glendale', 'Arizona', '11811', 'Seaside', 4, 1, false, 121 );
INSERT INTO property ( `PropertyID`, `Address`, `City`, `State`, `Zip`, `Category`, `Bedrooms`, `Bathrooms`, `AirbnbPlus`, `HostID` ) VALUES ( 90, '77 West Green First St.', NULL, 'Ohio', '57771', 'Beachfront', 8, 9, false, 50 );
INSERT INTO property ( `PropertyID`, `Address`, `City`, `State`, `Zip`, `Category`, `Bedrooms`, `Bathrooms`, `AirbnbPlus`, `HostID` ) VALUES ( 91, '46 West Green Old St.', 'Albuquerque', NULL, '07061', 'Tinyhomes', 8, NULL, false, 99 );
INSERT INTO property ( `PropertyID`, `Address`, `City`, `State`, `Zip`, `Category`, `Bedrooms`, `Bathrooms`, `AirbnbPlus`, `HostID` ) VALUES ( 92, '82 South Green Milton Road', 'Des Moines', 'Maine', '74196', 'Cabins', 4, 7, true, 15 );
INSERT INTO property ( `PropertyID`, `Address`, `City`, `State`, `Zip`, `Category`, `Bedrooms`, `Bathrooms`, `AirbnbPlus`, `HostID` ) VALUES ( 93, '51 North Green Milton Street', NULL, 'Kentucky', '61628', 'Tinyhomes', 4, 1, NULL, NULL );
INSERT INTO property ( `PropertyID`, `Address`, `City`, `State`, `Zip`, `Category`, `Bedrooms`, `Bathrooms`, `AirbnbPlus`, `HostID` ) VALUES ( 94, NULL, 'Minneapolis', 'Oklahoma', '87316', 'Mansions', 3, 2, false, NULL );
INSERT INTO property ( `PropertyID`, `Address`, `City`, `State`, `Zip`, `Category`, `Bedrooms`, `Bathrooms`, `AirbnbPlus`, `HostID` ) VALUES ( 95, '44 West White Second Drive', 'Pittsburgh', 'Florida', '61752', 'Cabins', 3, 2, false, 56 );
INSERT INTO property ( `PropertyID`, `Address`, `City`, `State`, `Zip`, `Category`, `Bedrooms`, `Bathrooms`, `AirbnbPlus`, `HostID` ) VALUES ( 96, '67 North Rocky Nobel Blvd.', 'Anaheim', 'Florida', '55395', 'Beachfront', 9, 6, false, 31 );
INSERT INTO property ( `PropertyID`, `Address`, `City`, `State`, `Zip`, `Category`, `Bedrooms`, `Bathrooms`, `AirbnbPlus`, `HostID` ) VALUES ( 97, '510 South White Old St.', 'Raleigh', 'Kansas', '62048', NULL, 5, 4, true, 3 );
INSERT INTO property ( `PropertyID`, `Address`, `City`, `State`, `Zip`, `Category`, `Bedrooms`, `Bathrooms`, `AirbnbPlus`, `HostID` ) VALUES ( 98, '467 South Rocky Milton Parkway', 'Milwaukee', 'Minnesota', '31538', 'Beachfront', 3, 9, true, 57 );
INSERT INTO property ( `PropertyID`, `Address`, `City`, `State`, `Zip`, `Category`, `Bedrooms`, `Bathrooms`, `AirbnbPlus`, `HostID` ) VALUES ( 99, NULL, 'Indianapolis', 'Michigan', '61781', 'Beachfront', 1, 6, true, 74 );
INSERT INTO property ( `PropertyID`, `Address`, `City`, `State`, `Zip`, `Category`, `Bedrooms`, `Bathrooms`, `AirbnbPlus`, `HostID` ) VALUES ( 100, NULL, 'Fremont', 'Wyoming', '33743', 'Loft', 8, 1, true, NULL );
INSERT INTO property ( `PropertyID`, `Address`, `City`, `State`, `Zip`, `Category`, `Bedrooms`, `Bathrooms`, `AirbnbPlus`, `HostID` ) VALUES ( 101, '17 North Green Hague Parkway', 'Colorado', 'Massachusetts', '38213', 'Beachfront', 2, 2, true, 52 );
INSERT INTO property ( `PropertyID`, `Address`, `City`, `State`, `Zip`, `Category`, `Bedrooms`, `Bathrooms`, `AirbnbPlus`, `HostID` ) VALUES ( 102, '530 South Green New Blvd.', 'Kansas', 'Alaska', '11627', 'Tinyhomes', 8, 1, true, NULL );
INSERT INTO property ( `PropertyID`, `Address`, `City`, `State`, `Zip`, `Category`, `Bedrooms`, `Bathrooms`, `AirbnbPlus`, `HostID` ) VALUES ( 103, '38 East Green Oak Road', 'Little Rock', 'South Dakota', '16785', 'Cabins', 2, 7, NULL, 59 );
INSERT INTO property ( `PropertyID`, `Address`, `City`, `State`, `Zip`, `Category`, `Bedrooms`, `Bathrooms`, `AirbnbPlus`, `HostID` ) VALUES ( 104, NULL, 'Boston', 'Alabama', '31107', 'Mansions', 9, 5, false, 138 );
INSERT INTO property ( `PropertyID`, `Address`, `City`, `State`, `Zip`, `Category`, `Bedrooms`, `Bathrooms`, `AirbnbPlus`, `HostID` ) VALUES ( 105, '91 North Green Milton St.', 'Detroit', 'New Jersey', '48448', 'Cabins', 4, 9, true, 112 );
INSERT INTO property ( `PropertyID`, `Address`, `City`, `State`, `Zip`, `Category`, `Bedrooms`, `Bathrooms`, `AirbnbPlus`, `HostID` ) VALUES ( 106, NULL, 'Grand Rapids', 'Georgia', '15375', 'Tinyhomes', 8, 1, true, 114 );
INSERT INTO property ( `PropertyID`, `Address`, `City`, `State`, `Zip`, `Category`, `Bedrooms`, `Bathrooms`, `AirbnbPlus`, `HostID` ) VALUES ( 107, '56 South Rocky Old Way', 'Minneapolis', 'Ohio', '74354', 'Lakefront', 3, 8, true, 100 );
INSERT INTO property ( `PropertyID`, `Address`, `City`, `State`, `Zip`, `Category`, `Bedrooms`, `Bathrooms`, `AirbnbPlus`, `HostID` ) VALUES ( 108, '21 North Green Old Freeway', 'Corpus Christi', 'Colorado', '65747', NULL, 5, 9, true, NULL );
INSERT INTO property ( `PropertyID`, `Address`, `City`, `State`, `Zip`, `Category`, `Bedrooms`, `Bathrooms`, `AirbnbPlus`, `HostID` ) VALUES ( 109, '356 West Green Hague Drive', 'Bakersfield', 'Missouri', '03477', 'Beachfront', 1, 7, true, NULL );
INSERT INTO property ( `PropertyID`, `Address`, `City`, `State`, `Zip`, `Category`, `Bedrooms`, `Bathrooms`, `AirbnbPlus`, `HostID` ) VALUES ( 110, '556 South Green Hague Street', 'El Paso', 'Pennsylvania', NULL, 'Mansions', 9, 8, false, NULL );
INSERT INTO property ( `PropertyID`, `Address`, `City`, `State`, `Zip`, `Category`, `Bedrooms`, `Bathrooms`, `AirbnbPlus`, `HostID` ) VALUES ( 111, '461 South Green Fabien Way', NULL, 'Nebraska', '66851', 'Cabins', 3, 2, false, 116 );
INSERT INTO property ( `PropertyID`, `Address`, `City`, `State`, `Zip`, `Category`, `Bedrooms`, `Bathrooms`, `AirbnbPlus`, `HostID` ) VALUES ( 112, '251 East Green New Drive', 'San Antonio', 'Iowa', '87271', 'Cabins', 4, 5, true, NULL );
INSERT INTO property ( `PropertyID`, `Address`, `City`, `State`, `Zip`, `Category`, `Bedrooms`, `Bathrooms`, `AirbnbPlus`, `HostID` ) VALUES ( 113, '22 North Green Nobel St.', 'St. Petersburg', 'South Dakota', '14194', 'Beachfront', 6, 2, true, 36 );
INSERT INTO property ( `PropertyID`, `Address`, `City`, `State`, `Zip`, `Category`, `Bedrooms`, `Bathrooms`, `AirbnbPlus`, `HostID` ) VALUES ( 114, '958 West Rocky Oak Street', NULL, 'Idaho', '66448', 'Beachfront', 4, 8, true, NULL );
INSERT INTO property ( `PropertyID`, `Address`, `City`, `State`, `Zip`, `Category`, `Bedrooms`, `Bathrooms`, `AirbnbPlus`, `HostID` ) VALUES ( 115, '76 South Rocky Hague Way', 'Garland', 'North Dakota', '63236', NULL, 7, NULL, false, 122 );
INSERT INTO property ( `PropertyID`, `Address`, `City`, `State`, `Zip`, `Category`, `Bedrooms`, `Bathrooms`, `AirbnbPlus`, `HostID` ) VALUES ( 116, '650 South White Clarendon Boulevard', 'Minneapolis', 'Nevada', '67366', 'Lakefront', 1, 8, true, 104 );
INSERT INTO property ( `PropertyID`, `Address`, `City`, `State`, `Zip`, `Category`, `Bedrooms`, `Bathrooms`, `AirbnbPlus`, `HostID` ) VALUES ( 117, '73 South Rocky Second Road', 'Cleveland', 'Ohio', '68867', 'Beachfront', NULL, 5, false, NULL );
INSERT INTO property ( `PropertyID`, `Address`, `City`, `State`, `Zip`, `Category`, `Bedrooms`, `Bathrooms`, `AirbnbPlus`, `HostID` ) VALUES ( 118, '52 South Green Hague Road', NULL, 'Iowa', '18610', 'Mansions', 3, 1, NULL, NULL );
INSERT INTO property ( `PropertyID`, `Address`, `City`, `State`, `Zip`, `Category`, `Bedrooms`, `Bathrooms`, `AirbnbPlus`, `HostID` ) VALUES ( 119, '59 South Rocky Cowley Avenue', 'Arlington', 'Michigan', NULL, 'Mansions', 8, 8, false, NULL );
INSERT INTO property ( `PropertyID`, `Address`, `City`, `State`, `Zip`, `Category`, `Bedrooms`, `Bathrooms`, `AirbnbPlus`, `HostID` ) VALUES ( 120, '851 North White Second Blvd.', 'Colorado', 'Rhode Island', '27279', 'Seaside', 2, NULL, true, 18 );
INSERT INTO property ( `PropertyID`, `Address`, `City`, `State`, `Zip`, `Category`, `Bedrooms`, `Bathrooms`, `AirbnbPlus`, `HostID` ) VALUES ( 121, NULL, 'Akron', 'Alabama', '12718', NULL, 6, 3, true, 54 );
INSERT INTO property ( `PropertyID`, `Address`, `City`, `State`, `Zip`, `Category`, `Bedrooms`, `Bathrooms`, `AirbnbPlus`, `HostID` ) VALUES ( 122, '32 South White Oak St.', 'Wichita', NULL, '48789', 'Tinyhomes', 4, 4, true, 18 );
INSERT INTO property ( `PropertyID`, `Address`, `City`, `State`, `Zip`, `Category`, `Bedrooms`, `Bathrooms`, `AirbnbPlus`, `HostID` ) VALUES ( 123, '52 North Rocky Fabien Way', 'Denver', 'Nebraska', NULL, 'Cabins', 3, 3, false, 133 );
INSERT INTO property ( `PropertyID`, `Address`, `City`, `State`, `Zip`, `Category`, `Bedrooms`, `Bathrooms`, `AirbnbPlus`, `HostID` ) VALUES ( 124, '829 South Rocky Milton St.', 'Jackson', 'Massachusetts', '38145', 'Cabins', 7, 6, true, 42 );
INSERT INTO property ( `PropertyID`, `Address`, `City`, `State`, `Zip`, `Category`, `Bedrooms`, `Bathrooms`, `AirbnbPlus`, `HostID` ) VALUES ( 125, '823 South Green Fabien Parkway', 'Cincinnati', 'Delaware', '37217', NULL, 1, 2, NULL, 107 );
INSERT INTO property ( `PropertyID`, `Address`, `City`, `State`, `Zip`, `Category`, `Bedrooms`, `Bathrooms`, `AirbnbPlus`, `HostID` ) VALUES ( 126, '455 South Rocky Second Freeway', 'Greensboro', 'South Carolina', '24251', 'Seaside', 5, 5, NULL, 107 );
INSERT INTO property ( `PropertyID`, `Address`, `City`, `State`, `Zip`, `Category`, `Bedrooms`, `Bathrooms`, `AirbnbPlus`, `HostID` ) VALUES ( 127, '895 East Rocky Hague Avenue', 'Jacksonville', 'California', '25225', 'Cabins', 4, 4, false, 86 );
INSERT INTO property ( `PropertyID`, `Address`, `City`, `State`, `Zip`, `Category`, `Bedrooms`, `Bathrooms`, `AirbnbPlus`, `HostID` ) VALUES ( 128, NULL, 'Austin', 'Kansas', NULL, 'Lakefront', 6, 2, true, NULL );
INSERT INTO property ( `PropertyID`, `Address`, `City`, `State`, `Zip`, `Category`, `Bedrooms`, `Bathrooms`, `AirbnbPlus`, `HostID` ) VALUES ( 129, '622 South White New Blvd.', 'Columbus', 'North Carolina', '29517', 'Loft', 8, 1, false, 71 );
INSERT INTO property ( `PropertyID`, `Address`, `City`, `State`, `Zip`, `Category`, `Bedrooms`, `Bathrooms`, `AirbnbPlus`, `HostID` ) VALUES ( 130, '220 East Green Cowley Freeway', NULL, 'South Dakota', '58682', 'Mansions', 6, 8, false, 10 );
INSERT INTO property ( `PropertyID`, `Address`, `City`, `State`, `Zip`, `Category`, `Bedrooms`, `Bathrooms`, `AirbnbPlus`, `HostID` ) VALUES ( 131, '39 West Green Fabien Avenue', 'Columbus', 'Alabama', '11172', 'Mansions', NULL, 2, false, 60 );
INSERT INTO property ( `PropertyID`, `Address`, `City`, `State`, `Zip`, `Category`, `Bedrooms`, `Bathrooms`, `AirbnbPlus`, `HostID` ) VALUES ( 132, '130 South Rocky Milton Drive', 'Garland', 'Michigan', '73542', 'Cabins', 5, 1, false, 95 );
INSERT INTO property ( `PropertyID`, `Address`, `City`, `State`, `Zip`, `Category`, `Bedrooms`, `Bathrooms`, `AirbnbPlus`, `HostID` ) VALUES ( 133, '817 West Green Milton Way', 'Omaha', 'Minnesota', '21508', 'Mansions', NULL, 6, true, 2 );
INSERT INTO property ( `PropertyID`, `Address`, `City`, `State`, `Zip`, `Category`, `Bedrooms`, `Bathrooms`, `AirbnbPlus`, `HostID` ) VALUES ( 134, '85 North Green Milton Boulevard', 'Seattle', 'Wisconsin', '72115', 'Loft', NULL, 2, false, 69 );
INSERT INTO property ( `PropertyID`, `Address`, `City`, `State`, `Zip`, `Category`, `Bedrooms`, `Bathrooms`, `AirbnbPlus`, `HostID` ) VALUES ( 135, '241 North White New Way', 'Miami', 'South Dakota', '37786', NULL, 1, 5, true, 126 );
INSERT INTO property ( `PropertyID`, `Address`, `City`, `State`, `Zip`, `Category`, `Bedrooms`, `Bathrooms`, `AirbnbPlus`, `HostID` ) VALUES ( 136, '226 East Green First Way', 'Arlington', 'Kentucky', '14927', NULL, 5, NULL, true, NULL );
INSERT INTO property ( `PropertyID`, `Address`, `City`, `State`, `Zip`, `Category`, `Bedrooms`, `Bathrooms`, `AirbnbPlus`, `HostID` ) VALUES ( 137, '362 North Green Fabien Boulevard', 'Baton Rouge', 'New Hampshire', '94245', 'Mansions', 3, 2, false, 33 );
INSERT INTO property ( `PropertyID`, `Address`, `City`, `State`, `Zip`, `Category`, `Bedrooms`, `Bathrooms`, `AirbnbPlus`, `HostID` ) VALUES ( 138, '423 South Green Clarendon Parkway', 'Baton Rouge', NULL, '44313', 'Mansions', 1, 3, false, 86 );
INSERT INTO property ( `PropertyID`, `Address`, `City`, `State`, `Zip`, `Category`, `Bedrooms`, `Bathrooms`, `AirbnbPlus`, `HostID` ) VALUES ( 139, '52 South Rocky Clarendon Way', 'Los Angeles', 'North Carolina', '12793', 'Seaside', 3, 4, false, 99 );
INSERT INTO property ( `PropertyID`, `Address`, `City`, `State`, `Zip`, `Category`, `Bedrooms`, `Bathrooms`, `AirbnbPlus`, `HostID` ) VALUES ( 140, '45 South White Milton St.', 'Wichita', 'Pennsylvania', '56752', 'Mansions', 4, 2, true, 87 );
INSERT INTO property ( `PropertyID`, `Address`, `City`, `State`, `Zip`, `Category`, `Bedrooms`, `Bathrooms`, `AirbnbPlus`, `HostID` ) VALUES ( 141, '267 North White Fabien Street', 'Norfolk', NULL, '39045', 'Beachfront', 1, 7, false, 81 );
INSERT INTO property ( `PropertyID`, `Address`, `City`, `State`, `Zip`, `Category`, `Bedrooms`, `Bathrooms`, `AirbnbPlus`, `HostID` ) VALUES ( 142, '66 East Rocky Second Way', 'Dallas', 'Kentucky', '32528', 'Beachfront', 8, 5, false, 22 );
INSERT INTO property ( `PropertyID`, `Address`, `City`, `State`, `Zip`, `Category`, `Bedrooms`, `Bathrooms`, `AirbnbPlus`, `HostID` ) VALUES ( 143, '16 South Green Milton Freeway', 'Oklahoma', 'Wyoming', '76464', NULL, 6, 7, false, 141 );
INSERT INTO property ( `PropertyID`, `Address`, `City`, `State`, `Zip`, `Category`, `Bedrooms`, `Bathrooms`, `AirbnbPlus`, `HostID` ) VALUES ( 144, '65 West Green Milton Boulevard', NULL, 'Wyoming', '74761', 'Beachfront', 6, 4, NULL, NULL );
INSERT INTO property ( `PropertyID`, `Address`, `City`, `State`, `Zip`, `Category`, `Bedrooms`, `Bathrooms`, `AirbnbPlus`, `HostID` ) VALUES ( 145, NULL, 'Sacramento', NULL, NULL, 'Cabins', 1, 4, false, NULL );
INSERT INTO property ( `PropertyID`, `Address`, `City`, `State`, `Zip`, `Category`, `Bedrooms`, `Bathrooms`, `AirbnbPlus`, `HostID` ) VALUES ( 146, '313 West Green First Boulevard', 'Omaha', 'South Dakota', NULL, 'Loft', NULL, 6, true, 129 );
INSERT INTO property ( `PropertyID`, `Address`, `City`, `State`, `Zip`, `Category`, `Bedrooms`, `Bathrooms`, `AirbnbPlus`, `HostID` ) VALUES ( 147, '61 North Green Cowley Way', 'Montgomery', 'Idaho', '32452', 'Seaside', 2, 9, false, 149 );
INSERT INTO property ( `PropertyID`, `Address`, `City`, `State`, `Zip`, `Category`, `Bedrooms`, `Bathrooms`, `AirbnbPlus`, `HostID` ) VALUES ( 148, '228 South Rocky Cowley St.', 'Cincinnati', NULL, '22987', 'Tinyhomes', 2, 8, false, NULL );
INSERT INTO property ( `PropertyID`, `Address`, `City`, `State`, `Zip`, `Category`, `Bedrooms`, `Bathrooms`, `AirbnbPlus`, `HostID` ) VALUES ( 149, NULL, 'Tampa', 'Oregon', '41283', 'Cabins', NULL, 8, true, NULL );
INSERT INTO property ( `PropertyID`, `Address`, `City`, `State`, `Zip`, `Category`, `Bedrooms`, `Bathrooms`, `AirbnbPlus`, `HostID` ) VALUES ( 150, '449 West White New St.', 'Charlotte', 'Idaho', '77629', 'Mansions', 6, 2, false, 149 );
INSERT INTO property ( `PropertyID`, `Address`, `City`, `State`, `Zip`, `Category`, `Bedrooms`, `Bathrooms`, `AirbnbPlus`, `HostID` ) VALUES ( 151, '611 South Rocky Oak Parkway', 'Jacksonville', 'Vermont', '64814', NULL, 4, NULL, true, 56 );
INSERT INTO property ( `PropertyID`, `Address`, `City`, `State`, `Zip`, `Category`, `Bedrooms`, `Bathrooms`, `AirbnbPlus`, `HostID` ) VALUES ( 152, '93 South White Milton Freeway', 'Louisville', 'Alabama', '74133', 'Cabins', 6, 8, true, 146 );
INSERT INTO property ( `PropertyID`, `Address`, `City`, `State`, `Zip`, `Category`, `Bedrooms`, `Bathrooms`, `AirbnbPlus`, `HostID` ) VALUES ( 153, '36 North Green Fabien Street', 'Virginia Beach', 'North Dakota', '12062', 'Seaside', 8, 7, false, 122 );
INSERT INTO property ( `PropertyID`, `Address`, `City`, `State`, `Zip`, `Category`, `Bedrooms`, `Bathrooms`, `AirbnbPlus`, `HostID` ) VALUES ( 154, '748 South Rocky Milton Drive', 'Sacramento', 'Louisiana', '77269', 'Mansions', 9, 3, false, NULL );
INSERT INTO property ( `PropertyID`, `Address`, `City`, `State`, `Zip`, `Category`, `Bedrooms`, `Bathrooms`, `AirbnbPlus`, `HostID` ) VALUES ( 155, '350 North Rocky New Avenue', 'Tucson', 'Vermont', '59412', 'Beachfront', NULL, 2, false, 54 );
INSERT INTO property ( `PropertyID`, `Address`, `City`, `State`, `Zip`, `Category`, `Bedrooms`, `Bathrooms`, `AirbnbPlus`, `HostID` ) VALUES ( 156, '854 South White Hague Way', 'Jackson', 'Colorado', NULL, 'Cabins', 8, 5, false, 12 );
INSERT INTO property ( `PropertyID`, `Address`, `City`, `State`, `Zip`, `Category`, `Bedrooms`, `Bathrooms`, `AirbnbPlus`, `HostID` ) VALUES ( 157, '283 East Rocky New Freeway', 'Atlanta', 'Connecticut', NULL, NULL, 6, 4, true, 74 );
INSERT INTO property ( `PropertyID`, `Address`, `City`, `State`, `Zip`, `Category`, `Bedrooms`, `Bathrooms`, `AirbnbPlus`, `HostID` ) VALUES ( 158, '782 North White Second St.', NULL, 'Tennessee', '66046', 'Mansions', 4, 1, false, 108 );
INSERT INTO property ( `PropertyID`, `Address`, `City`, `State`, `Zip`, `Category`, `Bedrooms`, `Bathrooms`, `AirbnbPlus`, `HostID` ) VALUES ( 159, '90 South Rocky Old Boulevard', 'Sacramento', 'Tennessee', '53543', NULL, NULL, 4, false, 27 );
INSERT INTO property ( `PropertyID`, `Address`, `City`, `State`, `Zip`, `Category`, `Bedrooms`, `Bathrooms`, `AirbnbPlus`, `HostID` ) VALUES ( 160, '29 South White New Blvd.', 'Oklahoma', 'Indiana', '85781', 'Lakefront', 4, 1, false, 22 );
INSERT INTO property ( `PropertyID`, `Address`, `City`, `State`, `Zip`, `Category`, `Bedrooms`, `Bathrooms`, `AirbnbPlus`, `HostID` ) VALUES ( 161, NULL, 'Akron', 'New Hampshire', NULL, 'Beachfront', 4, 6, false, 13 );
INSERT INTO property ( `PropertyID`, `Address`, `City`, `State`, `Zip`, `Category`, `Bedrooms`, `Bathrooms`, `AirbnbPlus`, `HostID` ) VALUES ( 162, '416 North Green New Way', 'Bakersfield', 'Kansas', '26355', 'Mansions', 3, 4, true, 8 );
INSERT INTO property ( `PropertyID`, `Address`, `City`, `State`, `Zip`, `Category`, `Bedrooms`, `Bathrooms`, `AirbnbPlus`, `HostID` ) VALUES ( 163, '69 North Green Milton Drive', 'Lincoln', 'Oklahoma', '07311', 'Mansions', NULL, 8, false, 18 );
INSERT INTO property ( `PropertyID`, `Address`, `City`, `State`, `Zip`, `Category`, `Bedrooms`, `Bathrooms`, `AirbnbPlus`, `HostID` ) VALUES ( 164, '28 South White Hague Road', 'Denver', 'Missouri', '88623', 'Beachfront', 8, 8, NULL, NULL );
INSERT INTO property ( `PropertyID`, `Address`, `City`, `State`, `Zip`, `Category`, `Bedrooms`, `Bathrooms`, `AirbnbPlus`, `HostID` ) VALUES ( 165, '955 East Green Hague Blvd.', 'Newark', 'Alabama', '34462', 'Loft', 7, 2, false, 38 );
INSERT INTO property ( `PropertyID`, `Address`, `City`, `State`, `Zip`, `Category`, `Bedrooms`, `Bathrooms`, `AirbnbPlus`, `HostID` ) VALUES ( 166, '425 North Rocky Milton St.', NULL, 'California', NULL, 'Beachfront', 9, 2, true, 78 );
INSERT INTO property ( `PropertyID`, `Address`, `City`, `State`, `Zip`, `Category`, `Bedrooms`, `Bathrooms`, `AirbnbPlus`, `HostID` ) VALUES ( 167, '514 North Green Hague Drive', 'Kansas', 'Hawaii', '68607', 'Mansions', 7, 9, true, 93 );
INSERT INTO property ( `PropertyID`, `Address`, `City`, `State`, `Zip`, `Category`, `Bedrooms`, `Bathrooms`, `AirbnbPlus`, `HostID` ) VALUES ( 168, '87 South Green Oak Road', 'Grand Rapids', 'Virginia', '74747', 'Beachfront', 2, 3, NULL, 73 );
INSERT INTO property ( `PropertyID`, `Address`, `City`, `State`, `Zip`, `Category`, `Bedrooms`, `Bathrooms`, `AirbnbPlus`, `HostID` ) VALUES ( 169, '90 South White Milton Road', 'Portland', NULL, '75988', 'Mansions', 2, 2, true, 2 );
INSERT INTO property ( `PropertyID`, `Address`, `City`, `State`, `Zip`, `Category`, `Bedrooms`, `Bathrooms`, `AirbnbPlus`, `HostID` ) VALUES ( 170, '269 South Green New Road', 'Tampa', 'Louisiana', '11575', NULL, 5, 7, true, 84 );
INSERT INTO property ( `PropertyID`, `Address`, `City`, `State`, `Zip`, `Category`, `Bedrooms`, `Bathrooms`, `AirbnbPlus`, `HostID` ) VALUES ( 171, '66 West Rocky Hague Drive', NULL, 'Vermont', '65774', 'Seaside', 6, 7, true, 104 );
INSERT INTO property ( `PropertyID`, `Address`, `City`, `State`, `Zip`, `Category`, `Bedrooms`, `Bathrooms`, `AirbnbPlus`, `HostID` ) VALUES ( 172, '91 East Green Oak Blvd.', 'Aurora', 'Hawaii', '39779', 'Tinyhomes', 8, NULL, false, 14 );
INSERT INTO property ( `PropertyID`, `Address`, `City`, `State`, `Zip`, `Category`, `Bedrooms`, `Bathrooms`, `AirbnbPlus`, `HostID` ) VALUES ( 173, NULL, 'Rochester', 'Michigan', '82072', 'Mansions', 9, 3, true, 30 );
INSERT INTO property ( `PropertyID`, `Address`, `City`, `State`, `Zip`, `Category`, `Bedrooms`, `Bathrooms`, `AirbnbPlus`, `HostID` ) VALUES ( 174, '59 East Rocky Cowley Street', NULL, 'Idaho', NULL, 'Cabins', 4, 2, false, 117 );
INSERT INTO property ( `PropertyID`, `Address`, `City`, `State`, `Zip`, `Category`, `Bedrooms`, `Bathrooms`, `AirbnbPlus`, `HostID` ) VALUES ( 175, '71 North White First Boulevard', 'St. Petersburg', 'Nevada', '74233', 'Beachfront', NULL, NULL, true, 108 );
INSERT INTO property ( `PropertyID`, `Address`, `City`, `State`, `Zip`, `Category`, `Bedrooms`, `Bathrooms`, `AirbnbPlus`, `HostID` ) VALUES ( 176, '477 South Rocky First Freeway', 'Wichita', 'South Carolina', '12364', NULL, 1, 8, false, 101 );
INSERT INTO property ( `PropertyID`, `Address`, `City`, `State`, `Zip`, `Category`, `Bedrooms`, `Bathrooms`, `AirbnbPlus`, `HostID` ) VALUES ( 177, '912 North White New Road', 'Omaha', 'Maryland', NULL, 'Cabins', 6, 3, false, 18 );
INSERT INTO property ( `PropertyID`, `Address`, `City`, `State`, `Zip`, `Category`, `Bedrooms`, `Bathrooms`, `AirbnbPlus`, `HostID` ) VALUES ( 178, '347 North Green Fabien Way', NULL, 'Louisiana', '58257', 'Mansions', 5, 7, false, 41 );
INSERT INTO property ( `PropertyID`, `Address`, `City`, `State`, `Zip`, `Category`, `Bedrooms`, `Bathrooms`, `AirbnbPlus`, `HostID` ) VALUES ( 179, '55 North White First Way', 'Montgomery', NULL, '57765', 'Beachfront', 1, 2, false, 19 );
INSERT INTO property ( `PropertyID`, `Address`, `City`, `State`, `Zip`, `Category`, `Bedrooms`, `Bathrooms`, `AirbnbPlus`, `HostID` ) VALUES ( 180, '87 South Rocky Second Way', 'San Antonio', 'Montana', '87782', 'Beachfront', NULL, 6, true, 110 );
INSERT INTO property ( `PropertyID`, `Address`, `City`, `State`, `Zip`, `Category`, `Bedrooms`, `Bathrooms`, `AirbnbPlus`, `HostID` ) VALUES ( 181, '732 South Green Hague Street', 'Greensboro', NULL, '50728', 'Lakefront', 4, 7, true, 97 );
INSERT INTO property ( `PropertyID`, `Address`, `City`, `State`, `Zip`, `Category`, `Bedrooms`, `Bathrooms`, `AirbnbPlus`, `HostID` ) VALUES ( 182, '248 East Green Clarendon Boulevard', 'Albuquerque', NULL, '87964', 'Cabins', NULL, 7, true, 149 );
INSERT INTO property ( `PropertyID`, `Address`, `City`, `State`, `Zip`, `Category`, `Bedrooms`, `Bathrooms`, `AirbnbPlus`, `HostID` ) VALUES ( 183, '37 North Green Milton Street', 'Pittsburgh', 'Rhode Island', '26750', 'Loft', 7, 3, true, 6 );
INSERT INTO property ( `PropertyID`, `Address`, `City`, `State`, `Zip`, `Category`, `Bedrooms`, `Bathrooms`, `AirbnbPlus`, `HostID` ) VALUES ( 184, '24 West Green Fabien Way', NULL, 'North Dakota', '27811', 'Beachfront', 7, 3, true, 49 );
INSERT INTO property ( `PropertyID`, `Address`, `City`, `State`, `Zip`, `Category`, `Bedrooms`, `Bathrooms`, `AirbnbPlus`, `HostID` ) VALUES ( 185, '73 South Rocky Hague Drive', NULL, 'Colorado', '67832', 'Cabins', 2, NULL, true, 74 );
INSERT INTO property ( `PropertyID`, `Address`, `City`, `State`, `Zip`, `Category`, `Bedrooms`, `Bathrooms`, `AirbnbPlus`, `HostID` ) VALUES ( 186, '42 South White Fabien Way', 'Garland', 'Montana', '46541', 'Seaside', 8, 7, false, 94 );
INSERT INTO property ( `PropertyID`, `Address`, `City`, `State`, `Zip`, `Category`, `Bedrooms`, `Bathrooms`, `AirbnbPlus`, `HostID` ) VALUES ( 187, '85 North White Clarendon Road', 'Honolulu', 'Virginia', '56053', 'Loft', 5, 4, false, 60 );
INSERT INTO property ( `PropertyID`, `Address`, `City`, `State`, `Zip`, `Category`, `Bedrooms`, `Bathrooms`, `AirbnbPlus`, `HostID` ) VALUES ( 188, '497 North White Fabien St.', 'Albuquerque', 'Indiana', '61321', 'Seaside', 6, 2, true, 64 );
INSERT INTO property ( `PropertyID`, `Address`, `City`, `State`, `Zip`, `Category`, `Bedrooms`, `Bathrooms`, `AirbnbPlus`, `HostID` ) VALUES ( 189, '334 East Rocky Second Freeway', NULL, 'Massachusetts', '06739', 'Mansions', 4, 1, true, 136 );
INSERT INTO property ( `PropertyID`, `Address`, `City`, `State`, `Zip`, `Category`, `Bedrooms`, `Bathrooms`, `AirbnbPlus`, `HostID` ) VALUES ( 190, '43 North Rocky Second Way', 'Long Beach', 'Nevada', '11126', NULL, NULL, 4, false, 148 );
INSERT INTO property ( `PropertyID`, `Address`, `City`, `State`, `Zip`, `Category`, `Bedrooms`, `Bathrooms`, `AirbnbPlus`, `HostID` ) VALUES ( 191, '17 North Rocky Second Boulevard', NULL, 'Minnesota', '74435', 'Seaside', 9, 9, true, 73 );
INSERT INTO property ( `PropertyID`, `Address`, `City`, `State`, `Zip`, `Category`, `Bedrooms`, `Bathrooms`, `AirbnbPlus`, `HostID` ) VALUES ( 192, '46 North Green First Boulevard', 'St. Paul', 'Colorado', '58887', 'Beachfront', 8, 4, false, 67 );
INSERT INTO property ( `PropertyID`, `Address`, `City`, `State`, `Zip`, `Category`, `Bedrooms`, `Bathrooms`, `AirbnbPlus`, `HostID` ) VALUES ( 193, '47 North Rocky Fabien Drive', 'Fremont', 'Connecticut', '51180', 'Mansions', 7, 7, true, 121 );
INSERT INTO property ( `PropertyID`, `Address`, `City`, `State`, `Zip`, `Category`, `Bedrooms`, `Bathrooms`, `AirbnbPlus`, `HostID` ) VALUES ( 194, '64 North Green Milton Blvd.', 'Philadelphia', 'Mississippi', '72845', 'Cabins', 4, 7, NULL, 131 );
INSERT INTO property ( `PropertyID`, `Address`, `City`, `State`, `Zip`, `Category`, `Bedrooms`, `Bathrooms`, `AirbnbPlus`, `HostID` ) VALUES ( 195, '38 East White Second Way', 'Charlotte', NULL, NULL, 'Mansions', 8, 7, false, 79 );
INSERT INTO property ( `PropertyID`, `Address`, `City`, `State`, `Zip`, `Category`, `Bedrooms`, `Bathrooms`, `AirbnbPlus`, `HostID` ) VALUES ( 196, '66 South Rocky Second Road', NULL, NULL, '77686', 'Mansions', 1, 7, false, 7 );
INSERT INTO property ( `PropertyID`, `Address`, `City`, `State`, `Zip`, `Category`, `Bedrooms`, `Bathrooms`, `AirbnbPlus`, `HostID` ) VALUES ( 197, '44 West Green Hague Boulevard', 'Atlanta', 'Minnesota', '11625', 'Seaside', 9, 7, true, NULL );
INSERT INTO property ( `PropertyID`, `Address`, `City`, `State`, `Zip`, `Category`, `Bedrooms`, `Bathrooms`, `AirbnbPlus`, `HostID` ) VALUES ( 198, NULL, 'Akron', 'Vermont', '67351', 'Cabins', 3, 4, false, 49 );
INSERT INTO property ( `PropertyID`, `Address`, `City`, `State`, `Zip`, `Category`, `Bedrooms`, `Bathrooms`, `AirbnbPlus`, `HostID` ) VALUES ( 199, '30 West White First Avenue', 'Jacksonville', NULL, '69123', 'Cabins', 4, 6, true, 85 );
INSERT INTO property ( `PropertyID`, `Address`, `City`, `State`, `Zip`, `Category`, `Bedrooms`, `Bathrooms`, `AirbnbPlus`, `HostID` ) VALUES ( 200, '907 North Rocky Fabien Street', 'Montgomery', 'Kentucky', NULL, 'Tinyhomes', 4, 6, false, 37 );
INSERT INTO property ( `PropertyID`, `Address`, `City`, `State`, `Zip`, `Category`, `Bedrooms`, `Bathrooms`, `AirbnbPlus`, `HostID` ) VALUES ( 201, '29 North Rocky Hague Boulevard', 'Sacramento', 'Washington', NULL, NULL, 3, 2, NULL, 149 );
INSERT INTO property ( `PropertyID`, `Address`, `City`, `State`, `Zip`, `Category`, `Bedrooms`, `Bathrooms`, `AirbnbPlus`, `HostID` ) VALUES ( 202, '46 West Rocky Nobel Street', NULL, NULL, '31353', 'Beachfront', 7, 9, false, 104 );
INSERT INTO property ( `PropertyID`, `Address`, `City`, `State`, `Zip`, `Category`, `Bedrooms`, `Bathrooms`, `AirbnbPlus`, `HostID` ) VALUES ( 203, '550 North Green Hague Drive', 'Charlotte', 'Arizona', '10776', 'Seaside', 8, 9, true, 37 );
INSERT INTO property ( `PropertyID`, `Address`, `City`, `State`, `Zip`, `Category`, `Bedrooms`, `Bathrooms`, `AirbnbPlus`, `HostID` ) VALUES ( 204, '56 North Rocky Cowley Blvd.', 'Kansas', 'South Carolina', '76671', 'Beachfront', 7, 6, true, NULL );
INSERT INTO property ( `PropertyID`, `Address`, `City`, `State`, `Zip`, `Category`, `Bedrooms`, `Bathrooms`, `AirbnbPlus`, `HostID` ) VALUES ( 205, '522 South White Second Freeway', 'Hialeah', 'Kansas', '42227', 'Beachfront', 3, 2, false, 13 );
INSERT INTO property ( `PropertyID`, `Address`, `City`, `State`, `Zip`, `Category`, `Bedrooms`, `Bathrooms`, `AirbnbPlus`, `HostID` ) VALUES ( 206, '348 West Green Hague Blvd.', 'Spokane', 'Alaska', '01336', 'Cabins', 5, 6, true, 35 );
INSERT INTO property ( `PropertyID`, `Address`, `City`, `State`, `Zip`, `Category`, `Bedrooms`, `Bathrooms`, `AirbnbPlus`, `HostID` ) VALUES ( 207, '258 South Green Hague Road', 'Honolulu', 'Connecticut', '85364', 'Seaside', 2, 1, NULL, 61 );
INSERT INTO property ( `PropertyID`, `Address`, `City`, `State`, `Zip`, `Category`, `Bedrooms`, `Bathrooms`, `AirbnbPlus`, `HostID` ) VALUES ( 208, '356 South Rocky Second Blvd.', NULL, 'Massachusetts', '40145', 'Beachfront', 7, 5, true, 83 );
INSERT INTO property ( `PropertyID`, `Address`, `City`, `State`, `Zip`, `Category`, `Bedrooms`, `Bathrooms`, `AirbnbPlus`, `HostID` ) VALUES ( 209, '55 West Green Hague St.', 'Fresno', 'Louisiana', NULL, 'Beachfront', 1, NULL, false, NULL );
INSERT INTO property ( `PropertyID`, `Address`, `City`, `State`, `Zip`, `Category`, `Bedrooms`, `Bathrooms`, `AirbnbPlus`, `HostID` ) VALUES ( 210, '828 North Green Hague St.', 'Hialeah', 'Kentucky', '21547', 'Beachfront', 2, 4, true, 21 );
INSERT INTO property ( `PropertyID`, `Address`, `City`, `State`, `Zip`, `Category`, `Bedrooms`, `Bathrooms`, `AirbnbPlus`, `HostID` ) VALUES ( 211, NULL, NULL, 'Florida', '85250', NULL, NULL, 3, true, 146 );
INSERT INTO property ( `PropertyID`, `Address`, `City`, `State`, `Zip`, `Category`, `Bedrooms`, `Bathrooms`, `AirbnbPlus`, `HostID` ) VALUES ( 212, '36 South Green First Drive', 'Norfolk', 'North Dakota', '95025', 'Beachfront', 3, 8, NULL, 65 );
INSERT INTO property ( `PropertyID`, `Address`, `City`, `State`, `Zip`, `Category`, `Bedrooms`, `Bathrooms`, `AirbnbPlus`, `HostID` ) VALUES ( 213, '71 East White Milton Drive', NULL, 'New Mexico', '36458', 'Beachfront', 5, 4, NULL, 72 );
INSERT INTO property ( `PropertyID`, `Address`, `City`, `State`, `Zip`, `Category`, `Bedrooms`, `Bathrooms`, `AirbnbPlus`, `HostID` ) VALUES ( 214, '351 South Rocky Oak Freeway', 'St. Louis', 'Colorado', '67866', 'Beachfront', 9, 1, true, 112 );
INSERT INTO property ( `PropertyID`, `Address`, `City`, `State`, `Zip`, `Category`, `Bedrooms`, `Bathrooms`, `AirbnbPlus`, `HostID` ) VALUES ( 215, '256 North Green Old Drive', NULL, NULL, '59117', 'Seaside', 8, 4, true, NULL );
INSERT INTO property ( `PropertyID`, `Address`, `City`, `State`, `Zip`, `Category`, `Bedrooms`, `Bathrooms`, `AirbnbPlus`, `HostID` ) VALUES ( 216, '295 South Green New Drive', 'Indianapolis', 'Nebraska', '95944', 'Beachfront', 7, 5, true, 7 );
INSERT INTO property ( `PropertyID`, `Address`, `City`, `State`, `Zip`, `Category`, `Bedrooms`, `Bathrooms`, `AirbnbPlus`, `HostID` ) VALUES ( 217, '48 South White First St.', 'St. Paul', NULL, '14435', 'Mansions', 4, 7, false, 145 );
INSERT INTO property ( `PropertyID`, `Address`, `City`, `State`, `Zip`, `Category`, `Bedrooms`, `Bathrooms`, `AirbnbPlus`, `HostID` ) VALUES ( 218, '55 South Rocky Cowley Drive', NULL, NULL, '58576', 'Beachfront', 6, NULL, true, 119 );
INSERT INTO property ( `PropertyID`, `Address`, `City`, `State`, `Zip`, `Category`, `Bedrooms`, `Bathrooms`, `AirbnbPlus`, `HostID` ) VALUES ( 219, '44 South Green Milton Freeway', 'Jacksonville', 'South Carolina', '68620', 'Cabins', NULL, NULL, false, 73 );
INSERT INTO property ( `PropertyID`, `Address`, `City`, `State`, `Zip`, `Category`, `Bedrooms`, `Bathrooms`, `AirbnbPlus`, `HostID` ) VALUES ( 220, '128 North Green Second Road', 'Chicago', 'Montana', NULL, 'Seaside', NULL, NULL, false, 126 );
INSERT INTO property ( `PropertyID`, `Address`, `City`, `State`, `Zip`, `Category`, `Bedrooms`, `Bathrooms`, `AirbnbPlus`, `HostID` ) VALUES ( 221, '154 North Rocky Hague Avenue', 'Washington', 'Massachusetts', '71897', 'Cabins', 7, 9, false, 148 );
INSERT INTO property ( `PropertyID`, `Address`, `City`, `State`, `Zip`, `Category`, `Bedrooms`, `Bathrooms`, `AirbnbPlus`, `HostID` ) VALUES ( 222, '758 East Green Oak Freeway', NULL, 'Maryland', '21821', 'Beachfront', 7, 4, true, 103 );
INSERT INTO property ( `PropertyID`, `Address`, `City`, `State`, `Zip`, `Category`, `Bedrooms`, `Bathrooms`, `AirbnbPlus`, `HostID` ) VALUES ( 223, '807 South Green New Way', 'Milwaukee', 'North Dakota', '80529', 'Cabins', 9, 3, false, 80 );
INSERT INTO property ( `PropertyID`, `Address`, `City`, `State`, `Zip`, `Category`, `Bedrooms`, `Bathrooms`, `AirbnbPlus`, `HostID` ) VALUES ( 224, '55 North Green Oak Parkway', 'Rochester', 'South Carolina', '65048', 'Lakefront', 3, 7, true, 10 );
INSERT INTO amenity ( `AmenityID`, `Name`, `Description`, `PropertyID` ) VALUES ( 0, 'Mountain View', 'Anne bought new car. Anne bought new car. Tony bought new car. Anne has free time. Anne is walking. ', 126 );
INSERT INTO amenity ( `AmenityID`, `Name`, `Description`, `PropertyID` ) VALUES ( 1, 'Mountain View', 'John bought new car. Anne is shopping. Tony bought new car. Tony bought new car. Tony has free time. ', NULL );
INSERT INTO amenity ( `AmenityID`, `Name`, `Description`, `PropertyID` ) VALUES ( 2, '
Hot Tub', 'John has free time. Tony is shopping. ', 15 );
INSERT INTO amenity ( `AmenityID`, `Name`, `Description`, `PropertyID` ) VALUES ( 3, 'Gym', 'John bought new car. Anne is walking. John bought new car. Anne has free time. John has free time. ', 172 );
INSERT INTO amenity ( `AmenityID`, `Name`, `Description`, `PropertyID` ) VALUES ( 4, 'Concierge', 'Anne bought new car. Anne is shopping. ', 51 );
INSERT INTO amenity ( `AmenityID`, `Name`, `Description`, `PropertyID` ) VALUES ( 5, 'Tennis Court', 'Anne bought new car. Tony has free time. Tony bought new car. Tony has free time. Anne bought new car. ', 148 );
INSERT INTO amenity ( `AmenityID`, `Name`, `Description`, `PropertyID` ) VALUES ( 6, 'Fitness Center', 'Tony bought new car. John bought new car. Tony has free time. ', 181 );
INSERT INTO amenity ( `AmenityID`, `Name`, `Description`, `PropertyID` ) VALUES ( 7, 'Wine Cellar', 'John bought new car. John is walking. John bought new car. John bought new car. Tony is walking. ', NULL );
INSERT INTO amenity ( `AmenityID`, `Name`, `Description`, `PropertyID` ) VALUES ( 8, 'Mountain View', 'Anne bought new car. John is shopping. Tony is shopping. Anne bought new car. John is walking. ', NULL );
INSERT INTO amenity ( `AmenityID`, `Name`, `Description`, `PropertyID` ) VALUES ( 9, 'Pet-Friendly', 'John bought new car. Tony is walking. John has free time. John has free time. Anne has free time. ', 182 );
INSERT INTO amenity ( `AmenityID`, `Name`, `Description`, `PropertyID` ) VALUES ( 10, 'Wine Cellar', 'John is walking. Anne bought new car. Tony is shopping. John has free time. Tony is walking. ', 212 );
INSERT INTO amenity ( `AmenityID`, `Name`, `Description`, `PropertyID` ) VALUES ( 11, 'BBQ Area', 'Tony is shopping. Anne is walking. ', 34 );
INSERT INTO amenity ( `AmenityID`, `Name`, `Description`, `PropertyID` ) VALUES ( 12, NULL, 'John has free time. Tony is walking. ', 204 );
INSERT INTO amenity ( `AmenityID`, `Name`, `Description`, `PropertyID` ) VALUES ( 13, 'Fitness Center', 'Anne bought new car. Anne bought new car. Anne is shopping. Anne has free time. Tony bought new car. ', 224 );
INSERT INTO amenity ( `AmenityID`, `Name`, `Description`, `PropertyID` ) VALUES ( 14, '
Hot Tub', 'Anne is shopping. Anne is walking. John bought new car. John bought new car. John has free time. ', NULL );
INSERT INTO amenity ( `AmenityID`, `Name`, `Description`, `PropertyID` ) VALUES ( 15, 'Mountain View', 'Tony is shopping. Anne is shopping. Anne is shopping. Tony bought new car. Tony has free time. ', 31 );
INSERT INTO amenity ( `AmenityID`, `Name`, `Description`, `PropertyID` ) VALUES ( 16, 'Air Conditioning', 'Anne is shopping. Anne bought new car. Tony is shopping. ', 107 );
INSERT INTO amenity ( `AmenityID`, `Name`, `Description`, `PropertyID` ) VALUES ( 17, NULL, 'John has free time. Anne has free time. Tony bought new car. Anne has free time. John bought new car. ', 122 );
INSERT INTO amenity ( `AmenityID`, `Name`, `Description`, `PropertyID` ) VALUES ( 18, 'Concierge', 'Anne has free time. John is shopping. Anne bought new car. Anne bought new car. Tony is walking. ', 104 );
INSERT INTO amenity ( `AmenityID`, `Name`, `Description`, `PropertyID` ) VALUES ( 19, 'Parking
Garden', 'Anne bought new car. John has free time. Tony is shopping. Tony has free time. Anne bought new car. ', NULL );
INSERT INTO amenity ( `AmenityID`, `Name`, `Description`, `PropertyID` ) VALUES ( 20, 'Gym', 'Anne bought new car. John has free time. Anne is walking. John bought new car. John has free time. ', 99 );
INSERT INTO amenity ( `AmenityID`, `Name`, `Description`, `PropertyID` ) VALUES ( 21, 'Parking
Garden', 'Anne has free time. Anne has free time. John has free time. ', 92 );
INSERT INTO amenity ( `AmenityID`, `Name`, `Description`, `PropertyID` ) VALUES ( 22, 'Tennis Court', 'Anne is shopping. Anne is walking. Tony bought new car. John is walking. Tony bought new car. ', NULL );
INSERT INTO amenity ( `AmenityID`, `Name`, `Description`, `PropertyID` ) VALUES ( 23, 'Fitness Center', 'Anne has free time. Anne is walking. Tony bought new car. John is shopping. John is shopping. ', 208 );
INSERT INTO amenity ( `AmenityID`, `Name`, `Description`, `PropertyID` ) VALUES ( 24, 'Mountain View', NULL, 164 );
INSERT INTO amenity ( `AmenityID`, `Name`, `Description`, `PropertyID` ) VALUES ( 25, 'Sauna
Beach Access', 'Anne has free time. John is shopping. ', 24 );
INSERT INTO amenity ( `AmenityID`, `Name`, `Description`, `PropertyID` ) VALUES ( 26, 'BBQ Area', 'Anne is walking. Tony has free time. Tony bought new car. Tony has free time. John bought new car. ', 26 );
INSERT INTO amenity ( `AmenityID`, `Name`, `Description`, `PropertyID` ) VALUES ( 27, 'BBQ Area', 'John has free time. Anne is walking. Anne bought new car. Anne has free time. ', 72 );
INSERT INTO amenity ( `AmenityID`, `Name`, `Description`, `PropertyID` ) VALUES ( 28, 'Swimming Pool', 'Anne has free time. Anne has free time. ', 123 );
INSERT INTO amenity ( `AmenityID`, `Name`, `Description`, `PropertyID` ) VALUES ( 29, 'Swimming Pool', 'Anne has free time. John bought new car. ', 84 );
INSERT INTO amenity ( `AmenityID`, `Name`, `Description`, `PropertyID` ) VALUES ( 30, 'Fitness Center', 'Anne is walking. Anne is shopping. Tony bought new car. Tony bought new car. Anne bought new car. ', 80 );
INSERT INTO amenity ( `AmenityID`, `Name`, `Description`, `PropertyID` ) VALUES ( 31, '
Hot Tub', 'Anne bought new car. Anne is shopping. ', 30 );
INSERT INTO amenity ( `AmenityID`, `Name`, `Description`, `PropertyID` ) VALUES ( 32, 'Pet-Friendly', 'Anne has free time. Tony is walking. John bought new car. Anne is walking. John has free time. ', 22 );
INSERT INTO amenity ( `AmenityID`, `Name`, `Description`, `PropertyID` ) VALUES ( 33, 'BBQ Area', 'Tony is shopping. Tony is shopping. ', 95 );
INSERT INTO amenity ( `AmenityID`, `Name`, `Description`, `PropertyID` ) VALUES ( 34, 'Air Conditioning', 'Tony bought new car. John is walking. Tony bought new car. ', 76 );
INSERT INTO amenity ( `AmenityID`, `Name`, `Description`, `PropertyID` ) VALUES ( 35, 'Concierge', NULL, 100 );
INSERT INTO amenity ( `AmenityID`, `Name`, `Description`, `PropertyID` ) VALUES ( 36, 'Swimming Pool', 'Anne is shopping. John is shopping. John bought new car. John has free time. ', 52 );
INSERT INTO amenity ( `AmenityID`, `Name`, `Description`, `PropertyID` ) VALUES ( 37, 'Wine Cellar', 'Anne bought new car. Tony is walking. Tony is shopping. John is shopping. Anne bought new car. ', 13 );
INSERT INTO amenity ( `AmenityID`, `Name`, `Description`, `PropertyID` ) VALUES ( 38, NULL, NULL, 46 );
INSERT INTO amenity ( `AmenityID`, `Name`, `Description`, `PropertyID` ) VALUES ( 39, 'Private Chef', 'John bought new car. Anne is walking. John has free time. Anne is shopping. John has free time. ', 55 );
INSERT INTO amenity ( `AmenityID`, `Name`, `Description`, `PropertyID` ) VALUES ( 40, 'BBQ Area', NULL, 95 );
INSERT INTO amenity ( `AmenityID`, `Name`, `Description`, `PropertyID` ) VALUES ( 41, 'Sauna
Beach Access', 'Tony is shopping. Anne is shopping. Anne bought new car. Tony is shopping. Anne has free time. ', 82 );
INSERT INTO amenity ( `AmenityID`, `Name`, `Description`, `PropertyID` ) VALUES ( 42, 'Concierge', 'John bought new car. John is walking. Anne has free time. Anne has free time. Anne is walking. ', 103 );
INSERT INTO amenity ( `AmenityID`, `Name`, `Description`, `PropertyID` ) VALUES ( 43, 'Concierge', 'Anne has free time. Anne bought new car. John has free time. John has free time. John has free time. ', 121 );
INSERT INTO amenity ( `AmenityID`, `Name`, `Description`, `PropertyID` ) VALUES ( 44, NULL, NULL, 123 );
INSERT INTO amenity ( `AmenityID`, `Name`, `Description`, `PropertyID` ) VALUES ( 45, 'Swimming Pool', 'Anne has free time. Anne bought new car. ', 158 );
INSERT INTO amenity ( `AmenityID`, `Name`, `Description`, `PropertyID` ) VALUES ( 46, NULL, 'John bought new car. Tony bought new car. John bought new car. Tony has free time. John has free time. ', 79 );
INSERT INTO amenity ( `AmenityID`, `Name`, `Description`, `PropertyID` ) VALUES ( 47, 'Spa', 'Tony has free time. Anne is walking. John bought new car. John is shopping. Tony has free time. ', 66 );
INSERT INTO amenity ( `AmenityID`, `Name`, `Description`, `PropertyID` ) VALUES ( 48, 'Spa', 'Anne bought new car. Tony is walking. ', NULL );
INSERT INTO amenity ( `AmenityID`, `Name`, `Description`, `PropertyID` ) VALUES ( 49, 'Mountain View', 'Anne is walking. John is shopping. John is shopping. John has free time. Tony has free time. ', 202 );
INSERT INTO amenity ( `AmenityID`, `Name`, `Description`, `PropertyID` ) VALUES ( 50, 'Fitness Center', 'John bought new car. Tony bought new car. Tony bought new car. Tony has free time. John bought new car. ', 164 );
INSERT INTO amenity ( `AmenityID`, `Name`, `Description`, `PropertyID` ) VALUES ( 51, 'Wine Cellar', 'Anne bought new car. Tony is walking. Anne bought new car. Anne has free time. Tony bought new car. ', 125 );
INSERT INTO amenity ( `AmenityID`, `Name`, `Description`, `PropertyID` ) VALUES ( 52, 'Swimming Pool', 'Tony bought new car. Anne bought new car. John is walking. John has free time. Anne bought new car. ', 49 );
INSERT INTO amenity ( `AmenityID`, `Name`, `Description`, `PropertyID` ) VALUES ( 53, 'Fitness Center', 'Anne bought new car. John has free time. Tony is walking. Anne bought new car. Tony is shopping. ', 10 );
INSERT INTO amenity ( `AmenityID`, `Name`, `Description`, `PropertyID` ) VALUES ( 54, 'Mountain View', 'Anne is walking. John bought new car. ', 23 );
INSERT INTO amenity ( `AmenityID`, `Name`, `Description`, `PropertyID` ) VALUES ( 55, 'Mountain View', 'Tony bought new car. John is shopping. ', 125 );
INSERT INTO amenity ( `AmenityID`, `Name`, `Description`, `PropertyID` ) VALUES ( 56, NULL, 'Anne is walking. Tony has free time. John has free time. John has free time. John has free time. ', 131 );
INSERT INTO amenity ( `AmenityID`, `Name`, `Description`, `PropertyID` ) VALUES ( 57, NULL, 'John bought new car. Tony is shopping. Tony bought new car. Tony has free time. Tony is walking. ', 63 );
INSERT INTO amenity ( `AmenityID`, `Name`, `Description`, `PropertyID` ) VALUES ( 58, 'Wine Cellar', 'Tony bought new car. Anne is walking. Anne bought new car. Tony has free time. John is walking. ', NULL );
INSERT INTO amenity ( `AmenityID`, `Name`, `Description`, `PropertyID` ) VALUES ( 59, 'Pet-Friendly', 'Tony has free time. John is shopping. Anne bought new car. ', 92 );
INSERT INTO amenity ( `AmenityID`, `Name`, `Description`, `PropertyID` ) VALUES ( 60, 'Fireplace', 'Tony is shopping. Anne has free time. Tony bought new car. John has free time. Tony has free time. ', 130 );
INSERT INTO amenity ( `AmenityID`, `Name`, `Description`, `PropertyID` ) VALUES ( 61, 'Wine Cellar', NULL, NULL );
INSERT INTO amenity ( `AmenityID`, `Name`, `Description`, `PropertyID` ) VALUES ( 62, 'Mountain View', 'Anne bought new car. Tony is shopping. ', 58 );
INSERT INTO amenity ( `AmenityID`, `Name`, `Description`, `PropertyID` ) VALUES ( 63, 'Tennis Court', 'Anne is walking. Tony is walking. Tony bought new car. Tony bought new car. John has free time. ', 191 );
INSERT INTO amenity ( `AmenityID`, `Name`, `Description`, `PropertyID` ) VALUES ( 64, 'Pet-Friendly', 'Anne is shopping. Anne is shopping. Tony bought new car. John bought new car. Tony has free time. ', 111 );
INSERT INTO amenity ( `AmenityID`, `Name`, `Description`, `PropertyID` ) VALUES ( 65, 'Fireplace', 'Anne is walking. John bought new car. Tony bought new car. John has free time. Tony is walking. ', 31 );
INSERT INTO amenity ( `AmenityID`, `Name`, `Description`, `PropertyID` ) VALUES ( 66, 'Wi-Fi', 'Tony is walking. Anne bought new car. John bought new car. Tony bought new car. John has free time. ', 143 );
INSERT INTO amenity ( `AmenityID`, `Name`, `Description`, `PropertyID` ) VALUES ( 67, 'Fireplace', 'Anne bought new car. Tony has free time. John has free time. John has free time. John has free time. ', NULL );
INSERT INTO amenity ( `AmenityID`, `Name`, `Description`, `PropertyID` ) VALUES ( 68, 'Wine Cellar', NULL, 67 );
INSERT INTO amenity ( `AmenityID`, `Name`, `Description`, `PropertyID` ) VALUES ( 69, 'Pet-Friendly', 'Tony bought new car. John is shopping. John bought new car. John bought new car. Anne has free time. ', 63 );
INSERT INTO amenity ( `AmenityID`, `Name`, `Description`, `PropertyID` ) VALUES ( 70, 'Wi-Fi', 'Anne is shopping. John is shopping. Tony has free time. Tony is shopping. Tony is shopping. ', 213 );
INSERT INTO amenity ( `AmenityID`, `Name`, `Description`, `PropertyID` ) VALUES ( 71, 'Air Conditioning', 'Anne bought new car. Tony bought new car. ', 31 );
INSERT INTO amenity ( `AmenityID`, `Name`, `Description`, `PropertyID` ) VALUES ( 72, 'BBQ Area', 'John bought new car. Tony is walking. Anne bought new car. Anne bought new car. Tony has free time. ', 71 );
INSERT INTO amenity ( `AmenityID`, `Name`, `Description`, `PropertyID` ) VALUES ( 73, '
Balcony', 'Anne bought new car. Tony is walking. John bought new car. ', 138 );
INSERT INTO amenity ( `AmenityID`, `Name`, `Description`, `PropertyID` ) VALUES ( 74, 'BBQ Area', 'Tony bought new car. Anne bought new car. John bought new car. ', 135 );
INSERT INTO amenity ( `AmenityID`, `Name`, `Description`, `PropertyID` ) VALUES ( 75, 'Wine Cellar', 'Anne bought new car. Anne is shopping. Tony bought new car. John has free time. Anne has free time. ', NULL );
INSERT INTO amenity ( `AmenityID`, `Name`, `Description`, `PropertyID` ) VALUES ( 76, 'Swimming Pool', 'Tony bought new car. Anne has free time. Tony is shopping. John has free time. John is walking. ', 200 );
INSERT INTO amenity ( `AmenityID`, `Name`, `Description`, `PropertyID` ) VALUES ( 77, 'Tennis Court', 'Anne has free time. Anne bought new car. Anne bought new car. John has free time. John is walking. ', 199 );
INSERT INTO amenity ( `AmenityID`, `Name`, `Description`, `PropertyID` ) VALUES ( 78, 'Swimming Pool', 'Tony bought new car. Tony has free time. John bought new car. Tony has free time. John has free time. ', 63 );
INSERT INTO amenity ( `AmenityID`, `Name`, `Description`, `PropertyID` ) VALUES ( 79, 'Sauna
Beach Access', 'Tony bought new car. Anne is shopping. Anne bought new car. Anne has free time. John has free time. ', NULL );
INSERT INTO amenity ( `AmenityID`, `Name`, `Description`, `PropertyID` ) VALUES ( 80, '
Hot Tub', 'John bought new car. Tony has free time. Tony bought new car. John is walking. John is shopping. ', 71 );
INSERT INTO amenity ( `AmenityID`, `Name`, `Description`, `PropertyID` ) VALUES ( 81, 'Sauna
Beach Access', 'Anne has free time. Anne bought new car. John bought new car. Tony has free time. Tony bought new car. ', 7 );
INSERT INTO amenity ( `AmenityID`, `Name`, `Description`, `PropertyID` ) VALUES ( 82, 'Sauna
Beach Access', 'Tony bought new car. Anne is walking. Tony bought new car. Tony has free time. Anne has free time. ', 216 );
INSERT INTO amenity ( `AmenityID`, `Name`, `Description`, `PropertyID` ) VALUES ( 83, '
Hot Tub', 'Anne is shopping. Anne bought new car. Tony bought new car. Anne has free time. John has free time. ', 78 );
INSERT INTO amenity ( `AmenityID`, `Name`, `Description`, `PropertyID` ) VALUES ( 84, 'Wi-Fi', 'John has free time. John is walking. Tony is shopping. John has free time. Tony is shopping. ', 189 );
INSERT INTO amenity ( `AmenityID`, `Name`, `Description`, `PropertyID` ) VALUES ( 85, 'Fireplace', 'John has free time. Tony bought new car. Anne bought new car. ', 79 );
INSERT INTO amenity ( `AmenityID`, `Name`, `Description`, `PropertyID` ) VALUES ( 86, NULL, 'Tony has free time. Tony bought new car. John bought new car. John has free time. Tony bought new car. ', 186 );
INSERT INTO amenity ( `AmenityID`, `Name`, `Description`, `PropertyID` ) VALUES ( 87, 'Mountain View', 'Anne bought new car. Anne is walking. Tony bought new car. Tony has free time. Tony has free time. ', NULL );
INSERT INTO amenity ( `AmenityID`, `Name`, `Description`, `PropertyID` ) VALUES ( 88, 'Tennis Court', 'Tony has free time. Anne is walking. ', NULL );
INSERT INTO amenity ( `AmenityID`, `Name`, `Description`, `PropertyID` ) VALUES ( 89, 'Mountain View', 'Anne is shopping. Anne bought new car. Tony has free time. Tony has free time. ', 105 );
INSERT INTO amenity ( `AmenityID`, `Name`, `Description`, `PropertyID` ) VALUES ( 90, 'Spa', 'Anne bought new car. Anne is shopping. John is walking. Tony bought new car. John is walking. ', 19 );
INSERT INTO amenity ( `AmenityID`, `Name`, `Description`, `PropertyID` ) VALUES ( 91, 'Air Conditioning', 'John bought new car. Anne bought new car. Tony is shopping. John has free time. Tony is shopping. ', NULL );
INSERT INTO amenity ( `AmenityID`, `Name`, `Description`, `PropertyID` ) VALUES ( 92, 'Private Chef', 'John bought new car. Anne bought new car. John is shopping. John has free time. Anne has free time. ', 101 );
INSERT INTO amenity ( `AmenityID`, `Name`, `Description`, `PropertyID` ) VALUES ( 93, 'Concierge', 'Anne bought new car. Tony bought new car. Tony bought new car. John is shopping. John bought new car. ', 43 );
INSERT INTO amenity ( `AmenityID`, `Name`, `Description`, `PropertyID` ) VALUES ( 94, 'BBQ Area', 'Tony is shopping. Anne is walking. John has free time. John is walking. Anne is shopping. ', 4 );
INSERT INTO amenity ( `AmenityID`, `Name`, `Description`, `PropertyID` ) VALUES ( 95, '
Hot Tub', 'Tony is shopping. Anne is shopping. John has free time. John has free time. Tony has free time. ', 104 );
INSERT INTO amenity ( `AmenityID`, `Name`, `Description`, `PropertyID` ) VALUES ( 96, 'Wine Cellar', 'Anne bought new car. John bought new car. ', 79 );
INSERT INTO amenity ( `AmenityID`, `Name`, `Description`, `PropertyID` ) VALUES ( 97, 'Tennis Court', 'Anne is shopping. John is walking. Anne is walking. John is walking. Tony has free time. ', 3 );
INSERT INTO amenity ( `AmenityID`, `Name`, `Description`, `PropertyID` ) VALUES ( 98, 'Concierge', 'John has free time. John bought new car. ', 96 );
INSERT INTO amenity ( `AmenityID`, `Name`, `Description`, `PropertyID` ) VALUES ( 99, 'Parking
Garden', 'Tony bought new car. John is walking. Anne has free time. Tony bought new car. Tony is shopping. ', 29 );
INSERT INTO amenity ( `AmenityID`, `Name`, `Description`, `PropertyID` ) VALUES ( 100, 'Air Conditioning', 'Tony is walking. Tony is shopping. John bought new car. Tony is shopping. Anne has free time. ', 166 );
INSERT INTO amenity ( `AmenityID`, `Name`, `Description`, `PropertyID` ) VALUES ( 101, 'Mountain View', 'John is walking. Anne bought new car. Tony is shopping. John is shopping. Tony has free time. ', 161 );
INSERT INTO amenity ( `AmenityID`, `Name`, `Description`, `PropertyID` ) VALUES ( 102, NULL, 'Anne is shopping. John is shopping. John has free time. John bought new car. John has free time. ', 106 );
INSERT INTO amenity ( `AmenityID`, `Name`, `Description`, `PropertyID` ) VALUES ( 103, 'BBQ Area', 'Anne is shopping. John is walking. ', 59 );
INSERT INTO amenity ( `AmenityID`, `Name`, `Description`, `PropertyID` ) VALUES ( 104, 'Mountain View', NULL, 90 );
INSERT INTO amenity ( `AmenityID`, `Name`, `Description`, `PropertyID` ) VALUES ( 105, 'Concierge', 'Tony has free time. John is walking. ', 211 );
INSERT INTO amenity ( `AmenityID`, `Name`, `Description`, `PropertyID` ) VALUES ( 106, 'Concierge', 'John bought new car. John is shopping. Tony bought new car. ', 217 );
INSERT INTO amenity ( `AmenityID`, `Name`, `Description`, `PropertyID` ) VALUES ( 107, 'Concierge', 'Tony is walking. Tony is walking. Anne is shopping. ', 11 );
INSERT INTO amenity ( `AmenityID`, `Name`, `Description`, `PropertyID` ) VALUES ( 108, 'Tennis Court', 'Anne is walking. Anne bought new car. Tony is shopping. Tony bought new car. Tony bought new car. ', 151 );
INSERT INTO amenity ( `AmenityID`, `Name`, `Description`, `PropertyID` ) VALUES ( 109, 'Mountain View', 'Anne bought new car. John is walking. ', 180 );
INSERT INTO amenity ( `AmenityID`, `Name`, `Description`, `PropertyID` ) VALUES ( 110, 'Concierge', 'Tony is walking. Anne has free time. ', 179 );
INSERT INTO amenity ( `AmenityID`, `Name`, `Description`, `PropertyID` ) VALUES ( 111, 'Pet-Friendly', 'Tony bought new car. John is walking. Tony is shopping. Anne has free time. ', 150 );
INSERT INTO amenity ( `AmenityID`, `Name`, `Description`, `PropertyID` ) VALUES ( 112, 'Mountain View', 'Anne has free time. Tony is shopping. Tony is shopping. Tony bought new car. Tony has free time. ', 180 );
INSERT INTO amenity ( `AmenityID`, `Name`, `Description`, `PropertyID` ) VALUES ( 113, '
Balcony', 'Anne bought new car. Anne is shopping. Anne bought new car. ', 44 );
INSERT INTO amenity ( `AmenityID`, `Name`, `Description`, `PropertyID` ) VALUES ( 114, NULL, 'Tony bought new car. Anne is shopping. John bought new car. John is shopping. ', 76 );
INSERT INTO amenity ( `AmenityID`, `Name`, `Description`, `PropertyID` ) VALUES ( 115, 'Wine Cellar', 'Anne bought new car. Anne has free time. John is shopping. John has free time. Tony is walking. ', 163 );
INSERT INTO amenity ( `AmenityID`, `Name`, `Description`, `PropertyID` ) VALUES ( 116, 'Wine Cellar', 'Anne bought new car. Tony has free time. John bought new car. Tony is shopping. Tony is walking. ', 79 );
INSERT INTO amenity ( `AmenityID`, `Name`, `Description`, `PropertyID` ) VALUES ( 117, 'Private Chef', 'Anne bought new car. Anne is walking. Tony has free time. John has free time. Anne has free time. ', 100 );
INSERT INTO amenity ( `AmenityID`, `Name`, `Description`, `PropertyID` ) VALUES ( 118, 'Wine Cellar', NULL, 14 );
INSERT INTO amenity ( `AmenityID`, `Name`, `Description`, `PropertyID` ) VALUES ( 119, 'Wine Cellar', 'Tony is walking. Tony has free time. ', 62 );
INSERT INTO amenity ( `AmenityID`, `Name`, `Description`, `PropertyID` ) VALUES ( 120, '
Balcony', 'Anne is shopping. Anne has free time. John is walking. Tony has free time. John bought new car. ', 144 );
INSERT INTO amenity ( `AmenityID`, `Name`, `Description`, `PropertyID` ) VALUES ( 121, 'Pet-Friendly', 'Tony bought new car. Tony is shopping. John is shopping. Tony has free time. John is walking. ', 166 );
INSERT INTO amenity ( `AmenityID`, `Name`, `Description`, `PropertyID` ) VALUES ( 122, 'Spa', 'Anne bought new car. Tony is walking. Anne bought new car. John has free time. John is walking. ', NULL );
INSERT INTO amenity ( `AmenityID`, `Name`, `Description`, `PropertyID` ) VALUES ( 123, 'BBQ Area', 'John is shopping. Anne bought new car. Tony has free time. Tony has free time. ', 23 );
INSERT INTO amenity ( `AmenityID`, `Name`, `Description`, `PropertyID` ) VALUES ( 124, 'Air Conditioning', 'Anne bought new car. John is shopping. Anne bought new car. Tony is shopping. ', 100 );
INSERT INTO amenity ( `AmenityID`, `Name`, `Description`, `PropertyID` ) VALUES ( 125, NULL, 'Anne bought new car. Anne has free time. Tony is walking. Tony has free time. ', 151 );
INSERT INTO amenity ( `AmenityID`, `Name`, `Description`, `PropertyID` ) VALUES ( 126, 'Fitness Center', 'Anne bought new car. Anne has free time. Anne bought new car. John bought new car. Anne is shopping. ', 180 );
INSERT INTO amenity ( `AmenityID`, `Name`, `Description`, `PropertyID` ) VALUES ( 127, NULL, 'John has free time. Anne is shopping. Tony bought new car. Anne has free time. Anne has free time. ', 17 );
INSERT INTO amenity ( `AmenityID`, `Name`, `Description`, `PropertyID` ) VALUES ( 128, 'BBQ Area', 'Anne has free time. Anne has free time. John bought new car. Tony is walking. John has free time. ', 21 );
INSERT INTO amenity ( `AmenityID`, `Name`, `Description`, `PropertyID` ) VALUES ( 129, 'Tennis Court', 'Anne is shopping. Anne has free time. Anne has free time. Tony bought new car. Tony has free time. ', 163 );
INSERT INTO amenity ( `AmenityID`, `Name`, `Description`, `PropertyID` ) VALUES ( 130, 'Pet-Friendly', 'Anne is shopping. Anne has free time. ', 10 );
INSERT INTO amenity ( `AmenityID`, `Name`, `Description`, `PropertyID` ) VALUES ( 131, 'Wi-Fi', 'Anne is walking. Anne is shopping. Anne bought new car. Tony has free time. ', 102 );
INSERT INTO amenity ( `AmenityID`, `Name`, `Description`, `PropertyID` ) VALUES ( 132, 'Mountain View', 'Anne bought new car. Anne has free time. ', 121 );
INSERT INTO amenity ( `AmenityID`, `Name`, `Description`, `PropertyID` ) VALUES ( 133, 'Parking
Garden', 'Tony bought new car. Tony bought new car. ', 21 );
INSERT INTO amenity ( `AmenityID`, `Name`, `Description`, `PropertyID` ) VALUES ( 134, 'Parking
Garden', 'Tony is walking. Anne bought new car. Anne has free time. John has free time. John has free time. ', 51 );
INSERT INTO amenity ( `AmenityID`, `Name`, `Description`, `PropertyID` ) VALUES ( 135, NULL, 'John bought new car. John has free time. Tony bought new car. Anne has free time. Anne has free time. ', 74 );
INSERT INTO amenity ( `AmenityID`, `Name`, `Description`, `PropertyID` ) VALUES ( 136, 'Fireplace', 'Tony bought new car. Tony is shopping. Tony bought new car. Anne has free time. John has free time. ', 213 );
INSERT INTO amenity ( `AmenityID`, `Name`, `Description`, `PropertyID` ) VALUES ( 137, 'Tennis Court', 'John is shopping. Anne is walking. Anne has free time. Anne has free time. John bought new car. ', 202 );
INSERT INTO amenity ( `AmenityID`, `Name`, `Description`, `PropertyID` ) VALUES ( 138, '
Balcony', NULL, NULL );
INSERT INTO amenity ( `AmenityID`, `Name`, `Description`, `PropertyID` ) VALUES ( 139, 'Tennis Court', 'Tony has free time. Anne is shopping. Tony bought new car. Tony has free time. John is shopping. ', 146 );
INSERT INTO amenity ( `AmenityID`, `Name`, `Description`, `PropertyID` ) VALUES ( 140, 'BBQ Area', 'Tony is shopping. Anne has free time. Tony has free time. Tony bought new car. ', 72 );
INSERT INTO amenity ( `AmenityID`, `Name`, `Description`, `PropertyID` ) VALUES ( 141, 'Fitness Center', 'Tony bought new car. John is walking. Tony is shopping. ', NULL );
INSERT INTO amenity ( `AmenityID`, `Name`, `Description`, `PropertyID` ) VALUES ( 142, 'Fireplace', 'John is shopping. Anne is walking. John bought new car. ', 181 );
INSERT INTO amenity ( `AmenityID`, `Name`, `Description`, `PropertyID` ) VALUES ( 143, 'BBQ Area', 'Anne bought new car. Anne is walking. Tony is shopping. John has free time. John has free time. ', 126 );
INSERT INTO amenity ( `AmenityID`, `Name`, `Description`, `PropertyID` ) VALUES ( 144, 'Wi-Fi', 'Anne has free time. Anne is shopping. ', 1 );
INSERT INTO amenity ( `AmenityID`, `Name`, `Description`, `PropertyID` ) VALUES ( 145, 'Parking
Garden', 'John is walking. Anne is walking. Tony bought new car. Anne bought new car. Tony is shopping. ', NULL );
INSERT INTO amenity ( `AmenityID`, `Name`, `Description`, `PropertyID` ) VALUES ( 146, 'Concierge', 'Anne bought new car. Tony has free time. Tony bought new car. Tony has free time. Anne bought new car. ', 45 );
INSERT INTO amenity ( `AmenityID`, `Name`, `Description`, `PropertyID` ) VALUES ( 147, '
Hot Tub', 'John is walking. Anne has free time. John has free time. John has free time. Tony bought new car. ', 127 );
INSERT INTO amenity ( `AmenityID`, `Name`, `Description`, `PropertyID` ) VALUES ( 148, '
Hot Tub', 'John has free time. Tony is walking. ', NULL );
INSERT INTO amenity ( `AmenityID`, `Name`, `Description`, `PropertyID` ) VALUES ( 149, 'BBQ Area', 'Anne has free time. John has free time. John is walking. ', 197 );
INSERT INTO amenity ( `AmenityID`, `Name`, `Description`, `PropertyID` ) VALUES ( 150, 'Fireplace', 'Anne is walking. Anne is walking. Tony is walking. ', 90 );
INSERT INTO amenity ( `AmenityID`, `Name`, `Description`, `PropertyID` ) VALUES ( 151, 'Tennis Court', NULL, 101 );
INSERT INTO amenity ( `AmenityID`, `Name`, `Description`, `PropertyID` ) VALUES ( 152, 'Mountain View', 'Tony has free time. Anne bought new car. Tony is shopping. John bought new car. Tony bought new car. ', 90 );
INSERT INTO amenity ( `AmenityID`, `Name`, `Description`, `PropertyID` ) VALUES ( 153, 'Fitness Center', 'John bought new car. Tony has free time. Tony bought new car. ', 15 );
INSERT INTO amenity ( `AmenityID`, `Name`, `Description`, `PropertyID` ) VALUES ( 154, 'Concierge', NULL, 13 );
INSERT INTO amenity ( `AmenityID`, `Name`, `Description`, `PropertyID` ) VALUES ( 155, 'Swimming Pool', 'Tony bought new car. Tony bought new car. John has free time. Tony has free time. ', 170 );
INSERT INTO amenity ( `AmenityID`, `Name`, `Description`, `PropertyID` ) VALUES ( 156, 'Gym', 'Anne bought new car. John bought new car. John has free time. Anne has free time. Tony has free time. ', 200 );
INSERT INTO amenity ( `AmenityID`, `Name`, `Description`, `PropertyID` ) VALUES ( 157, 'Mountain View', 'Tony has free time. Anne is walking. John bought new car. ', 164 );
INSERT INTO amenity ( `AmenityID`, `Name`, `Description`, `PropertyID` ) VALUES ( 158, 'Wi-Fi', 'Anne bought new car. Tony is shopping. Anne has free time. Tony has free time. John is walking. ', 215 );
INSERT INTO amenity ( `AmenityID`, `Name`, `Description`, `PropertyID` ) VALUES ( 159, 'Gym', 'Tony bought new car. Anne is shopping. Anne is walking. Tony is walking. Anne bought new car. ', 47 );
INSERT INTO amenity ( `AmenityID`, `Name`, `Description`, `PropertyID` ) VALUES ( 160, 'Pet-Friendly', 'Anne is walking. Tony bought new car. John is shopping. ', 221 );
INSERT INTO amenity ( `AmenityID`, `Name`, `Description`, `PropertyID` ) VALUES ( 161, 'BBQ Area', 'Tony bought new car. Anne bought new car. Tony bought new car. John has free time. Tony has free time. ', 179 );
INSERT INTO amenity ( `AmenityID`, `Name`, `Description`, `PropertyID` ) VALUES ( 162, '
Balcony', NULL, 217 );
INSERT INTO amenity ( `AmenityID`, `Name`, `Description`, `PropertyID` ) VALUES ( 163, 'BBQ Area', 'Anne bought new car. John bought new car. John has free time. ', 16 );
INSERT INTO amenity ( `AmenityID`, `Name`, `Description`, `PropertyID` ) VALUES ( 164, NULL, 'Anne bought new car. John is shopping. John bought new car. Tony has free time. ', 91 );
INSERT INTO amenity ( `AmenityID`, `Name`, `Description`, `PropertyID` ) VALUES ( 165, 'Sauna
Beach Access', 'John bought new car. Anne bought new car. John bought new car. John has free time. ', 224 );
INSERT INTO amenity ( `AmenityID`, `Name`, `Description`, `PropertyID` ) VALUES ( 166, 'Private Chef', 'Anne has free time. Anne is walking. John bought new car. Tony has free time. Anne is walking. ', 137 );
INSERT INTO amenity ( `AmenityID`, `Name`, `Description`, `PropertyID` ) VALUES ( 167, 'Gym', 'Anne is walking. Anne is shopping. Tony bought new car. John bought new car. Tony has free time. ', 80 );
INSERT INTO amenity ( `AmenityID`, `Name`, `Description`, `PropertyID` ) VALUES ( 168, 'Spa', 'Tony is shopping. Anne is walking. Anne is walking. John is shopping. John bought new car. ', 165 );
INSERT INTO amenity ( `AmenityID`, `Name`, `Description`, `PropertyID` ) VALUES ( 169, 'Fitness Center', 'John has free time. Anne has free time. John has free time. ', NULL );
INSERT INTO amenity ( `AmenityID`, `Name`, `Description`, `PropertyID` ) VALUES ( 170, 'Wi-Fi', 'Anne has free time. John is shopping. John is walking. Tony has free time. John bought new car. ', 192 );
INSERT INTO amenity ( `AmenityID`, `Name`, `Description`, `PropertyID` ) VALUES ( 171, 'Concierge', 'Tony is walking. Anne has free time. John is walking. ', 26 );
INSERT INTO amenity ( `AmenityID`, `Name`, `Description`, `PropertyID` ) VALUES ( 172, 'Pet-Friendly', 'Anne bought new car. Anne has free time. ', 144 );
INSERT INTO amenity ( `AmenityID`, `Name`, `Description`, `PropertyID` ) VALUES ( 173, 'Pet-Friendly', 'John bought new car. Tony is shopping. Tony bought new car. ', 173 );
INSERT INTO amenity ( `AmenityID`, `Name`, `Description`, `PropertyID` ) VALUES ( 174, '
Balcony', 'Anne is walking. Anne is shopping. Tony is walking. John has free time. John bought new car. ', 71 );
INSERT INTO amenity ( `AmenityID`, `Name`, `Description`, `PropertyID` ) VALUES ( 175, 'Parking
Garden', 'Tony has free time. Tony has free time. ', 175 );
INSERT INTO amenity ( `AmenityID`, `Name`, `Description`, `PropertyID` ) VALUES ( 176, 'Gym', 'Anne bought new car. Tony has free time. Anne bought new car. Tony has free time. ', 132 );
INSERT INTO amenity ( `AmenityID`, `Name`, `Description`, `PropertyID` ) VALUES ( 177, 'Concierge', 'Tony bought new car. John is shopping. ', 99 );
INSERT INTO amenity ( `AmenityID`, `Name`, `Description`, `PropertyID` ) VALUES ( 178, NULL, NULL, 42 );
INSERT INTO amenity ( `AmenityID`, `Name`, `Description`, `PropertyID` ) VALUES ( 179, 'Wi-Fi', 'John bought new car. Anne is walking. ', NULL );
INSERT INTO amenity ( `AmenityID`, `Name`, `Description`, `PropertyID` ) VALUES ( 180, 'Air Conditioning', 'Anne bought new car. Anne is walking. John is shopping. Tony bought new car. John has free time. ', 2 );
INSERT INTO amenity ( `AmenityID`, `Name`, `Description`, `PropertyID` ) VALUES ( 181, NULL, 'Tony is walking. Anne is shopping. ', NULL );
INSERT INTO amenity ( `AmenityID`, `Name`, `Description`, `PropertyID` ) VALUES ( 182, 'BBQ Area', 'Anne has free time. Anne bought new car. Tony is walking. Tony bought new car. Tony is walking. ', NULL );
INSERT INTO amenity ( `AmenityID`, `Name`, `Description`, `PropertyID` ) VALUES ( 183, 'Wine Cellar', 'Anne bought new car. Anne bought new car. Tony is walking. Tony has free time. Anne is walking. ', 164 );
INSERT INTO amenity ( `AmenityID`, `Name`, `Description`, `PropertyID` ) VALUES ( 184, 'Pet-Friendly', 'John has free time. John bought new car. Anne bought new car. Tony has free time. Tony has free time. ', 47 );
INSERT INTO amenity ( `AmenityID`, `Name`, `Description`, `PropertyID` ) VALUES ( 185, 'Wi-Fi', 'John bought new car. John is walking. ', 174 );
INSERT INTO amenity ( `AmenityID`, `Name`, `Description`, `PropertyID` ) VALUES ( 186, 'BBQ Area', 'John bought new car. Tony is shopping. John has free time. Tony has free time. Anne has free time. ', 195 );
INSERT INTO amenity ( `AmenityID`, `Name`, `Description`, `PropertyID` ) VALUES ( 187, 'Tennis Court', 'John has free time. Anne is walking. ', 152 );
INSERT INTO amenity ( `AmenityID`, `Name`, `Description`, `PropertyID` ) VALUES ( 188, 'Fireplace', 'John is shopping. Tony is walking. Tony has free time. ', 222 );
INSERT INTO amenity ( `AmenityID`, `Name`, `Description`, `PropertyID` ) VALUES ( 189, 'Swimming Pool', 'John bought new car. Anne is walking. Anne bought new car. John has free time. John has free time. ', 212 );
INSERT INTO amenity ( `AmenityID`, `Name`, `Description`, `PropertyID` ) VALUES ( 190, 'Mountain View', 'Tony has free time. Anne bought new car. ', 75 );
INSERT INTO amenity ( `AmenityID`, `Name`, `Description`, `PropertyID` ) VALUES ( 191, NULL, 'Tony has free time. John bought new car. John has free time. Anne has free time. John is shopping. ', 25 );
INSERT INTO amenity ( `AmenityID`, `Name`, `Description`, `PropertyID` ) VALUES ( 192, 'BBQ Area', 'John is walking. Anne has free time. John bought new car. Tony has free time. Tony has free time. ', 99 );
INSERT INTO amenity ( `AmenityID`, `Name`, `Description`, `PropertyID` ) VALUES ( 193, 'Fireplace', 'Tony bought new car. Anne is walking. Tony bought new car. John has free time. Anne bought new car. ', 217 );
INSERT INTO amenity ( `AmenityID`, `Name`, `Description`, `PropertyID` ) VALUES ( 194, 'Concierge', 'Tony has free time. Tony is walking. Tony bought new car. ', 42 );
INSERT INTO amenity ( `AmenityID`, `Name`, `Description`, `PropertyID` ) VALUES ( 195, NULL, 'Anne bought new car. Tony bought new car. Anne bought new car. Tony has free time. ', NULL );
INSERT INTO amenity ( `AmenityID`, `Name`, `Description`, `PropertyID` ) VALUES ( 196, 'Mountain View', 'Anne is walking. Anne bought new car. Tony bought new car. Anne has free time. Tony bought new car. ', NULL );
INSERT INTO amenity ( `AmenityID`, `Name`, `Description`, `PropertyID` ) VALUES ( 197, 'Mountain View', 'Tony bought new car. John bought new car. ', 41 );
INSERT INTO amenity ( `AmenityID`, `Name`, `Description`, `PropertyID` ) VALUES ( 198, 'BBQ Area', 'Tony is shopping. Tony is shopping. Anne bought new car. John is shopping. ', 41 );
INSERT INTO amenity ( `AmenityID`, `Name`, `Description`, `PropertyID` ) VALUES ( 199, 'Wine Cellar', NULL, NULL );
INSERT INTO amenity ( `AmenityID`, `Name`, `Description`, `PropertyID` ) VALUES ( 200, 'Tennis Court', 'Anne has free time. Anne is walking. John bought new car. Anne has free time. Anne has free time. ', 0 );
INSERT INTO amenity ( `AmenityID`, `Name`, `Description`, `PropertyID` ) VALUES ( 201, '
Hot Tub', 'Tony is walking. Tony bought new car. Tony has free time. Tony has free time. John is walking. ', 34 );
INSERT INTO amenity ( `AmenityID`, `Name`, `Description`, `PropertyID` ) VALUES ( 202, 'Mountain View', 'John bought new car. Anne has free time. Tony has free time. John has free time. Anne bought new car. ', NULL );
INSERT INTO amenity ( `AmenityID`, `Name`, `Description`, `PropertyID` ) VALUES ( 203, 'Fireplace', 'Anne has free time. Anne bought new car. Tony bought new car. John is shopping. John has free time. ', 18 );
INSERT INTO amenity ( `AmenityID`, `Name`, `Description`, `PropertyID` ) VALUES ( 204, NULL, 'Tony has free time. Tony is walking. Tony is shopping. John is walking. John has free time. ', 7 );
INSERT INTO amenity ( `AmenityID`, `Name`, `Description`, `PropertyID` ) VALUES ( 205, 'Concierge', 'John bought new car. Anne is shopping. ', 27 );
INSERT INTO amenity ( `AmenityID`, `Name`, `Description`, `PropertyID` ) VALUES ( 206, 'Swimming Pool', 'Anne bought new car. Anne has free time. ', 146 );
INSERT INTO amenity ( `AmenityID`, `Name`, `Description`, `PropertyID` ) VALUES ( 207, 'Mountain View', 'Anne bought new car. Anne is shopping. John bought new car. Tony is walking. John has free time. ', 160 );
INSERT INTO amenity ( `AmenityID`, `Name`, `Description`, `PropertyID` ) VALUES ( 208, 'BBQ Area', NULL, 44 );
INSERT INTO amenity ( `AmenityID`, `Name`, `Description`, `PropertyID` ) VALUES ( 209, 'Concierge', 'Anne has free time. Tony has free time. Tony bought new car. John has free time. ', 58 );
INSERT INTO amenity ( `AmenityID`, `Name`, `Description`, `PropertyID` ) VALUES ( 210, 'Pet-Friendly', 'Tony is shopping. Tony is walking. John bought new car. Tony has free time. Tony has free time. ', 95 );
INSERT INTO amenity ( `AmenityID`, `Name`, `Description`, `PropertyID` ) VALUES ( 211, 'Fireplace', 'Anne is walking. John is walking. John bought new car. Tony is shopping. ', 0 );
INSERT INTO amenity ( `AmenityID`, `Name`, `Description`, `PropertyID` ) VALUES ( 212, 'Fitness Center', 'John bought new car. Anne is shopping. Anne bought new car. ', 72 );
INSERT INTO amenity ( `AmenityID`, `Name`, `Description`, `PropertyID` ) VALUES ( 213, '
Hot Tub', 'Tony bought new car. Anne is walking. Anne bought new car. ', 126 );
INSERT INTO amenity ( `AmenityID`, `Name`, `Description`, `PropertyID` ) VALUES ( 214, 'Sauna
Beach Access', 'Anne bought new car. Anne is walking. John bought new car. ', 104 );
INSERT INTO amenity ( `AmenityID`, `Name`, `Description`, `PropertyID` ) VALUES ( 215, 'Tennis Court', 'Anne bought new car. Tony is walking. Tony bought new car. Anne has free time. John has free time. ', NULL );
INSERT INTO amenity ( `AmenityID`, `Name`, `Description`, `PropertyID` ) VALUES ( 216, '
Balcony', 'Tony bought new car. Anne has free time. John bought new car. ', 120 );
INSERT INTO amenity ( `AmenityID`, `Name`, `Description`, `PropertyID` ) VALUES ( 217, NULL, 'John bought new car. Tony is walking. Tony bought new car. Anne bought new car. John has free time. ', NULL );
INSERT INTO amenity ( `AmenityID`, `Name`, `Description`, `PropertyID` ) VALUES ( 218, 'BBQ Area', 'John has free time. Tony is walking. Anne is shopping. ', NULL );
INSERT INTO amenity ( `AmenityID`, `Name`, `Description`, `PropertyID` ) VALUES ( 219, 'Pet-Friendly', 'Tony is walking. Anne has free time. Tony has free time. Anne has free time. John has free time. ', 219 );
INSERT INTO amenity ( `AmenityID`, `Name`, `Description`, `PropertyID` ) VALUES ( 220, NULL, 'Anne bought new car. Anne is walking. John is walking. John has free time. Anne has free time. ', 59 );
INSERT INTO amenity ( `AmenityID`, `Name`, `Description`, `PropertyID` ) VALUES ( 221, 'BBQ Area', 'John bought new car. Anne is walking. John has free time. Tony is shopping. Tony is walking. ', 0 );
INSERT INTO amenity ( `AmenityID`, `Name`, `Description`, `PropertyID` ) VALUES ( 222, 'Concierge', 'Tony bought new car. John is shopping. Tony bought new car. John bought new car. Anne has free time. ', 199 );
INSERT INTO amenity ( `AmenityID`, `Name`, `Description`, `PropertyID` ) VALUES ( 223, 'Air Conditioning', 'John is shopping. Tony is walking. ', 201 );
INSERT INTO amenity ( `AmenityID`, `Name`, `Description`, `PropertyID` ) VALUES ( 224, 'Wi-Fi', 'Anne is shopping. Anne bought new car. Tony bought new car. Anne is walking. Tony bought new car. ', 223 );
INSERT INTO amenity ( `AmenityID`, `Name`, `Description`, `PropertyID` ) VALUES ( 225, 'Gym', 'Tony has free time. Anne bought new car. Tony has free time. Tony is walking. Anne has free time. ', 45 );
INSERT INTO amenity ( `AmenityID`, `Name`, `Description`, `PropertyID` ) VALUES ( 226, NULL, 'John has free time. Tony is shopping. Anne bought new car. Tony has free time. Tony has free time. ', 131 );
INSERT INTO amenity ( `AmenityID`, `Name`, `Description`, `PropertyID` ) VALUES ( 227, 'BBQ Area', 'Anne is walking. John is shopping. John bought new car. John is walking. Tony is shopping. ', 103 );
INSERT INTO amenity ( `AmenityID`, `Name`, `Description`, `PropertyID` ) VALUES ( 228, 'Mountain View', 'Anne is walking. Tony is shopping. ', 69 );
INSERT INTO amenity ( `AmenityID`, `Name`, `Description`, `PropertyID` ) VALUES ( 229, NULL, 'Anne bought new car. Anne bought new car. John has free time. Anne has free time. John is walking. ', 33 );
INSERT INTO amenity ( `AmenityID`, `Name`, `Description`, `PropertyID` ) VALUES ( 230, '
Balcony', 'Anne is shopping. Anne bought new car. Tony is walking. Anne is walking. Anne is walking. ', 153 );
INSERT INTO amenity ( `AmenityID`, `Name`, `Description`, `PropertyID` ) VALUES ( 231, 'Concierge', 'John bought new car. John is shopping. Tony is shopping. John has free time. John is walking. ', 122 );
INSERT INTO amenity ( `AmenityID`, `Name`, `Description`, `PropertyID` ) VALUES ( 232, '
Balcony', 'Anne has free time. Tony is walking. John bought new car. Anne has free time. Anne has free time. ', 87 );
INSERT INTO amenity ( `AmenityID`, `Name`, `Description`, `PropertyID` ) VALUES ( 233, 'Air Conditioning', 'John is shopping. Tony is shopping. Anne bought new car. Tony has free time. Tony has free time. ', 184 );
INSERT INTO amenity ( `AmenityID`, `Name`, `Description`, `PropertyID` ) VALUES ( 234, '
Hot Tub', NULL, 217 );
INSERT INTO amenity ( `AmenityID`, `Name`, `Description`, `PropertyID` ) VALUES ( 235, 'Swimming Pool', 'Anne has free time. John is shopping. ', 130 );
INSERT INTO amenity ( `AmenityID`, `Name`, `Description`, `PropertyID` ) VALUES ( 236, 'Fitness Center', 'Tony is shopping. Anne has free time. Tony is walking. Tony bought new car. Tony has free time. ', NULL );
INSERT INTO amenity ( `AmenityID`, `Name`, `Description`, `PropertyID` ) VALUES ( 237, 'Concierge', 'Tony bought new car. Tony is shopping. ', 80 );
INSERT INTO amenity ( `AmenityID`, `Name`, `Description`, `PropertyID` ) VALUES ( 238, 'Pet-Friendly', 'Anne has free time. Anne has free time. Tony has free time. Tony is shopping. Tony bought new car. ', 126 );
INSERT INTO amenity ( `AmenityID`, `Name`, `Description`, `PropertyID` ) VALUES ( 239, 'Private Chef', 'Anne has free time. John is shopping. ', 139 );
INSERT INTO amenity ( `AmenityID`, `Name`, `Description`, `PropertyID` ) VALUES ( 240, 'Concierge', 'Anne bought new car. Tony is shopping. Tony bought new car. ', 99 );
INSERT INTO amenity ( `AmenityID`, `Name`, `Description`, `PropertyID` ) VALUES ( 241, 'Private Chef', 'Anne bought new car. Tony is walking. Tony is walking. Tony bought new car. ', 121 );
INSERT INTO amenity ( `AmenityID`, `Name`, `Description`, `PropertyID` ) VALUES ( 242, 'Concierge', 'Anne bought new car. Tony is walking. John is walking. ', 168 );
INSERT INTO amenity ( `AmenityID`, `Name`, `Description`, `PropertyID` ) VALUES ( 243, 'Swimming Pool', 'Tony is shopping. Anne is walking. John is shopping. Tony bought new car. ', 56 );
INSERT INTO amenity ( `AmenityID`, `Name`, `Description`, `PropertyID` ) VALUES ( 244, 'Concierge', 'Anne has free time. Tony is shopping. John bought new car. Tony is shopping. Anne is shopping. ', 47 );
INSERT INTO amenity ( `AmenityID`, `Name`, `Description`, `PropertyID` ) VALUES ( 245, 'Spa', 'Anne bought new car. Anne is walking. ', 33 );
INSERT INTO amenity ( `AmenityID`, `Name`, `Description`, `PropertyID` ) VALUES ( 246, 'Mountain View', 'Anne bought new car. John is walking. ', 4 );
INSERT INTO amenity ( `AmenityID`, `Name`, `Description`, `PropertyID` ) VALUES ( 247, 'Parking
Garden', NULL, NULL );
INSERT INTO amenity ( `AmenityID`, `Name`, `Description`, `PropertyID` ) VALUES ( 248, NULL, 'Tony is walking. Anne bought new car. ', 183 );
INSERT INTO amenity ( `AmenityID`, `Name`, `Description`, `PropertyID` ) VALUES ( 249, NULL, 'Tony bought new car. John is shopping. ', 105 );
INSERT INTO amenity ( `AmenityID`, `Name`, `Description`, `PropertyID` ) VALUES ( 250, 'Concierge', 'Anne has free time. Tony bought new car. Tony bought new car. Tony has free time. ', 152 );
INSERT INTO amenity ( `AmenityID`, `Name`, `Description`, `PropertyID` ) VALUES ( 251, 'Fitness Center', 'John bought new car. Anne is walking. Tony is walking. Tony has free time. Tony bought new car. ', 48 );
INSERT INTO amenity ( `AmenityID`, `Name`, `Description`, `PropertyID` ) VALUES ( 252, 'Tennis Court', 'John is shopping. Tony is walking. Tony bought new car. Anne is walking. ', 79 );
INSERT INTO amenity ( `AmenityID`, `Name`, `Description`, `PropertyID` ) VALUES ( 253, 'Concierge', 'Tony bought new car. Tony is shopping. John is shopping. John bought new car. John bought new car. ', 109 );
INSERT INTO amenity ( `AmenityID`, `Name`, `Description`, `PropertyID` ) VALUES ( 254, '
Hot Tub', 'Tony bought new car. John is shopping. Tony bought new car. Tony has free time. ', 116 );
INSERT INTO amenity ( `AmenityID`, `Name`, `Description`, `PropertyID` ) VALUES ( 255, 'Concierge', 'Anne bought new car. Anne bought new car. John bought new car. Anne has free time. John is walking. ', 122 );
INSERT INTO amenity ( `AmenityID`, `Name`, `Description`, `PropertyID` ) VALUES ( 256, 'Concierge', 'Tony is shopping. Anne is shopping. John bought new car. John has free time. Tony bought new car. ', 210 );
INSERT INTO amenity ( `AmenityID`, `Name`, `Description`, `PropertyID` ) VALUES ( 257, 'Sauna
Beach Access', 'Anne is walking. Tony is shopping. John bought new car. Anne is shopping. John has free time. ', NULL );
INSERT INTO amenity ( `AmenityID`, `Name`, `Description`, `PropertyID` ) VALUES ( 258, 'Mountain View', 'Anne has free time. John bought new car. Anne is walking. John has free time. John has free time. ', 131 );
INSERT INTO amenity ( `AmenityID`, `Name`, `Description`, `PropertyID` ) VALUES ( 259, 'Private Chef', 'Anne bought new car. John is shopping. John is walking. Tony has free time. Anne has free time. ', 3 );
INSERT INTO amenity ( `AmenityID`, `Name`, `Description`, `PropertyID` ) VALUES ( 260, 'Concierge', 'Tony has free time. Anne has free time. Anne is shopping. Tony has free time. John is walking. ', 208 );
INSERT INTO amenity ( `AmenityID`, `Name`, `Description`, `PropertyID` ) VALUES ( 261, 'Sauna
Beach Access', 'Tony is walking. Anne bought new car. Anne bought new car. Anne has free time. ', 202 );
INSERT INTO amenity ( `AmenityID`, `Name`, `Description`, `PropertyID` ) VALUES ( 262, 'Gym', 'Anne bought new car. Tony has free time. John bought new car. John has free time. Tony has free time. ', 172 );
INSERT INTO amenity ( `AmenityID`, `Name`, `Description`, `PropertyID` ) VALUES ( 263, 'BBQ Area', 'Tony has free time. Tony is shopping. John is walking. John has free time. ', 21 );
INSERT INTO amenity ( `AmenityID`, `Name`, `Description`, `PropertyID` ) VALUES ( 264, 'BBQ Area', 'Tony bought new car. Tony is walking. Anne is shopping. Tony has free time. ', 90 );
INSERT INTO amenity ( `AmenityID`, `Name`, `Description`, `PropertyID` ) VALUES ( 265, 'Concierge', 'Anne has free time. John is shopping. ', 212 );
INSERT INTO amenity ( `AmenityID`, `Name`, `Description`, `PropertyID` ) VALUES ( 266, NULL, 'Anne bought new car. John is walking. Tony bought new car. Tony has free time. Tony is shopping. ', 79 );
INSERT INTO amenity ( `AmenityID`, `Name`, `Description`, `PropertyID` ) VALUES ( 267, 'Gym', 'Anne bought new car. John is shopping. Anne bought new car. John bought new car. Tony bought new car. ', 83 );
INSERT INTO amenity ( `AmenityID`, `Name`, `Description`, `PropertyID` ) VALUES ( 268, 'Gym', 'Anne bought new car. John has free time. John bought new car. John has free time. Tony bought new car. ', NULL );
INSERT INTO amenity ( `AmenityID`, `Name`, `Description`, `PropertyID` ) VALUES ( 269, 'Air Conditioning', 'Anne is walking. Anne is walking. John bought new car. Tony bought new car. John bought new car. ', 53 );
INSERT INTO amenity ( `AmenityID`, `Name`, `Description`, `PropertyID` ) VALUES ( 270, 'Air Conditioning', 'John bought new car. Anne is walking. ', 180 );
INSERT INTO amenity ( `AmenityID`, `Name`, `Description`, `PropertyID` ) VALUES ( 271, 'Pet-Friendly', 'Tony has free time. Tony is walking. Tony bought new car. Tony has free time. Tony has free time. ', 158 );
INSERT INTO amenity ( `AmenityID`, `Name`, `Description`, `PropertyID` ) VALUES ( 272, 'Spa', 'John bought new car. John is walking. ', 223 );
INSERT INTO amenity ( `AmenityID`, `Name`, `Description`, `PropertyID` ) VALUES ( 273, 'Private Chef', 'Anne has free time. Anne has free time. John is shopping. Anne has free time. ', NULL );
INSERT INTO amenity ( `AmenityID`, `Name`, `Description`, `PropertyID` ) VALUES ( 274, 'Swimming Pool', 'Tony bought new car. Tony is shopping. ', 52 );
INSERT INTO amenity ( `AmenityID`, `Name`, `Description`, `PropertyID` ) VALUES ( 275, 'Tennis Court', NULL, 41 );
INSERT INTO amenity ( `AmenityID`, `Name`, `Description`, `PropertyID` ) VALUES ( 276, 'Wi-Fi', 'John bought new car. Anne bought new car. John bought new car. Tony has free time. Anne has free time. ', 117 );
INSERT INTO amenity ( `AmenityID`, `Name`, `Description`, `PropertyID` ) VALUES ( 277, 'Wine Cellar', 'Anne bought new car. Tony has free time. Tony has free time. Tony is shopping. Tony has free time. ', 156 );
INSERT INTO amenity ( `AmenityID`, `Name`, `Description`, `PropertyID` ) VALUES ( 278, '
Balcony', 'Anne is walking. Anne is shopping. John bought new car. ', 79 );
INSERT INTO amenity ( `AmenityID`, `Name`, `Description`, `PropertyID` ) VALUES ( 279, 'BBQ Area', 'Tony bought new car. Tony is shopping. Tony bought new car. Anne bought new car. ', NULL );
INSERT INTO amenity ( `AmenityID`, `Name`, `Description`, `PropertyID` ) VALUES ( 280, 'Fireplace', 'John bought new car. Anne bought new car. Tony is shopping. Anne has free time. Anne has free time. ', 151 );
INSERT INTO amenity ( `AmenityID`, `Name`, `Description`, `PropertyID` ) VALUES ( 281, 'Mountain View', 'John bought new car. Anne has free time. John bought new car. John is walking. John has free time. ', NULL );
INSERT INTO amenity ( `AmenityID`, `Name`, `Description`, `PropertyID` ) VALUES ( 282, '
Hot Tub', 'Anne is walking. John is shopping. John bought new car. Anne is shopping. John bought new car. ', 29 );
INSERT INTO amenity ( `AmenityID`, `Name`, `Description`, `PropertyID` ) VALUES ( 283, NULL, 'Anne bought new car. Tony is walking. Tony has free time. John is shopping. John bought new car. ', 127 );
INSERT INTO amenity ( `AmenityID`, `Name`, `Description`, `PropertyID` ) VALUES ( 284, 'Mountain View', 'Anne is walking. John bought new car. John bought new car. Tony bought new car. ', 106 );
INSERT INTO amenity ( `AmenityID`, `Name`, `Description`, `PropertyID` ) VALUES ( 285, 'Sauna
Beach Access', NULL, 124 );
INSERT INTO amenity ( `AmenityID`, `Name`, `Description`, `PropertyID` ) VALUES ( 286, 'Air Conditioning', 'Anne bought new car. Anne is shopping. Tony bought new car. Tony bought new car. John bought new car. ', 6 );
INSERT INTO amenity ( `AmenityID`, `Name`, `Description`, `PropertyID` ) VALUES ( 287, 'Fireplace', 'John bought new car. Anne has free time. Anne is walking. John has free time. Anne has free time. ', NULL );
INSERT INTO amenity ( `AmenityID`, `Name`, `Description`, `PropertyID` ) VALUES ( 288, NULL, 'Tony bought new car. John has free time. Anne has free time. ', 212 );
INSERT INTO amenity ( `AmenityID`, `Name`, `Description`, `PropertyID` ) VALUES ( 289, '
Hot Tub', NULL, 124 );
INSERT INTO amenity ( `AmenityID`, `Name`, `Description`, `PropertyID` ) VALUES ( 290, 'Pet-Friendly', 'Tony bought new car. Anne is walking. ', 35 );
INSERT INTO amenity ( `AmenityID`, `Name`, `Description`, `PropertyID` ) VALUES ( 291, 'Concierge', 'Anne is shopping. Anne bought new car. Anne has free time. Anne is shopping. ', 75 );
INSERT INTO amenity ( `AmenityID`, `Name`, `Description`, `PropertyID` ) VALUES ( 292, 'Fitness Center', 'John bought new car. Anne has free time. John bought new car. John has free time. Anne is shopping. ', 192 );
INSERT INTO amenity ( `AmenityID`, `Name`, `Description`, `PropertyID` ) VALUES ( 293, 'Air Conditioning', 'John has free time. Anne has free time. ', 103 );
INSERT INTO amenity ( `AmenityID`, `Name`, `Description`, `PropertyID` ) VALUES ( 294, '
Hot Tub', 'John bought new car. Anne bought new car. Tony has free time. John is shopping. Tony is shopping. ', 192 );
INSERT INTO amenity ( `AmenityID`, `Name`, `Description`, `PropertyID` ) VALUES ( 295, 'Gym', 'Tony has free time. John is shopping. John bought new car. John has free time. John is shopping. ', 59 );
INSERT INTO amenity ( `AmenityID`, `Name`, `Description`, `PropertyID` ) VALUES ( 296, 'Sauna
Beach Access', 'John is walking. Anne bought new car. Tony bought new car. Anne is walking. John is shopping. ', 134 );
INSERT INTO amenity ( `AmenityID`, `Name`, `Description`, `PropertyID` ) VALUES ( 297, '
Balcony', 'Anne has free time. Anne has free time. John has free time. John has free time. Anne has free time. ', 59 );
INSERT INTO amenity ( `AmenityID`, `Name`, `Description`, `PropertyID` ) VALUES ( 298, 'Private Chef', 'Anne bought new car. Anne is shopping. John has free time. John has free time. Anne is walking. ', 6 );
INSERT INTO amenity ( `AmenityID`, `Name`, `Description`, `PropertyID` ) VALUES ( 299, 'Tennis Court', NULL, 55 );
INSERT INTO amenity ( `AmenityID`, `Name`, `Description`, `PropertyID` ) VALUES ( 300, 'Fireplace', NULL, 117 );
INSERT INTO amenity ( `AmenityID`, `Name`, `Description`, `PropertyID` ) VALUES ( 301, NULL, 'Anne bought new car. Anne is shopping. Tony bought new car. John has free time. Anne is shopping. ', NULL );
INSERT INTO amenity ( `AmenityID`, `Name`, `Description`, `PropertyID` ) VALUES ( 302, 'Swimming Pool', 'Anne bought new car. Anne has free time. John has free time. ', 112 );
INSERT INTO amenity ( `AmenityID`, `Name`, `Description`, `PropertyID` ) VALUES ( 303, 'BBQ Area', 'Anne bought new car. John is walking. Tony bought new car. John is walking. Anne has free time. ', 168 );
INSERT INTO amenity ( `AmenityID`, `Name`, `Description`, `PropertyID` ) VALUES ( 304, 'Mountain View', NULL, 72 );
INSERT INTO amenity ( `AmenityID`, `Name`, `Description`, `PropertyID` ) VALUES ( 305, 'Tennis Court', 'Tony bought new car. Tony is walking. ', 80 );
INSERT INTO amenity ( `AmenityID`, `Name`, `Description`, `PropertyID` ) VALUES ( 306, 'Tennis Court', 'Anne bought new car. Anne has free time. Tony has free time. Anne has free time. John is walking. ', 189 );
INSERT INTO amenity ( `AmenityID`, `Name`, `Description`, `PropertyID` ) VALUES ( 307, 'Wine Cellar', 'Tony is shopping. Tony is walking. John bought new car. ', 50 );
INSERT INTO amenity ( `AmenityID`, `Name`, `Description`, `PropertyID` ) VALUES ( 308, 'Wi-Fi', 'Anne bought new car. Anne has free time. John bought new car. Tony bought new car. John bought new car. ', 169 );
INSERT INTO amenity ( `AmenityID`, `Name`, `Description`, `PropertyID` ) VALUES ( 309, 'Swimming Pool', 'John bought new car. John has free time. ', 200 );
INSERT INTO amenity ( `AmenityID`, `Name`, `Description`, `PropertyID` ) VALUES ( 310, 'BBQ Area', 'Anne has free time. Anne has free time. Tony bought new car. Tony has free time. ', 159 );
INSERT INTO amenity ( `AmenityID`, `Name`, `Description`, `PropertyID` ) VALUES ( 311, NULL, NULL, 196 );
INSERT INTO amenity ( `AmenityID`, `Name`, `Description`, `PropertyID` ) VALUES ( 312, 'Air Conditioning', 'Anne has free time. Tony bought new car. Anne has free time. Tony has free time. Anne bought new car. ', 96 );
INSERT INTO amenity ( `AmenityID`, `Name`, `Description`, `PropertyID` ) VALUES ( 313, 'Fireplace', 'Tony is walking. Tony is shopping. John is walking. ', 170 );
INSERT INTO amenity ( `AmenityID`, `Name`, `Description`, `PropertyID` ) VALUES ( 314, '
Balcony', 'Anne bought new car. Anne bought new car. Tony has free time. Tony is walking. Tony is shopping. ', 92 );
INSERT INTO amenity ( `AmenityID`, `Name`, `Description`, `PropertyID` ) VALUES ( 315, 'Gym', NULL, 167 );
INSERT INTO amenity ( `AmenityID`, `Name`, `Description`, `PropertyID` ) VALUES ( 316, 'Concierge', NULL, 134 );
INSERT INTO amenity ( `AmenityID`, `Name`, `Description`, `PropertyID` ) VALUES ( 317, 'Air Conditioning', 'Anne bought new car. Anne has free time. ', 126 );
INSERT INTO amenity ( `AmenityID`, `Name`, `Description`, `PropertyID` ) VALUES ( 318, '
Balcony', 'Tony is walking. John is shopping. Anne bought new car. Tony bought new car. Tony has free time. ', 146 );
INSERT INTO amenity ( `AmenityID`, `Name`, `Description`, `PropertyID` ) VALUES ( 319, 'Gym', 'Anne bought new car. Anne has free time. Tony has free time. Tony has free time. Tony has free time. ', 78 );
INSERT INTO amenity ( `AmenityID`, `Name`, `Description`, `PropertyID` ) VALUES ( 320, 'BBQ Area', 'Tony has free time. John is walking. ', 162 );
INSERT INTO amenity ( `AmenityID`, `Name`, `Description`, `PropertyID` ) VALUES ( 321, 'Fitness Center', 'Tony bought new car. Tony has free time. Anne is shopping. John has free time. John is walking. ', 50 );
INSERT INTO amenity ( `AmenityID`, `Name`, `Description`, `PropertyID` ) VALUES ( 322, 'Mountain View', 'Anne bought new car. John has free time. Tony has free time. John bought new car. Tony has free time. ', 217 );
INSERT INTO amenity ( `AmenityID`, `Name`, `Description`, `PropertyID` ) VALUES ( 323, 'BBQ Area', 'Anne is walking. Tony is walking. John bought new car. Anne is walking. John bought new car. ', 191 );
INSERT INTO amenity ( `AmenityID`, `Name`, `Description`, `PropertyID` ) VALUES ( 324, 'Swimming Pool', 'Tony bought new car. Tony bought new car. John bought new car. ', 135 );
INSERT INTO amenity ( `AmenityID`, `Name`, `Description`, `PropertyID` ) VALUES ( 325, 'Pet-Friendly', 'Anne is shopping. Anne is shopping. Tony is shopping. Anne has free time. John has free time. ', 35 );
INSERT INTO amenity ( `AmenityID`, `Name`, `Description`, `PropertyID` ) VALUES ( 326, '
Hot Tub', 'Anne has free time. Anne bought new car. John bought new car. Tony has free time. Anne is walking. ', 7 );
INSERT INTO amenity ( `AmenityID`, `Name`, `Description`, `PropertyID` ) VALUES ( 327, 'Air Conditioning', 'John bought new car. John is walking. John bought new car. Tony is walking. John bought new car. ', 215 );
INSERT INTO amenity ( `AmenityID`, `Name`, `Description`, `PropertyID` ) VALUES ( 328, '
Balcony', NULL, NULL );
INSERT INTO amenity ( `AmenityID`, `Name`, `Description`, `PropertyID` ) VALUES ( 329, 'Concierge', 'Tony bought new car. Tony is walking. John bought new car. ', 11 );
INSERT INTO amenity ( `AmenityID`, `Name`, `Description`, `PropertyID` ) VALUES ( 330, 'BBQ Area', 'Anne has free time. John is walking. John is shopping. John has free time. Tony has free time. ', 56 );
INSERT INTO amenity ( `AmenityID`, `Name`, `Description`, `PropertyID` ) VALUES ( 331, 'Fitness Center', 'Anne has free time. Anne is shopping. Tony bought new car. Tony has free time. John has free time. ', NULL );
INSERT INTO amenity ( `AmenityID`, `Name`, `Description`, `PropertyID` ) VALUES ( 332, 'Gym', 'Tony is walking. Tony has free time. ', NULL );
INSERT INTO amenity ( `AmenityID`, `Name`, `Description`, `PropertyID` ) VALUES ( 333, 'Wi-Fi', 'Tony is shopping. Anne is walking. ', 83 );
INSERT INTO amenity ( `AmenityID`, `Name`, `Description`, `PropertyID` ) VALUES ( 334, 'Mountain View', 'Anne is shopping. Anne is walking. John bought new car. ', 39 );
INSERT INTO amenity ( `AmenityID`, `Name`, `Description`, `PropertyID` ) VALUES ( 335, 'Concierge', 'Tony bought new car. Tony bought new car. John bought new car. Anne has free time. ', 164 );
INSERT INTO amenity ( `AmenityID`, `Name`, `Description`, `PropertyID` ) VALUES ( 336, 'Wine Cellar', 'Anne is shopping. Tony has free time. John is walking. Anne is walking. Tony has free time. ', 172 );
INSERT INTO listings ( `ListingID`, `Title`, `Description`, `PriceperNight`, `HostID`, `PropertyID` ) VALUES ( 0, 'Miss.', 'Anne bought new car. Anne bought new car. Tony bought new car. Anne has free time. Anne is walking. ', 1129.19, 136, 39 );
INSERT INTO listings ( `ListingID`, `Title`, `Description`, `PriceperNight`, `HostID`, `PropertyID` ) VALUES ( 1, 'Dr.', 'John bought new car. Anne is shopping. Tony bought new car. Tony bought new car. Tony has free time. ', 143.57, 121, NULL );
INSERT INTO listings ( `ListingID`, `Title`, `Description`, `PriceperNight`, `HostID`, `PropertyID` ) VALUES ( 2, 'Ms', 'John has free time. Tony is shopping. ', 1154.54, 32, 110 );
INSERT INTO listings ( `ListingID`, `Title`, `Description`, `PriceperNight`, `HostID`, `PropertyID` ) VALUES ( 3, 'Ms.', 'John bought new car. Anne is walking. John bought new car. Anne has free time. John has free time. ', 1324.04, 42, 103 );
INSERT INTO listings ( `ListingID`, `Title`, `Description`, `PriceperNight`, `HostID`, `PropertyID` ) VALUES ( 4, 'Dr', 'Anne bought new car. Anne is shopping. ', 142.32, NULL, 100 );
INSERT INTO listings ( `ListingID`, `Title`, `Description`, `PriceperNight`, `HostID`, `PropertyID` ) VALUES ( 5, 'Miss.', 'Anne bought new car. Tony has free time. Tony bought new car. Tony has free time. Anne bought new car. ', 1624.23, 3, 156 );
INSERT INTO listings ( `ListingID`, `Title`, `Description`, `PriceperNight`, `HostID`, `PropertyID` ) VALUES ( 6, 'Dr', 'Tony bought new car. John bought new car. Tony has free time. ', 1731.08, 104, 62 );
INSERT INTO listings ( `ListingID`, `Title`, `Description`, `PriceperNight`, `HostID`, `PropertyID` ) VALUES ( 7, 'Dr', 'John bought new car. John is walking. John bought new car. John bought new car. Tony is walking. ', 1821.45, 120, 170 );
INSERT INTO listings ( `ListingID`, `Title`, `Description`, `PriceperNight`, `HostID`, `PropertyID` ) VALUES ( 8, 'Mrs', 'Anne bought new car. John is shopping. Tony is shopping. Anne bought new car. John is walking. ', 92.28, 22, 49 );
INSERT INTO listings ( `ListingID`, `Title`, `Description`, `PriceperNight`, `HostID`, `PropertyID` ) VALUES ( 9, 'Mr', 'John bought new car. Tony is walking. John has free time. John has free time. Anne has free time. ', 1955.25, 138, 207 );
INSERT INTO listings ( `ListingID`, `Title`, `Description`, `PriceperNight`, `HostID`, `PropertyID` ) VALUES ( 10, 'Ms', 'John is walking. Anne bought new car. Tony is shopping. John has free time. Tony is walking. ', 1089.67, 114, 199 );
INSERT INTO listings ( `ListingID`, `Title`, `Description`, `PriceperNight`, `HostID`, `PropertyID` ) VALUES ( 11, 'Dr', 'Tony is shopping. Anne is walking. ', 196.16, 0, 49 );
INSERT INTO listings ( `ListingID`, `Title`, `Description`, `PriceperNight`, `HostID`, `PropertyID` ) VALUES ( 12, NULL, 'John has free time. Tony is walking. ', 817.7, 110, 198 );
INSERT INTO listings ( `ListingID`, `Title`, `Description`, `PriceperNight`, `HostID`, `PropertyID` ) VALUES ( 13, 'Dr', 'Anne bought new car. Anne bought new car. Anne is shopping. Anne has free time. Tony bought new car. ', NULL, 143, NULL );
INSERT INTO listings ( `ListingID`, `Title`, `Description`, `PriceperNight`, `HostID`, `PropertyID` ) VALUES ( 14, 'Dr', 'Anne is shopping. Anne is walking. John bought new car. John bought new car. John has free time. ', 1853.24, 123, 71 );
INSERT INTO listings ( `ListingID`, `Title`, `Description`, `PriceperNight`, `HostID`, `PropertyID` ) VALUES ( 15, 'Miss.', 'Tony is shopping. Anne is shopping. Anne is shopping. Tony bought new car. Tony has free time. ', 980.04, 28, 148 );
INSERT INTO listings ( `ListingID`, `Title`, `Description`, `PriceperNight`, `HostID`, `PropertyID` ) VALUES ( 16, 'Dr', 'Anne is shopping. Anne bought new car. Tony is shopping. ', 242.13, 48, 149 );
INSERT INTO listings ( `ListingID`, `Title`, `Description`, `PriceperNight`, `HostID`, `PropertyID` ) VALUES ( 17, 'Mr', 'John has free time. Anne has free time. Tony bought new car. Anne has free time. John bought new car. ', 1076.16, 112, 44 );
INSERT INTO listings ( `ListingID`, `Title`, `Description`, `PriceperNight`, `HostID`, `PropertyID` ) VALUES ( 18, 'Dr', 'Anne has free time. John is shopping. Anne bought new car. Anne bought new car. Tony is walking. ', 758.56, 42, 149 );
INSERT INTO listings ( `ListingID`, `Title`, `Description`, `PriceperNight`, `HostID`, `PropertyID` ) VALUES ( 19, 'Mrs', 'Anne bought new car. John has free time. Tony is shopping. Tony has free time. Anne bought new car. ', 1384.65, 34, 13 );
INSERT INTO listings ( `ListingID`, `Title`, `Description`, `PriceperNight`, `HostID`, `PropertyID` ) VALUES ( 20, 'Dr', 'Anne bought new car. John has free time. Anne is walking. John bought new car. John has free time. ', 204.84, 121, 110 );
INSERT INTO listings ( `ListingID`, `Title`, `Description`, `PriceperNight`, `HostID`, `PropertyID` ) VALUES ( 21, 'Miss.', 'Anne has free time. Anne has free time. John has free time. ', 527.41, 113, 112 );
INSERT INTO listings ( `ListingID`, `Title`, `Description`, `PriceperNight`, `HostID`, `PropertyID` ) VALUES ( 22, 'Dr.', 'Anne is shopping. Anne is walking. Tony bought new car. John is walking. Tony bought new car. ', 895.59, 117, NULL );
INSERT INTO listings ( `ListingID`, `Title`, `Description`, `PriceperNight`, `HostID`, `PropertyID` ) VALUES ( 23, NULL, 'Anne has free time. Anne is walking. Tony bought new car. John is shopping. John is shopping. ', 1498.24, 133, 9 );
INSERT INTO listings ( `ListingID`, `Title`, `Description`, `PriceperNight`, `HostID`, `PropertyID` ) VALUES ( 24, 'Dr.', NULL, 422.18, 78, 153 );
INSERT INTO listings ( `ListingID`, `Title`, `Description`, `PriceperNight`, `HostID`, `PropertyID` ) VALUES ( 25, 'Dr', 'Anne has free time. John is shopping. ', 908.31, 7, 101 );
INSERT INTO listings ( `ListingID`, `Title`, `Description`, `PriceperNight`, `HostID`, `PropertyID` ) VALUES ( 26, 'Miss.', 'Anne is walking. Tony has free time. Tony bought new car. Tony has free time. John bought new car. ', 740.85, 52, 79 );
INSERT INTO listings ( `ListingID`, `Title`, `Description`, `PriceperNight`, `HostID`, `PropertyID` ) VALUES ( 27, 'Mrs', 'John has free time. Anne is walking. Anne bought new car. Anne has free time. ', 1027.06, 72, 67 );
INSERT INTO listings ( `ListingID`, `Title`, `Description`, `PriceperNight`, `HostID`, `PropertyID` ) VALUES ( 28, 'Dr', 'Anne has free time. Anne has free time. ', 1098.35, 135, 28 );
INSERT INTO listings ( `ListingID`, `Title`, `Description`, `PriceperNight`, `HostID`, `PropertyID` ) VALUES ( 29, 'Dr.', 'Anne has free time. John bought new car. ', 646.1, 85, 78 );
INSERT INTO listings ( `ListingID`, `Title`, `Description`, `PriceperNight`, `HostID`, `PropertyID` ) VALUES ( 30, 'Miss.', 'Anne is walking. Anne is shopping. Tony bought new car. Tony bought new car. Anne bought new car. ', 595.03, 83, 155 );
INSERT INTO listings ( `ListingID`, `Title`, `Description`, `PriceperNight`, `HostID`, `PropertyID` ) VALUES ( 31, 'Miss.', 'Anne bought new car. Anne is shopping. ', 1800.02, 85, 45 );
INSERT INTO listings ( `ListingID`, `Title`, `Description`, `PriceperNight`, `HostID`, `PropertyID` ) VALUES ( 32, NULL, 'Anne has free time. Tony is walking. John bought new car. Anne is walking. John has free time. ', 1835.35, 134, 7 );
INSERT INTO listings ( `ListingID`, `Title`, `Description`, `PriceperNight`, `HostID`, `PropertyID` ) VALUES ( 33, 'Ms.', 'Tony is shopping. Tony is shopping. ', 445.09, 32, 43 );
INSERT INTO listings ( `ListingID`, `Title`, `Description`, `PriceperNight`, `HostID`, `PropertyID` ) VALUES ( 34, NULL, 'Tony bought new car. John is walking. Tony bought new car. ', NULL, 48, 52 );
INSERT INTO listings ( `ListingID`, `Title`, `Description`, `PriceperNight`, `HostID`, `PropertyID` ) VALUES ( 35, 'Dr.', NULL, 214.64, 22, 8 );
INSERT INTO listings ( `ListingID`, `Title`, `Description`, `PriceperNight`, `HostID`, `PropertyID` ) VALUES ( 36, NULL, 'Anne is shopping. John is shopping. John bought new car. John has free time. ', 498.17, 102, 153 );
INSERT INTO listings ( `ListingID`, `Title`, `Description`, `PriceperNight`, `HostID`, `PropertyID` ) VALUES ( 37, 'Dr.', 'Anne bought new car. Tony is walking. Tony is shopping. John is shopping. Anne bought new car. ', 575.7, 140, 131 );
INSERT INTO listings ( `ListingID`, `Title`, `Description`, `PriceperNight`, `HostID`, `PropertyID` ) VALUES ( 38, 'Dr.', NULL, 830.55, 84, 187 );
INSERT INTO listings ( `ListingID`, `Title`, `Description`, `PriceperNight`, `HostID`, `PropertyID` ) VALUES ( 39, 'Miss', 'John bought new car. Anne is walking. John has free time. Anne is shopping. John has free time. ', 163.95, 43, 138 );
INSERT INTO listings ( `ListingID`, `Title`, `Description`, `PriceperNight`, `HostID`, `PropertyID` ) VALUES ( 40, 'Miss.', NULL, 1386.75, 122, 146 );
INSERT INTO listings ( `ListingID`, `Title`, `Description`, `PriceperNight`, `HostID`, `PropertyID` ) VALUES ( 41, 'Dr.', 'Tony is shopping. Anne is shopping. Anne bought new car. Tony is shopping. Anne has free time. ', 995.75, 50, 61 );
INSERT INTO listings ( `ListingID`, `Title`, `Description`, `PriceperNight`, `HostID`, `PropertyID` ) VALUES ( 42, NULL, 'John bought new car. John is walking. Anne has free time. Anne has free time. Anne is walking. ', 532.47, 108, 158 );
INSERT INTO listings ( `ListingID`, `Title`, `Description`, `PriceperNight`, `HostID`, `PropertyID` ) VALUES ( 43, 'Dr.', 'Anne has free time. Anne bought new car. John has free time. John has free time. John has free time. ', NULL, 92, 224 );
INSERT INTO listings ( `ListingID`, `Title`, `Description`, `PriceperNight`, `HostID`, `PropertyID` ) VALUES ( 44, 'Dr', NULL, 603.26, 107, 107 );
INSERT INTO listings ( `ListingID`, `Title`, `Description`, `PriceperNight`, `HostID`, `PropertyID` ) VALUES ( 45, 'Dr', 'Anne has free time. Anne bought new car. ', 1505.54, 8, 20 );
INSERT INTO listings ( `ListingID`, `Title`, `Description`, `PriceperNight`, `HostID`, `PropertyID` ) VALUES ( 46, 'Ms.', 'John bought new car. Tony bought new car. John bought new car. Tony has free time. John has free time. ', 292.22, 67, 193 );
INSERT INTO listings ( `ListingID`, `Title`, `Description`, `PriceperNight`, `HostID`, `PropertyID` ) VALUES ( 47, 'Dr', 'Tony has free time. Anne is walking. John bought new car. John is shopping. Tony has free time. ', 798.18, 79, 126 );
INSERT INTO listings ( `ListingID`, `Title`, `Description`, `PriceperNight`, `HostID`, `PropertyID` ) VALUES ( 48, 'Dr', 'Anne bought new car. Tony is walking. ', 1212.44, 93, 110 );
INSERT INTO listings ( `ListingID`, `Title`, `Description`, `PriceperNight`, `HostID`, `PropertyID` ) VALUES ( 49, 'Miss.', 'Anne is walking. John is shopping. John is shopping. John has free time. Tony has free time. ', 1780.89, NULL, 188 );
INSERT INTO listings ( `ListingID`, `Title`, `Description`, `PriceperNight`, `HostID`, `PropertyID` ) VALUES ( 50, 'Mr', 'John bought new car. Tony bought new car. Tony bought new car. Tony has free time. John bought new car. ', 620.27, 148, NULL );
INSERT INTO listings ( `ListingID`, `Title`, `Description`, `PriceperNight`, `HostID`, `PropertyID` ) VALUES ( 51, 'Miss', 'Anne bought new car. Tony is walking. Anne bought new car. Anne has free time. Tony bought new car. ', NULL, 46, 127 );
INSERT INTO listings ( `ListingID`, `Title`, `Description`, `PriceperNight`, `HostID`, `PropertyID` ) VALUES ( 52, 'Dr.', 'Tony bought new car. Anne bought new car. John is walking. John has free time. Anne bought new car. ', 642.11, 49, NULL );
INSERT INTO listings ( `ListingID`, `Title`, `Description`, `PriceperNight`, `HostID`, `PropertyID` ) VALUES ( 53, 'Miss', 'Anne bought new car. John has free time. Tony is walking. Anne bought new car. Tony is shopping. ', NULL, 128, 41 );
INSERT INTO listings ( `ListingID`, `Title`, `Description`, `PriceperNight`, `HostID`, `PropertyID` ) VALUES ( 54, 'Dr', 'Anne is walking. John bought new car. ', 1921.85, 52, 199 );
INSERT INTO listings ( `ListingID`, `Title`, `Description`, `PriceperNight`, `HostID`, `PropertyID` ) VALUES ( 55, 'Miss.', 'Tony bought new car. John is shopping. ', 1680.99, 134, 35 );
INSERT INTO listings ( `ListingID`, `Title`, `Description`, `PriceperNight`, `HostID`, `PropertyID` ) VALUES ( 56, 'Dr.', 'Anne is walking. Tony has free time. John has free time. John has free time. John has free time. ', 714.92, 71, 212 );
INSERT INTO listings ( `ListingID`, `Title`, `Description`, `PriceperNight`, `HostID`, `PropertyID` ) VALUES ( 57, 'Ms', 'John bought new car. Tony is shopping. Tony bought new car. Tony has free time. Tony is walking. ', 140.09, 48, 130 );
INSERT INTO listings ( `ListingID`, `Title`, `Description`, `PriceperNight`, `HostID`, `PropertyID` ) VALUES ( 58, 'Dr', 'Tony bought new car. Anne is walking. Anne bought new car. Tony has free time. John is walking. ', 939.48, 62, NULL );
INSERT INTO listings ( `ListingID`, `Title`, `Description`, `PriceperNight`, `HostID`, `PropertyID` ) VALUES ( 59, 'Mr', 'Tony has free time. John is shopping. Anne bought new car. ', NULL, 94, NULL );
INSERT INTO listings ( `ListingID`, `Title`, `Description`, `PriceperNight`, `HostID`, `PropertyID` ) VALUES ( 60, 'Miss', 'Tony is shopping. Anne has free time. Tony bought new car. John has free time. Tony has free time. ', NULL, 5, 129 );
INSERT INTO listings ( `ListingID`, `Title`, `Description`, `PriceperNight`, `HostID`, `PropertyID` ) VALUES ( 61, 'Dr', NULL, 905.71, 146, 1 );
INSERT INTO listings ( `ListingID`, `Title`, `Description`, `PriceperNight`, `HostID`, `PropertyID` ) VALUES ( 62, 'Dr.', 'Anne bought new car. Tony is shopping. ', 1235.62, NULL, 174 );
INSERT INTO listings ( `ListingID`, `Title`, `Description`, `PriceperNight`, `HostID`, `PropertyID` ) VALUES ( 63, NULL, 'Anne is walking. Tony is walking. Tony bought new car. Tony bought new car. John has free time. ', 930.45, 125, NULL );
INSERT INTO listings ( `ListingID`, `Title`, `Description`, `PriceperNight`, `HostID`, `PropertyID` ) VALUES ( 64, 'Miss', 'Anne is shopping. Anne is shopping. Tony bought new car. John bought new car. Tony has free time. ', 1319.05, 65, 207 );
INSERT INTO listings ( `ListingID`, `Title`, `Description`, `PriceperNight`, `HostID`, `PropertyID` ) VALUES ( 65, 'Dr', 'Anne is walking. John bought new car. Tony bought new car. John has free time. Tony is walking. ', 867.19, NULL, 25 );
INSERT INTO listings ( `ListingID`, `Title`, `Description`, `PriceperNight`, `HostID`, `PropertyID` ) VALUES ( 66, 'Dr.', 'Tony is walking. Anne bought new car. John bought new car. Tony bought new car. John has free time. ', 1667.07, 71, 73 );
INSERT INTO listings ( `ListingID`, `Title`, `Description`, `PriceperNight`, `HostID`, `PropertyID` ) VALUES ( 67, 'Dr', 'Anne bought new car. Tony has free time. John has free time. John has free time. John has free time. ', 1437.88, 102, 101 );
INSERT INTO listings ( `ListingID`, `Title`, `Description`, `PriceperNight`, `HostID`, `PropertyID` ) VALUES ( 68, 'Miss', NULL, 734.13, 118, 115 );
INSERT INTO listings ( `ListingID`, `Title`, `Description`, `PriceperNight`, `HostID`, `PropertyID` ) VALUES ( 69, 'Dr', 'Tony bought new car. John is shopping. John bought new car. John bought new car. Anne has free time. ', 810.32, 45, NULL );
INSERT INTO listings ( `ListingID`, `Title`, `Description`, `PriceperNight`, `HostID`, `PropertyID` ) VALUES ( 70, 'Miss.', 'Anne is shopping. John is shopping. Tony has free time. Tony is shopping. Tony is shopping. ', 1450.31, 55, 75 );
INSERT INTO listings ( `ListingID`, `Title`, `Description`, `PriceperNight`, `HostID`, `PropertyID` ) VALUES ( 71, NULL, 'Anne bought new car. Tony bought new car. ', 115.04, 61, 173 );
INSERT INTO listings ( `ListingID`, `Title`, `Description`, `PriceperNight`, `HostID`, `PropertyID` ) VALUES ( 72, 'Dr', 'John bought new car. Tony is walking. Anne bought new car. Anne bought new car. Tony has free time. ', 1505.71, 47, 218 );
INSERT INTO listings ( `ListingID`, `Title`, `Description`, `PriceperNight`, `HostID`, `PropertyID` ) VALUES ( 73, 'Mr', 'Anne bought new car. Tony is walking. John bought new car. ', 1593.83, 61, 15 );
INSERT INTO listings ( `ListingID`, `Title`, `Description`, `PriceperNight`, `HostID`, `PropertyID` ) VALUES ( 74, 'Dr', 'Tony bought new car. Anne bought new car. John bought new car. ', 706.91, 118, 18 );
INSERT INTO listings ( `ListingID`, `Title`, `Description`, `PriceperNight`, `HostID`, `PropertyID` ) VALUES ( 75, 'Mrs', 'Anne bought new car. Anne is shopping. Tony bought new car. John has free time. Anne has free time. ', 405.24, NULL, 187 );
INSERT INTO listings ( `ListingID`, `Title`, `Description`, `PriceperNight`, `HostID`, `PropertyID` ) VALUES ( 76, NULL, 'Tony bought new car. Anne has free time. Tony is shopping. John has free time. John is walking. ', 283.47, 67, NULL );
INSERT INTO listings ( `ListingID`, `Title`, `Description`, `PriceperNight`, `HostID`, `PropertyID` ) VALUES ( 77, 'Mr', 'Anne has free time. Anne bought new car. Anne bought new car. John has free time. John is walking. ', 716.16, 2, 109 );
INSERT INTO listings ( `ListingID`, `Title`, `Description`, `PriceperNight`, `HostID`, `PropertyID` ) VALUES ( 78, 'Ms', 'Tony bought new car. Tony has free time. John bought new car. Tony has free time. John has free time. ', 1402.65, 37, 94 );
INSERT INTO listings ( `ListingID`, `Title`, `Description`, `PriceperNight`, `HostID`, `PropertyID` ) VALUES ( 79, 'Dr.', 'Tony bought new car. Anne is shopping. Anne bought new car. Anne has free time. John has free time. ', 563.23, 6, 104 );
INSERT INTO listings ( `ListingID`, `Title`, `Description`, `PriceperNight`, `HostID`, `PropertyID` ) VALUES ( 80, 'Dr.', 'John bought new car. Tony has free time. Tony bought new car. John is walking. John is shopping. ', 554.61, 22, NULL );
INSERT INTO listings ( `ListingID`, `Title`, `Description`, `PriceperNight`, `HostID`, `PropertyID` ) VALUES ( 81, 'Dr.', 'Anne has free time. Anne bought new car. John bought new car. Tony has free time. Tony bought new car. ', NULL, 117, 13 );
INSERT INTO listings ( `ListingID`, `Title`, `Description`, `PriceperNight`, `HostID`, `PropertyID` ) VALUES ( 82, 'Dr.', 'Tony bought new car. Anne is walking. Tony bought new car. Tony has free time. Anne has free time. ', 214.12, 16, 25 );
INSERT INTO listings ( `ListingID`, `Title`, `Description`, `PriceperNight`, `HostID`, `PropertyID` ) VALUES ( 83, 'Ms', 'Anne is shopping. Anne bought new car. Tony bought new car. Anne has free time. John has free time. ', 951.63, 146, 182 );
INSERT INTO listings ( `ListingID`, `Title`, `Description`, `PriceperNight`, `HostID`, `PropertyID` ) VALUES ( 84, 'Dr.', 'John has free time. John is walking. Tony is shopping. John has free time. Tony is shopping. ', 1609.59, 101, 37 );
INSERT INTO listings ( `ListingID`, `Title`, `Description`, `PriceperNight`, `HostID`, `PropertyID` ) VALUES ( 85, 'Dr', 'John has free time. Tony bought new car. Anne bought new car. ', NULL, NULL, 181 );
INSERT INTO listings ( `ListingID`, `Title`, `Description`, `PriceperNight`, `HostID`, `PropertyID` ) VALUES ( 86, 'Mr', 'Tony has free time. Tony bought new car. John bought new car. John has free time. Tony bought new car. ', 204.29, 94, 171 );
INSERT INTO listings ( `ListingID`, `Title`, `Description`, `PriceperNight`, `HostID`, `PropertyID` ) VALUES ( 87, 'Dr.', 'Anne bought new car. Anne is walking. Tony bought new car. Tony has free time. Tony has free time. ', 1456.67, 115, 187 );
INSERT INTO listings ( `ListingID`, `Title`, `Description`, `PriceperNight`, `HostID`, `PropertyID` ) VALUES ( 88, 'Ms.', 'Tony has free time. Anne is walking. ', 912.32, 139, 81 );
INSERT INTO listings ( `ListingID`, `Title`, `Description`, `PriceperNight`, `HostID`, `PropertyID` ) VALUES ( 89, 'Mrs.', 'Anne is shopping. Anne bought new car. Tony has free time. Tony has free time. ', 1924.21, 107, 26 );
INSERT INTO listings ( `ListingID`, `Title`, `Description`, `PriceperNight`, `HostID`, `PropertyID` ) VALUES ( 90, 'Dr', 'Anne bought new car. Anne is shopping. John is walking. Tony bought new car. John is walking. ', 466.27, 50, 60 );
INSERT INTO listings ( `ListingID`, `Title`, `Description`, `PriceperNight`, `HostID`, `PropertyID` ) VALUES ( 91, 'Dr.', 'John bought new car. Anne bought new car. Tony is shopping. John has free time. Tony is shopping. ', 1957.79, 36, 32 );
INSERT INTO listings ( `ListingID`, `Title`, `Description`, `PriceperNight`, `HostID`, `PropertyID` ) VALUES ( 92, 'Mr', 'John bought new car. Anne bought new car. John is shopping. John has free time. Anne has free time. ', 1804.75, 132, 207 );
INSERT INTO listings ( `ListingID`, `Title`, `Description`, `PriceperNight`, `HostID`, `PropertyID` ) VALUES ( 93, 'Dr.', 'Anne bought new car. Tony bought new car. Tony bought new car. John is shopping. John bought new car. ', 1309.95, 15, 120 );
INSERT INTO listings ( `ListingID`, `Title`, `Description`, `PriceperNight`, `HostID`, `PropertyID` ) VALUES ( 94, 'Miss.', 'Tony is shopping. Anne is walking. John has free time. John is walking. Anne is shopping. ', 131.48, 120, 95 );
INSERT INTO listings ( `ListingID`, `Title`, `Description`, `PriceperNight`, `HostID`, `PropertyID` ) VALUES ( 95, 'Dr.', 'Tony is shopping. Anne is shopping. John has free time. John has free time. Tony has free time. ', 1625.58, 78, 100 );
INSERT INTO listings ( `ListingID`, `Title`, `Description`, `PriceperNight`, `HostID`, `PropertyID` ) VALUES ( 96, 'Miss.', 'Anne bought new car. John bought new car. ', 19.44, NULL, 114 );
INSERT INTO listings ( `ListingID`, `Title`, `Description`, `PriceperNight`, `HostID`, `PropertyID` ) VALUES ( 97, 'Dr', 'Anne is shopping. John is walking. Anne is walking. John is walking. Tony has free time. ', 414.36, 100, 132 );
INSERT INTO listings ( `ListingID`, `Title`, `Description`, `PriceperNight`, `HostID`, `PropertyID` ) VALUES ( 98, 'Ms', 'John has free time. John bought new car. ', 70.45, 50, 218 );
INSERT INTO listings ( `ListingID`, `Title`, `Description`, `PriceperNight`, `HostID`, `PropertyID` ) VALUES ( 99, NULL, 'Tony bought new car. John is walking. Anne has free time. Tony bought new car. Tony is shopping. ', 254.21, 25, 194 );
INSERT INTO listings ( `ListingID`, `Title`, `Description`, `PriceperNight`, `HostID`, `PropertyID` ) VALUES ( 100, 'Miss.', 'Tony is walking. Tony is shopping. John bought new car. Tony is shopping. Anne has free time. ', 911.1, 131, 204 );
INSERT INTO listings ( `ListingID`, `Title`, `Description`, `PriceperNight`, `HostID`, `PropertyID` ) VALUES ( 101, 'Miss.', 'John is walking. Anne bought new car. Tony is shopping. John is shopping. Tony has free time. ', 1430.75, 115, NULL );
INSERT INTO listings ( `ListingID`, `Title`, `Description`, `PriceperNight`, `HostID`, `PropertyID` ) VALUES ( 102, 'Mr', 'Anne is shopping. John is shopping. John has free time. John bought new car. John has free time. ', 130.46, 110, 31 );
INSERT INTO listings ( `ListingID`, `Title`, `Description`, `PriceperNight`, `HostID`, `PropertyID` ) VALUES ( 103, 'Mr', 'Anne is shopping. John is walking. ', 909.51, 93, 179 );
INSERT INTO listings ( `ListingID`, `Title`, `Description`, `PriceperNight`, `HostID`, `PropertyID` ) VALUES ( 104, 'Miss', NULL, 1468.21, 103, 74 );
INSERT INTO listings ( `ListingID`, `Title`, `Description`, `PriceperNight`, `HostID`, `PropertyID` ) VALUES ( 105, 'Dr', 'Tony has free time. John is walking. ', 287.4, 45, 135 );
INSERT INTO listings ( `ListingID`, `Title`, `Description`, `PriceperNight`, `HostID`, `PropertyID` ) VALUES ( 106, 'Dr', 'John bought new car. John is shopping. Tony bought new car. ', 1971.81, 64, 157 );
INSERT INTO listings ( `ListingID`, `Title`, `Description`, `PriceperNight`, `HostID`, `PropertyID` ) VALUES ( 107, 'Miss', 'Tony is walking. Tony is walking. Anne is shopping. ', 693.45, 57, 125 );
INSERT INTO listings ( `ListingID`, `Title`, `Description`, `PriceperNight`, `HostID`, `PropertyID` ) VALUES ( 108, 'Dr.', 'Anne is walking. Anne bought new car. Tony is shopping. Tony bought new car. Tony bought new car. ', 159.33, 43, 204 );
INSERT INTO listings ( `ListingID`, `Title`, `Description`, `PriceperNight`, `HostID`, `PropertyID` ) VALUES ( 109, 'Dr.', 'Anne bought new car. John is walking. ', 1487.55, 139, 164 );
INSERT INTO listings ( `ListingID`, `Title`, `Description`, `PriceperNight`, `HostID`, `PropertyID` ) VALUES ( 110, 'Miss.', 'Tony is walking. Anne has free time. ', 1226.35, 102, 222 );
INSERT INTO listings ( `ListingID`, `Title`, `Description`, `PriceperNight`, `HostID`, `PropertyID` ) VALUES ( 111, 'Dr.', 'Tony bought new car. John is walking. Tony is shopping. Anne has free time. ', 1512.07, 40, 36 );
INSERT INTO listings ( `ListingID`, `Title`, `Description`, `PriceperNight`, `HostID`, `PropertyID` ) VALUES ( 112, 'Dr', 'Anne has free time. Tony is shopping. Tony is shopping. Tony bought new car. Tony has free time. ', NULL, 78, 29 );
INSERT INTO listings ( `ListingID`, `Title`, `Description`, `PriceperNight`, `HostID`, `PropertyID` ) VALUES ( 113, 'Dr.', 'Anne bought new car. Anne is shopping. Anne bought new car. ', 1712.46, 115, 45 );
INSERT INTO listings ( `ListingID`, `Title`, `Description`, `PriceperNight`, `HostID`, `PropertyID` ) VALUES ( 114, 'Dr', 'Tony bought new car. Anne is shopping. John bought new car. John is shopping. ', 959.38, 87, 94 );
INSERT INTO listings ( `ListingID`, `Title`, `Description`, `PriceperNight`, `HostID`, `PropertyID` ) VALUES ( 115, 'Dr.', 'Anne bought new car. Anne has free time. John is shopping. John has free time. Tony is walking. ', 1543.75, 136, 186 );
INSERT INTO listings ( `ListingID`, `Title`, `Description`, `PriceperNight`, `HostID`, `PropertyID` ) VALUES ( 116, NULL, 'Anne bought new car. Tony has free time. John bought new car. Tony is shopping. Tony is walking. ', 1806.85, 112, 115 );
INSERT INTO listings ( `ListingID`, `Title`, `Description`, `PriceperNight`, `HostID`, `PropertyID` ) VALUES ( 117, 'Ms.', 'Anne bought new car. Anne is walking. Tony has free time. John has free time. Anne has free time. ', 1183.67, 74, 223 );
INSERT INTO listings ( `ListingID`, `Title`, `Description`, `PriceperNight`, `HostID`, `PropertyID` ) VALUES ( 118, 'Miss', NULL, 1781.27, 140, 130 );
INSERT INTO listings ( `ListingID`, `Title`, `Description`, `PriceperNight`, `HostID`, `PropertyID` ) VALUES ( 119, 'Miss', 'Tony is walking. Tony has free time. ', NULL, 24, 221 );
INSERT INTO listings ( `ListingID`, `Title`, `Description`, `PriceperNight`, `HostID`, `PropertyID` ) VALUES ( 120, NULL, 'Anne is shopping. Anne has free time. John is walking. Tony has free time. John bought new car. ', 30.22, NULL, 36 );
INSERT INTO listings ( `ListingID`, `Title`, `Description`, `PriceperNight`, `HostID`, `PropertyID` ) VALUES ( 121, 'Dr.', 'Tony bought new car. Tony is shopping. John is shopping. Tony has free time. John is walking. ', NULL, 29, NULL );
INSERT INTO listings ( `ListingID`, `Title`, `Description`, `PriceperNight`, `HostID`, `PropertyID` ) VALUES ( 122, NULL, 'Anne bought new car. Tony is walking. Anne bought new car. John has free time. John is walking. ', 1462.42, NULL, 134 );
INSERT INTO listings ( `ListingID`, `Title`, `Description`, `PriceperNight`, `HostID`, `PropertyID` ) VALUES ( 123, 'Dr', 'John is shopping. Anne bought new car. Tony has free time. Tony has free time. ', 676.36, 149, NULL );
INSERT INTO listings ( `ListingID`, `Title`, `Description`, `PriceperNight`, `HostID`, `PropertyID` ) VALUES ( 124, 'Miss.', 'Anne bought new car. John is shopping. Anne bought new car. Tony is shopping. ', 1735.03, 104, 202 );
INSERT INTO listings ( `ListingID`, `Title`, `Description`, `PriceperNight`, `HostID`, `PropertyID` ) VALUES ( 125, NULL, 'Anne bought new car. Anne has free time. Tony is walking. Tony has free time. ', 1067.77, 116, 14 );
INSERT INTO listings ( `ListingID`, `Title`, `Description`, `PriceperNight`, `HostID`, `PropertyID` ) VALUES ( 126, 'Ms', 'Anne bought new car. Anne has free time. Anne bought new car. John bought new car. Anne is shopping. ', 1891.39, 84, 140 );
INSERT INTO listings ( `ListingID`, `Title`, `Description`, `PriceperNight`, `HostID`, `PropertyID` ) VALUES ( 127, 'Dr.', 'John has free time. Anne is shopping. Tony bought new car. Anne has free time. Anne has free time. ', 688.72, NULL, 133 );
INSERT INTO listings ( `ListingID`, `Title`, `Description`, `PriceperNight`, `HostID`, `PropertyID` ) VALUES ( 128, 'Mr', 'Anne has free time. Anne has free time. John bought new car. Tony is walking. John has free time. ', 891.89, 30, NULL );
INSERT INTO listings ( `ListingID`, `Title`, `Description`, `PriceperNight`, `HostID`, `PropertyID` ) VALUES ( 129, 'Miss', 'Anne is shopping. Anne has free time. Anne has free time. Tony bought new car. Tony has free time. ', 651.38, 7, 164 );
INSERT INTO listings ( `ListingID`, `Title`, `Description`, `PriceperNight`, `HostID`, `PropertyID` ) VALUES ( 130, NULL, 'Anne is shopping. Anne has free time. ', NULL, 129, 137 );
INSERT INTO listings ( `ListingID`, `Title`, `Description`, `PriceperNight`, `HostID`, `PropertyID` ) VALUES ( 131, 'Dr', 'Anne is walking. Anne is shopping. Anne bought new car. Tony has free time. ', NULL, NULL, 178 );
INSERT INTO listings ( `ListingID`, `Title`, `Description`, `PriceperNight`, `HostID`, `PropertyID` ) VALUES ( 132, 'Dr', 'Anne bought new car. Anne has free time. ', 373.02, 9, 14 );
INSERT INTO listings ( `ListingID`, `Title`, `Description`, `PriceperNight`, `HostID`, `PropertyID` ) VALUES ( 133, 'Dr', 'Tony bought new car. Tony bought new car. ', 113.01, 22, 84 );
INSERT INTO listings ( `ListingID`, `Title`, `Description`, `PriceperNight`, `HostID`, `PropertyID` ) VALUES ( 134, 'Dr', 'Tony is walking. Anne bought new car. Anne has free time. John has free time. John has free time. ', NULL, 111, 76 );
INSERT INTO listings ( `ListingID`, `Title`, `Description`, `PriceperNight`, `HostID`, `PropertyID` ) VALUES ( 135, 'Miss', 'John bought new car. John has free time. Tony bought new car. Anne has free time. Anne has free time. ', 311.1, 42, 177 );
INSERT INTO listings ( `ListingID`, `Title`, `Description`, `PriceperNight`, `HostID`, `PropertyID` ) VALUES ( 136, 'Dr.', 'Tony bought new car. Tony is shopping. Tony bought new car. Anne has free time. John has free time. ', 174.73, NULL, 95 );
INSERT INTO listings ( `ListingID`, `Title`, `Description`, `PriceperNight`, `HostID`, `PropertyID` ) VALUES ( 137, NULL, 'John is shopping. Anne is walking. Anne has free time. Anne has free time. John bought new car. ', NULL, 144, 209 );
INSERT INTO listings ( `ListingID`, `Title`, `Description`, `PriceperNight`, `HostID`, `PropertyID` ) VALUES ( 138, 'Mrs', NULL, 250.63, 90, 115 );
INSERT INTO listings ( `ListingID`, `Title`, `Description`, `PriceperNight`, `HostID`, `PropertyID` ) VALUES ( 139, 'Ms', 'Tony has free time. Anne is shopping. Tony bought new car. Tony has free time. John is shopping. ', 395.86, 56, 68 );
INSERT INTO listings ( `ListingID`, `Title`, `Description`, `PriceperNight`, `HostID`, `PropertyID` ) VALUES ( 140, 'Mr', 'Tony is shopping. Anne has free time. Tony has free time. Tony bought new car. ', 403.93, 122, 35 );
INSERT INTO listings ( `ListingID`, `Title`, `Description`, `PriceperNight`, `HostID`, `PropertyID` ) VALUES ( 141, 'Dr', 'Tony bought new car. John is walking. Tony is shopping. ', 531.76, 140, 164 );
INSERT INTO listings ( `ListingID`, `Title`, `Description`, `PriceperNight`, `HostID`, `PropertyID` ) VALUES ( 142, 'Miss.', 'John is shopping. Anne is walking. John bought new car. ', 13.36, 68, 131 );
INSERT INTO listings ( `ListingID`, `Title`, `Description`, `PriceperNight`, `HostID`, `PropertyID` ) VALUES ( 143, 'Dr', 'Anne bought new car. Anne is walking. Tony is shopping. John has free time. John has free time. ', 1109.01, 140, 71 );
INSERT INTO listings ( `ListingID`, `Title`, `Description`, `PriceperNight`, `HostID`, `PropertyID` ) VALUES ( 144, 'Miss.', 'Anne has free time. Anne is shopping. ', 932.85, 77, 28 );
INSERT INTO listings ( `ListingID`, `Title`, `Description`, `PriceperNight`, `HostID`, `PropertyID` ) VALUES ( 145, 'Dr.', 'John is walking. Anne is walking. Tony bought new car. Anne bought new car. Tony is shopping. ', 1078.17, 94, 200 );
INSERT INTO listings ( `ListingID`, `Title`, `Description`, `PriceperNight`, `HostID`, `PropertyID` ) VALUES ( 146, 'Miss.', 'Anne bought new car. Tony has free time. Tony bought new car. Tony has free time. Anne bought new car. ', NULL, 103, 163 );
INSERT INTO listings ( `ListingID`, `Title`, `Description`, `PriceperNight`, `HostID`, `PropertyID` ) VALUES ( 147, 'Ms.', 'John is walking. Anne has free time. John has free time. John has free time. Tony bought new car. ', 1952.79, 20, 221 );
INSERT INTO listings ( `ListingID`, `Title`, `Description`, `PriceperNight`, `HostID`, `PropertyID` ) VALUES ( 148, 'Dr.', 'John has free time. Tony is walking. ', 713.4, 76, 90 );
INSERT INTO listings ( `ListingID`, `Title`, `Description`, `PriceperNight`, `HostID`, `PropertyID` ) VALUES ( 149, 'Mrs', 'Anne has free time. John has free time. John is walking. ', 1774.67, NULL, 187 );
INSERT INTO listings ( `ListingID`, `Title`, `Description`, `PriceperNight`, `HostID`, `PropertyID` ) VALUES ( 150, 'Dr.', 'Anne is walking. Anne is walking. Tony is walking. ', 1772.51, 15, 113 );
INSERT INTO listings ( `ListingID`, `Title`, `Description`, `PriceperNight`, `HostID`, `PropertyID` ) VALUES ( 151, 'Miss', NULL, 412.03, 6, 21 );
INSERT INTO listings ( `ListingID`, `Title`, `Description`, `PriceperNight`, `HostID`, `PropertyID` ) VALUES ( 152, 'Ms.', 'Tony has free time. Anne bought new car. Tony is shopping. John bought new car. Tony bought new car. ', 225.11, 13, 30 );
INSERT INTO listings ( `ListingID`, `Title`, `Description`, `PriceperNight`, `HostID`, `PropertyID` ) VALUES ( 153, 'Dr.', 'John bought new car. Tony has free time. Tony bought new car. ', 627.32, 111, 3 );
INSERT INTO listings ( `ListingID`, `Title`, `Description`, `PriceperNight`, `HostID`, `PropertyID` ) VALUES ( 154, 'Mr', NULL, 1122.67, 104, 7 );
INSERT INTO listings ( `ListingID`, `Title`, `Description`, `PriceperNight`, `HostID`, `PropertyID` ) VALUES ( 155, 'Ms', 'Tony bought new car. Tony bought new car. John has free time. Tony has free time. ', 1091.36, 16, 87 );
INSERT INTO listings ( `ListingID`, `Title`, `Description`, `PriceperNight`, `HostID`, `PropertyID` ) VALUES ( 156, 'Ms', 'Anne bought new car. John bought new car. John has free time. Anne has free time. Tony has free time. ', 221.66, 21, 114 );
INSERT INTO listings ( `ListingID`, `Title`, `Description`, `PriceperNight`, `HostID`, `PropertyID` ) VALUES ( 157, 'Mr', 'Tony has free time. Anne is walking. John bought new car. ', 1933.61, 2, 28 );
INSERT INTO listings ( `ListingID`, `Title`, `Description`, `PriceperNight`, `HostID`, `PropertyID` ) VALUES ( 158, 'Miss', 'Anne bought new car. Tony is shopping. Anne has free time. Tony has free time. John is walking. ', 121.45, 131, 98 );
INSERT INTO listings ( `ListingID`, `Title`, `Description`, `PriceperNight`, `HostID`, `PropertyID` ) VALUES ( 159, 'Dr.', 'Tony bought new car. Anne is shopping. Anne is walking. Tony is walking. Anne bought new car. ', 1142.56, 144, 176 );
INSERT INTO listings ( `ListingID`, `Title`, `Description`, `PriceperNight`, `HostID`, `PropertyID` ) VALUES ( 160, 'Mr', 'Anne is walking. Tony bought new car. John is shopping. ', 1245.82, 36, 60 );
INSERT INTO listings ( `ListingID`, `Title`, `Description`, `PriceperNight`, `HostID`, `PropertyID` ) VALUES ( 161, 'Ms.', 'Tony bought new car. Anne bought new car. Tony bought new car. John has free time. Tony has free time. ', 1907.72, 52, 118 );
INSERT INTO listings ( `ListingID`, `Title`, `Description`, `PriceperNight`, `HostID`, `PropertyID` ) VALUES ( 162, 'Miss.', NULL, 1497.71, 42, 196 );
INSERT INTO listings ( `ListingID`, `Title`, `Description`, `PriceperNight`, `HostID`, `PropertyID` ) VALUES ( 163, 'Dr.', 'Anne bought new car. John bought new car. John has free time. ', 1720.38, 82, 182 );
INSERT INTO listings ( `ListingID`, `Title`, `Description`, `PriceperNight`, `HostID`, `PropertyID` ) VALUES ( 164, NULL, 'Anne bought new car. John is shopping. John bought new car. Tony has free time. ', 305.93, 115, 81 );
INSERT INTO listings ( `ListingID`, `Title`, `Description`, `PriceperNight`, `HostID`, `PropertyID` ) VALUES ( 165, 'Mr', 'John bought new car. Anne bought new car. John bought new car. John has free time. ', NULL, 147, 174 );
INSERT INTO listings ( `ListingID`, `Title`, `Description`, `PriceperNight`, `HostID`, `PropertyID` ) VALUES ( 166, 'Mrs', 'Anne has free time. Anne is walking. John bought new car. Tony has free time. Anne is walking. ', NULL, 1, 216 );
INSERT INTO listings ( `ListingID`, `Title`, `Description`, `PriceperNight`, `HostID`, `PropertyID` ) VALUES ( 167, 'Dr', 'Anne is walking. Anne is shopping. Tony bought new car. John bought new car. Tony has free time. ', 1636.27, 148, 53 );
INSERT INTO listings ( `ListingID`, `Title`, `Description`, `PriceperNight`, `HostID`, `PropertyID` ) VALUES ( 168, 'Miss.', 'Tony is shopping. Anne is walking. Anne is walking. John is shopping. John bought new car. ', 1145.32, 15, NULL );
INSERT INTO listings ( `ListingID`, `Title`, `Description`, `PriceperNight`, `HostID`, `PropertyID` ) VALUES ( 169, 'Dr.', 'John has free time. Anne has free time. John has free time. ', 434.75, NULL, 193 );
INSERT INTO listings ( `ListingID`, `Title`, `Description`, `PriceperNight`, `HostID`, `PropertyID` ) VALUES ( 170, 'Dr.', 'Anne has free time. John is shopping. John is walking. Tony has free time. John bought new car. ', 809.7, 6, 134 );
INSERT INTO listings ( `ListingID`, `Title`, `Description`, `PriceperNight`, `HostID`, `PropertyID` ) VALUES ( 171, 'Miss.', 'Tony is walking. Anne has free time. John is walking. ', 1042.01, 2, 83 );
INSERT INTO listings ( `ListingID`, `Title`, `Description`, `PriceperNight`, `HostID`, `PropertyID` ) VALUES ( 172, 'Dr', 'Anne bought new car. Anne has free time. ', 1448.29, 116, 188 );
INSERT INTO listings ( `ListingID`, `Title`, `Description`, `PriceperNight`, `HostID`, `PropertyID` ) VALUES ( 173, 'Dr', 'John bought new car. Tony is shopping. Tony bought new car. ', NULL, 106, 151 );
INSERT INTO listings ( `ListingID`, `Title`, `Description`, `PriceperNight`, `HostID`, `PropertyID` ) VALUES ( 174, 'Dr.', 'Anne is walking. Anne is shopping. Tony is walking. John has free time. John bought new car. ', 1169.73, 121, 88 );
INSERT INTO listings ( `ListingID`, `Title`, `Description`, `PriceperNight`, `HostID`, `PropertyID` ) VALUES ( 175, 'Dr', 'Tony has free time. Tony has free time. ', NULL, 54, NULL );
INSERT INTO listings ( `ListingID`, `Title`, `Description`, `PriceperNight`, `HostID`, `PropertyID` ) VALUES ( 176, 'Dr', 'Anne bought new car. Tony has free time. Anne bought new car. Tony has free time. ', 1851.4, 0, 36 );
INSERT INTO listings ( `ListingID`, `Title`, `Description`, `PriceperNight`, `HostID`, `PropertyID` ) VALUES ( 177, 'Dr.', 'Tony bought new car. John is shopping. ', 1352.91, 6, 101 );
INSERT INTO listings ( `ListingID`, `Title`, `Description`, `PriceperNight`, `HostID`, `PropertyID` ) VALUES ( 178, 'Dr', NULL, 199.83, 4, NULL );
INSERT INTO listings ( `ListingID`, `Title`, `Description`, `PriceperNight`, `HostID`, `PropertyID` ) VALUES ( 179, 'Mr', 'John bought new car. Anne is walking. ', 422.41, 53, 9 );
INSERT INTO listings ( `ListingID`, `Title`, `Description`, `PriceperNight`, `HostID`, `PropertyID` ) VALUES ( 180, 'Dr.', 'Anne bought new car. Anne is walking. John is shopping. Tony bought new car. John has free time. ', 708.91, 105, 200 );
INSERT INTO listings ( `ListingID`, `Title`, `Description`, `PriceperNight`, `HostID`, `PropertyID` ) VALUES ( 181, 'Mrs', 'Tony is walking. Anne is shopping. ', 58.82, NULL, 86 );
INSERT INTO listings ( `ListingID`, `Title`, `Description`, `PriceperNight`, `HostID`, `PropertyID` ) VALUES ( 182, 'Mr', 'Anne has free time. Anne bought new car. Tony is walking. Tony bought new car. Tony is walking. ', 1164.65, 68, 65 );
INSERT INTO listings ( `ListingID`, `Title`, `Description`, `PriceperNight`, `HostID`, `PropertyID` ) VALUES ( 183, 'Miss', 'Anne bought new car. Anne bought new car. Tony is walking. Tony has free time. Anne is walking. ', 1414.57, NULL, 87 );
INSERT INTO listings ( `ListingID`, `Title`, `Description`, `PriceperNight`, `HostID`, `PropertyID` ) VALUES ( 184, NULL, 'John has free time. John bought new car. Anne bought new car. Tony has free time. Tony has free time. ', 81.09, 142, NULL );
INSERT INTO listings ( `ListingID`, `Title`, `Description`, `PriceperNight`, `HostID`, `PropertyID` ) VALUES ( 185, 'Ms.', 'John bought new car. John is walking. ', 1721.47, NULL, 180 );
INSERT INTO listings ( `ListingID`, `Title`, `Description`, `PriceperNight`, `HostID`, `PropertyID` ) VALUES ( 186, 'Dr', 'John bought new car. Tony is shopping. John has free time. Tony has free time. Anne has free time. ', 1046.9, 6, 186 );
INSERT INTO listings ( `ListingID`, `Title`, `Description`, `PriceperNight`, `HostID`, `PropertyID` ) VALUES ( 187, NULL, 'John has free time. Anne is walking. ', 1939.99, 146, 165 );
INSERT INTO listings ( `ListingID`, `Title`, `Description`, `PriceperNight`, `HostID`, `PropertyID` ) VALUES ( 188, 'Ms', 'John is shopping. Tony is walking. Tony has free time. ', NULL, 13, 69 );
INSERT INTO listings ( `ListingID`, `Title`, `Description`, `PriceperNight`, `HostID`, `PropertyID` ) VALUES ( 189, NULL, 'John bought new car. Anne is walking. Anne bought new car. John has free time. John has free time. ', 1348.57, 88, 9 );
INSERT INTO listings ( `ListingID`, `Title`, `Description`, `PriceperNight`, `HostID`, `PropertyID` ) VALUES ( 190, 'Miss', 'Tony has free time. Anne bought new car. ', 272.66, 126, NULL );
INSERT INTO listings ( `ListingID`, `Title`, `Description`, `PriceperNight`, `HostID`, `PropertyID` ) VALUES ( 191, 'Mrs.', 'Tony has free time. John bought new car. John has free time. Anne has free time. John is shopping. ', 736.12, 77, 70 );
INSERT INTO listings ( `ListingID`, `Title`, `Description`, `PriceperNight`, `HostID`, `PropertyID` ) VALUES ( 192, 'Dr', 'John is walking. Anne has free time. John bought new car. Tony has free time. Tony has free time. ', 1111.87, NULL, 133 );
INSERT INTO listings ( `ListingID`, `Title`, `Description`, `PriceperNight`, `HostID`, `PropertyID` ) VALUES ( 193, 'Dr', 'Tony bought new car. Anne is walking. Tony bought new car. John has free time. Anne bought new car. ', NULL, 98, 191 );
INSERT INTO listings ( `ListingID`, `Title`, `Description`, `PriceperNight`, `HostID`, `PropertyID` ) VALUES ( 194, 'Dr.', 'Tony has free time. Tony is walking. Tony bought new car. ', NULL, 145, 33 );
INSERT INTO listings ( `ListingID`, `Title`, `Description`, `PriceperNight`, `HostID`, `PropertyID` ) VALUES ( 195, 'Dr.', 'Anne bought new car. Tony bought new car. Anne bought new car. Tony has free time. ', 1891.11, 109, 73 );
INSERT INTO listings ( `ListingID`, `Title`, `Description`, `PriceperNight`, `HostID`, `PropertyID` ) VALUES ( 196, 'Dr.', 'Anne is walking. Anne bought new car. Tony bought new car. Anne has free time. Tony bought new car. ', 1297.53, 21, 66 );
INSERT INTO listings ( `ListingID`, `Title`, `Description`, `PriceperNight`, `HostID`, `PropertyID` ) VALUES ( 197, 'Dr', 'Tony bought new car. John bought new car. ', 682.03, 133, 89 );
INSERT INTO listings ( `ListingID`, `Title`, `Description`, `PriceperNight`, `HostID`, `PropertyID` ) VALUES ( 198, 'Miss', 'Tony is shopping. Tony is shopping. Anne bought new car. John is shopping. ', 1337.82, 137, 12 );
INSERT INTO listings ( `ListingID`, `Title`, `Description`, `PriceperNight`, `HostID`, `PropertyID` ) VALUES ( 199, 'Ms.', NULL, 1712.65, 9, 18 );
INSERT INTO listings ( `ListingID`, `Title`, `Description`, `PriceperNight`, `HostID`, `PropertyID` ) VALUES ( 200, 'Dr.', 'Anne has free time. Anne is walking. John bought new car. Anne has free time. Anne has free time. ', 605.56, 15, 15 );
INSERT INTO listings ( `ListingID`, `Title`, `Description`, `PriceperNight`, `HostID`, `PropertyID` ) VALUES ( 201, 'Miss.', 'Tony is walking. Tony bought new car. Tony has free time. Tony has free time. John is walking. ', 537.25, 141, 203 );
INSERT INTO listings ( `ListingID`, `Title`, `Description`, `PriceperNight`, `HostID`, `PropertyID` ) VALUES ( 202, 'Dr.', 'John bought new car. Anne has free time. Tony has free time. John has free time. Anne bought new car. ', NULL, 9, 90 );
INSERT INTO listings ( `ListingID`, `Title`, `Description`, `PriceperNight`, `HostID`, `PropertyID` ) VALUES ( 203, 'Miss.', 'Anne has free time. Anne bought new car. Tony bought new car. John is shopping. John has free time. ', 502.73, 56, 210 );
INSERT INTO listings ( `ListingID`, `Title`, `Description`, `PriceperNight`, `HostID`, `PropertyID` ) VALUES ( 204, NULL, 'Tony has free time. Tony is walking. Tony is shopping. John is walking. John has free time. ', 138.21, 111, 2 );
INSERT INTO listings ( `ListingID`, `Title`, `Description`, `PriceperNight`, `HostID`, `PropertyID` ) VALUES ( 205, 'Dr.', 'John bought new car. Anne is shopping. ', 1561.71, 86, 188 );
INSERT INTO listings ( `ListingID`, `Title`, `Description`, `PriceperNight`, `HostID`, `PropertyID` ) VALUES ( 206, 'Ms.', 'Anne bought new car. Anne has free time. ', 653.59, 97, 137 );
INSERT INTO listings ( `ListingID`, `Title`, `Description`, `PriceperNight`, `HostID`, `PropertyID` ) VALUES ( 207, 'Dr', 'Anne bought new car. Anne is shopping. John bought new car. Tony is walking. John has free time. ', 237.59, 76, 84 );
INSERT INTO listings ( `ListingID`, `Title`, `Description`, `PriceperNight`, `HostID`, `PropertyID` ) VALUES ( 208, 'Dr', NULL, 456.16, 73, 168 );
INSERT INTO listings ( `ListingID`, `Title`, `Description`, `PriceperNight`, `HostID`, `PropertyID` ) VALUES ( 209, 'Dr', 'Anne has free time. Tony has free time. Tony bought new car. John has free time. ', 1812.68, 37, 197 );
INSERT INTO listings ( `ListingID`, `Title`, `Description`, `PriceperNight`, `HostID`, `PropertyID` ) VALUES ( 210, 'Dr.', 'Tony is shopping. Tony is walking. John bought new car. Tony has free time. Tony has free time. ', 1417.08, 145, 182 );
INSERT INTO listings ( `ListingID`, `Title`, `Description`, `PriceperNight`, `HostID`, `PropertyID` ) VALUES ( 211, 'Ms', 'Anne is walking. John is walking. John bought new car. Tony is shopping. ', 1015.07, 149, 176 );
INSERT INTO listings ( `ListingID`, `Title`, `Description`, `PriceperNight`, `HostID`, `PropertyID` ) VALUES ( 212, 'Dr', 'John bought new car. Anne is shopping. Anne bought new car. ', 1513.74, 76, 42 );
INSERT INTO listings ( `ListingID`, `Title`, `Description`, `PriceperNight`, `HostID`, `PropertyID` ) VALUES ( 213, 'Dr.', 'Tony bought new car. Anne is walking. Anne bought new car. ', 1241.48, 21, 127 );
INSERT INTO listings ( `ListingID`, `Title`, `Description`, `PriceperNight`, `HostID`, `PropertyID` ) VALUES ( 214, 'Dr', 'Anne bought new car. Anne is walking. John bought new car. ', 1196.64, 89, 182 );
INSERT INTO listings ( `ListingID`, `Title`, `Description`, `PriceperNight`, `HostID`, `PropertyID` ) VALUES ( 215, 'Mr', 'Anne bought new car. Tony is walking. Tony bought new car. Anne has free time. John has free time. ', 606.0, 102, 100 );
INSERT INTO listings ( `ListingID`, `Title`, `Description`, `PriceperNight`, `HostID`, `PropertyID` ) VALUES ( 216, 'Ms.', 'Tony bought new car. Anne has free time. John bought new car. ', 705.09, 46, 122 );
INSERT INTO listings ( `ListingID`, `Title`, `Description`, `PriceperNight`, `HostID`, `PropertyID` ) VALUES ( 217, 'Dr', 'John bought new car. Tony is walking. Tony bought new car. Anne bought new car. John has free time. ', 1355.9, 31, NULL );
INSERT INTO listings ( `ListingID`, `Title`, `Description`, `PriceperNight`, `HostID`, `PropertyID` ) VALUES ( 218, 'Mr', 'John has free time. Tony is walking. Anne is shopping. ', 1935.21, 131, 67 );
INSERT INTO listings ( `ListingID`, `Title`, `Description`, `PriceperNight`, `HostID`, `PropertyID` ) VALUES ( 219, 'Dr.', 'Tony is walking. Anne has free time. Tony has free time. Anne has free time. John has free time. ', 1257.81, 109, 4 );
INSERT INTO listings ( `ListingID`, `Title`, `Description`, `PriceperNight`, `HostID`, `PropertyID` ) VALUES ( 220, 'Mrs', 'Anne bought new car. Anne is walking. John is walking. John has free time. Anne has free time. ', 323.74, 122, 184 );
INSERT INTO listings ( `ListingID`, `Title`, `Description`, `PriceperNight`, `HostID`, `PropertyID` ) VALUES ( 221, 'Dr', 'John bought new car. Anne is walking. John has free time. Tony is shopping. Tony is walking. ', NULL, 102, 147 );
INSERT INTO listings ( `ListingID`, `Title`, `Description`, `PriceperNight`, `HostID`, `PropertyID` ) VALUES ( 222, 'Miss.', 'Tony bought new car. John is shopping. Tony bought new car. John bought new car. Anne has free time. ', 1917.52, 109, 138 );
INSERT INTO listings ( `ListingID`, `Title`, `Description`, `PriceperNight`, `HostID`, `PropertyID` ) VALUES ( 223, 'Miss', 'John is shopping. Tony is walking. ', 114.17, 148, 105 );
INSERT INTO listings ( `ListingID`, `Title`, `Description`, `PriceperNight`, `HostID`, `PropertyID` ) VALUES ( 224, 'Ms.', 'Anne is shopping. Anne bought new car. Tony bought new car. Anne is walking. Tony bought new car. ', 36.43, 78, 185 );
    INSERT INTO photos ( `PhotoID`, `URL_Image`, `ListingID` ) VALUES ( 0, 'http://yxk.locale/druan/emo.php', 66 );
    INSERT INTO photos ( `PhotoID`, `URL_Image`, `ListingID` ) VALUES ( 1, NULL, 0 );
    INSERT INTO photos ( `PhotoID`, `URL_Image`, `ListingID` ) VALUES ( 2, NULL, 192 );
    INSERT INTO photos ( `PhotoID`, `URL_Image`, `ListingID` ) VALUES ( 3, 'http://ynkhd.local83/fqhjh/dom.aspx', 7 );
    INSERT INTO photos ( `PhotoID`, `URL_Image`, `ListingID` ) VALUES ( 4, 'http://uveq.net6/nzesv/pmcp.htm', 207 );
    INSERT INTO photos ( `PhotoID`, `URL_Image`, `ListingID` ) VALUES ( 5, 'http://tlj.web48/ctlzc/orx.html', 101 );
    INSERT INTO photos ( `PhotoID`, `URL_Image`, `ListingID` ) VALUES ( 6, 'http://oxs.net7/owggl/bwhu.aspx', 116 );
    INSERT INTO photos ( `PhotoID`, `URL_Image`, `ListingID` ) VALUES ( 7, 'http://blr.net9/gldgq/ogxst/elvpq/cxh.htm', NULL );
    INSERT INTO photos ( `PhotoID`, `URL_Image`, `ListingID` ) VALUES ( 8, 'http://bshdr.local30/rpjyr/lsb.htm', 167 );
    INSERT INTO photos ( `PhotoID`, `URL_Image`, `ListingID` ) VALUES ( 9, 'http://dbcb.local7/utjdt/ybt.html', 213 );
    INSERT INTO photos ( `PhotoID`, `URL_Image`, `ListingID` ) VALUES ( 10, 'http://xcojx.webu63/xbdzy/juh.htm', 6 );
    INSERT INTO photos ( `PhotoID`, `URL_Image`, `ListingID` ) VALUES ( 11, 'http://mqein.local23/uupnl/hia.aspx', 155 );
    INSERT INTO photos ( `PhotoID`, `URL_Image`, `ListingID` ) VALUES ( 12, 'http://cpon.net/xzsup/kmr.php', 191 );
    INSERT INTO photos ( `PhotoID`, `URL_Image`, `ListingID` ) VALUES ( 13, 'http://bnx.web6/juiqo/vpx.php', 12 );
    INSERT INTO photos ( `PhotoID`, `URL_Image`, `ListingID` ) VALUES ( 14, 'http://ipgm.net/oyhim/nsbht/pep.aspx', 91 );
    INSERT INTO photos ( `PhotoID`, `URL_Image`, `ListingID` ) VALUES ( 15, 'http://wqy.localw14/jqofx/kiji.aspx', 79 );
    INSERT INTO photos ( `PhotoID`, `URL_Image`, `ListingID` ) VALUES ( 16, 'http://lkax.net77/xpumb/ycwt.php', 223 );
    INSERT INTO photos ( `PhotoID`, `URL_Image`, `ListingID` ) VALUES ( 17, 'http://hpx.web/wjndk/dizlb/edblc/bshp.php', 126 );
    INSERT INTO photos ( `PhotoID`, `URL_Image`, `ListingID` ) VALUES ( 18, 'http://bhfs.netb33/qhvai/hwqu.htm', 107 );
    INSERT INTO photos ( `PhotoID`, `URL_Image`, `ListingID` ) VALUES ( 19, 'http://yndmz.net7/vbxkc/vwr.php', 11 );
    INSERT INTO photos ( `PhotoID`, `URL_Image`, `ListingID` ) VALUES ( 20, 'http://vfj.local/ekiby/mvr.html', 131 );
    INSERT INTO photos ( `PhotoID`, `URL_Image`, `ListingID` ) VALUES ( 21, 'http://kiugj.net/buqjv/zlzsi.html', 191 );
    INSERT INTO photos ( `PhotoID`, `URL_Image`, `ListingID` ) VALUES ( 22, 'http://ixu.net3/tvbxd/uar.php', 51 );
    INSERT INTO photos ( `PhotoID`, `URL_Image`, `ListingID` ) VALUES ( 23, 'http://rxa.net/rbwjc/lvegq.php', 34 );
    INSERT INTO photos ( `PhotoID`, `URL_Image`, `ListingID` ) VALUES ( 24, 'http://cdu.local/kshpb/wtl.html', 216 );
    INSERT INTO photos ( `PhotoID`, `URL_Image`, `ListingID` ) VALUES ( 25, NULL, 52 );
    INSERT INTO photos ( `PhotoID`, `URL_Image`, `ListingID` ) VALUES ( 26, 'http://kiz.locals/ibqqp/rdfx.htm', 138 );
    INSERT INTO photos ( `PhotoID`, `URL_Image`, `ListingID` ) VALUES ( 27, 'http://pyfw.web6/punsp/uab.html', NULL );
    INSERT INTO photos ( `PhotoID`, `URL_Image`, `ListingID` ) VALUES ( 28, 'http://dlw.net/tqlpo/vucx.php', 164 );
    INSERT INTO photos ( `PhotoID`, `URL_Image`, `ListingID` ) VALUES ( 29, 'http://axxgp.local/vignd/wsga.php', 163 );
    INSERT INTO photos ( `PhotoID`, `URL_Image`, `ListingID` ) VALUES ( 30, 'http://haf.net/ymund/ccc.html', 2 );
    INSERT INTO photos ( `PhotoID`, `URL_Image`, `ListingID` ) VALUES ( 31, 'http://fpgos.web/aujsy/xkfcw/yql.php', 121 );
    INSERT INTO photos ( `PhotoID`, `URL_Image`, `ListingID` ) VALUES ( 32, 'http://snc.webb/nhurh/avq.aspx', 2 );
    INSERT INTO photos ( `PhotoID`, `URL_Image`, `ListingID` ) VALUES ( 33, 'http://mry.net3/slnbu/yrpuz.php', 185 );
    INSERT INTO photos ( `PhotoID`, `URL_Image`, `ListingID` ) VALUES ( 34, 'http://ztb.webx/nqwit/mahsz/ekv.html', 23 );
    INSERT INTO photos ( `PhotoID`, `URL_Image`, `ListingID` ) VALUES ( 35, 'http://tqjsi.net22/psrfo/elrn.html', NULL );
    INSERT INTO photos ( `PhotoID`, `URL_Image`, `ListingID` ) VALUES ( 36, 'http://fkntr.webw8/gkhul/whj.html', 209 );
    INSERT INTO photos ( `PhotoID`, `URL_Image`, `ListingID` ) VALUES ( 37, 'http://edx.net/tongj/elmlv/xnx.aspx', 60 );
    INSERT INTO photos ( `PhotoID`, `URL_Image`, `ListingID` ) VALUES ( 38, 'http://jidi.net/rjisf/duuj.php', 124 );
    INSERT INTO photos ( `PhotoID`, `URL_Image`, `ListingID` ) VALUES ( 39, 'http://ebn.net59/wyxga/bhy.html', NULL );
    INSERT INTO photos ( `PhotoID`, `URL_Image`, `ListingID` ) VALUES ( 40, 'http://oyt.net27/epwgb/ftmm.aspx', 28 );
    INSERT INTO photos ( `PhotoID`, `URL_Image`, `ListingID` ) VALUES ( 41, 'http://egcdl.web4/eligg/jyvpn/wef.aspx', 221 );
    INSERT INTO photos ( `PhotoID`, `URL_Image`, `ListingID` ) VALUES ( 42, 'http://eso.net/slpri/hglt.htm', NULL );
    INSERT INTO photos ( `PhotoID`, `URL_Image`, `ListingID` ) VALUES ( 43, 'http://pov.web66/shtji/lgdcn.html', 29 );
    INSERT INTO photos ( `PhotoID`, `URL_Image`, `ListingID` ) VALUES ( 44, 'http://rvp.local/mrdkv/xqx.html', 13 );
    INSERT INTO photos ( `PhotoID`, `URL_Image`, `ListingID` ) VALUES ( 45, 'http://fee.net/rwmvo/bjyfw/impq.php', 103 );
    INSERT INTO photos ( `PhotoID`, `URL_Image`, `ListingID` ) VALUES ( 46, 'http://uxk.net8/spbgj/rqd.aspx', 105 );
    INSERT INTO photos ( `PhotoID`, `URL_Image`, `ListingID` ) VALUES ( 47, 'http://gln.web/vmrll/efut.php', 56 );
    INSERT INTO photos ( `PhotoID`, `URL_Image`, `ListingID` ) VALUES ( 48, 'http://lkhnj.netg/suuzh/yvz.aspx', 177 );
    INSERT INTO photos ( `PhotoID`, `URL_Image`, `ListingID` ) VALUES ( 49, 'http://uoc.web9/oyuel/yfl.htm', 173 );
    INSERT INTO photos ( `PhotoID`, `URL_Image`, `ListingID` ) VALUES ( 50, 'http://bedsx.local/fvfyz/cuv.aspx', 77 );
    INSERT INTO photos ( `PhotoID`, `URL_Image`, `ListingID` ) VALUES ( 51, 'http://zmqwu.nety/fjzte/uyb.php', 163 );
    INSERT INTO photos ( `PhotoID`, `URL_Image`, `ListingID` ) VALUES ( 52, 'http://swd.net58/ukpkm/devf.html', 198 );
    INSERT INTO photos ( `PhotoID`, `URL_Image`, `ListingID` ) VALUES ( 53, 'http://fon.net/pgdho/ite.html', 95 );
    INSERT INTO photos ( `PhotoID`, `URL_Image`, `ListingID` ) VALUES ( 54, 'http://bvb.local44/hbavg/fvsz.htm', 37 );
    INSERT INTO photos ( `PhotoID`, `URL_Image`, `ListingID` ) VALUES ( 55, 'http://zts.net/xdcdy/efn.html', 35 );
    INSERT INTO photos ( `PhotoID`, `URL_Image`, `ListingID` ) VALUES ( 56, 'http://xhn.local32/vminh/mii.htm', 39 );
    INSERT INTO photos ( `PhotoID`, `URL_Image`, `ListingID` ) VALUES ( 57, NULL, 126 );
    INSERT INTO photos ( `PhotoID`, `URL_Image`, `ListingID` ) VALUES ( 58, 'http://xdb.localm/kgewu/mni.php', 21 );
    INSERT INTO photos ( `PhotoID`, `URL_Image`, `ListingID` ) VALUES ( 59, 'http://btyd.net2/ozdir/jqw.html', 36 );
    INSERT INTO photos ( `PhotoID`, `URL_Image`, `ListingID` ) VALUES ( 60, 'http://ommud.local/yputb/wkvc.aspx', 142 );
    INSERT INTO photos ( `PhotoID`, `URL_Image`, `ListingID` ) VALUES ( 61, 'http://gtoe.web5/qfern/vduv.html', 118 );
    INSERT INTO photos ( `PhotoID`, `URL_Image`, `ListingID` ) VALUES ( 62, 'http://vxqfi.netq/wfqds/kocj.aspx', 6 );
    INSERT INTO photos ( `PhotoID`, `URL_Image`, `ListingID` ) VALUES ( 63, 'http://has.net06/gwonl/idr.htm', 125 );
    INSERT INTO photos ( `PhotoID`, `URL_Image`, `ListingID` ) VALUES ( 64, 'http://jpi.web/iyoxt/cyihh.php', 134 );
    INSERT INTO photos ( `PhotoID`, `URL_Image`, `ListingID` ) VALUES ( 65, 'http://xdd.neth7/esajv/nru.php', 109 );
    INSERT INTO photos ( `PhotoID`, `URL_Image`, `ListingID` ) VALUES ( 66, 'http://fyvcp.net/fwbsn/cdq.htm', 203 );
    INSERT INTO photos ( `PhotoID`, `URL_Image`, `ListingID` ) VALUES ( 67, 'http://lluqa.local70/seepy/skht.htm', 9 );
    INSERT INTO photos ( `PhotoID`, `URL_Image`, `ListingID` ) VALUES ( 68, 'http://stqe.net6/deofp/likqg/odq.html', 103 );
    INSERT INTO photos ( `PhotoID`, `URL_Image`, `ListingID` ) VALUES ( 69, 'http://cnn.net/eybbv/sgo.htm', 88 );
    INSERT INTO photos ( `PhotoID`, `URL_Image`, `ListingID` ) VALUES ( 70, 'http://xhy.netp8/xgdeg/xqhn.htm', 180 );
    INSERT INTO photos ( `PhotoID`, `URL_Image`, `ListingID` ) VALUES ( 71, 'http://vhpgs.local/irtmg/hfm.aspx', 74 );
    INSERT INTO photos ( `PhotoID`, `URL_Image`, `ListingID` ) VALUES ( 72, 'http://klvtm.local/zvfmq/sromw.html', 148 );
    INSERT INTO photos ( `PhotoID`, `URL_Image`, `ListingID` ) VALUES ( 73, 'http://svn.webj/bmtfm/tyzpm/smwpc/xqui.htm', 164 );
    INSERT INTO photos ( `PhotoID`, `URL_Image`, `ListingID` ) VALUES ( 74, 'http://vom.localw67/cukcw/sxl.htm', 158 );
    INSERT INTO photos ( `PhotoID`, `URL_Image`, `ListingID` ) VALUES ( 75, 'http://urge.local58/fwpbw/skwcd/jat.html', 119 );
    INSERT INTO photos ( `PhotoID`, `URL_Image`, `ListingID` ) VALUES ( 76, 'http://try.net6/fxpam/uxy.htm', 0 );
    INSERT INTO photos ( `PhotoID`, `URL_Image`, `ListingID` ) VALUES ( 77, 'http://tly.nety1/akmwd/lghn.php', 213 );
    INSERT INTO photos ( `PhotoID`, `URL_Image`, `ListingID` ) VALUES ( 78, 'http://nhfs.web5/kyxva/rfj.htm', 81 );
    INSERT INTO photos ( `PhotoID`, `URL_Image`, `ListingID` ) VALUES ( 79, 'http://fao.netp5/kvais/jwd.html', 141 );
    INSERT INTO photos ( `PhotoID`, `URL_Image`, `ListingID` ) VALUES ( 80, 'http://wxcd.web9/vcbpj/vjolp/tdc.aspx', 40 );
    INSERT INTO photos ( `PhotoID`, `URL_Image`, `ListingID` ) VALUES ( 81, 'http://ohbku.net45/musxn/wfnf.php', NULL );
    INSERT INTO photos ( `PhotoID`, `URL_Image`, `ListingID` ) VALUES ( 82, 'http://cul.web/wyuqh/kjij.php', 83 );
    INSERT INTO photos ( `PhotoID`, `URL_Image`, `ListingID` ) VALUES ( 83, 'http://udg.net23/csoxo/ghpj.html', 206 );
    INSERT INTO photos ( `PhotoID`, `URL_Image`, `ListingID` ) VALUES ( 84, 'http://ght.local/wukpt/ekunj.php', 97 );
    INSERT INTO photos ( `PhotoID`, `URL_Image`, `ListingID` ) VALUES ( 85, NULL, 167 );
    INSERT INTO photos ( `PhotoID`, `URL_Image`, `ListingID` ) VALUES ( 86, 'http://eqe.web/elexq/elbu.aspx', 219 );
    INSERT INTO photos ( `PhotoID`, `URL_Image`, `ListingID` ) VALUES ( 87, 'http://qii.net/mkabk/gvc.php', 189 );
    INSERT INTO photos ( `PhotoID`, `URL_Image`, `ListingID` ) VALUES ( 88, NULL, 207 );
    INSERT INTO photos ( `PhotoID`, `URL_Image`, `ListingID` ) VALUES ( 89, 'http://mge.netp81/ekvqf/mlo.htm', 89 );
    INSERT INTO photos ( `PhotoID`, `URL_Image`, `ListingID` ) VALUES ( 90, 'http://vvg.net11/uvdro/xqwo.htm', NULL );
    INSERT INTO photos ( `PhotoID`, `URL_Image`, `ListingID` ) VALUES ( 91, 'http://llmk.net/zkxub/gesv.html', 138 );
    INSERT INTO photos ( `PhotoID`, `URL_Image`, `ListingID` ) VALUES ( 92, 'http://lizk.net94/gljov/atp.aspx', 39 );
    INSERT INTO photos ( `PhotoID`, `URL_Image`, `ListingID` ) VALUES ( 93, 'http://eff.local46/ornaq/ymsga.htm', NULL );
    INSERT INTO photos ( `PhotoID`, `URL_Image`, `ListingID` ) VALUES ( 94, 'http://jtb.neth/tldui/vta.aspx', 206 );
    INSERT INTO photos ( `PhotoID`, `URL_Image`, `ListingID` ) VALUES ( 95, 'http://kwj.localp/ytrhl/ffx.aspx', 114 );
    INSERT INTO photos ( `PhotoID`, `URL_Image`, `ListingID` ) VALUES ( 96, 'http://ubc.local5/qxyvi/mqcg.aspx', 201 );
    INSERT INTO photos ( `PhotoID`, `URL_Image`, `ListingID` ) VALUES ( 97, 'http://nol.net6/eqgtq/cwn.aspx', 24 );
    INSERT INTO photos ( `PhotoID`, `URL_Image`, `ListingID` ) VALUES ( 98, 'http://wvh.local/xsqtb/voylu.aspx', 71 );
    INSERT INTO photos ( `PhotoID`, `URL_Image`, `ListingID` ) VALUES ( 99, 'http://yjm.net25/ywgjs/arudf/nkf.php', 168 );
    INSERT INTO photos ( `PhotoID`, `URL_Image`, `ListingID` ) VALUES ( 100, 'http://udy.net57/igffm/wkj.htm', 88 );
    INSERT INTO photos ( `PhotoID`, `URL_Image`, `ListingID` ) VALUES ( 101, 'http://drt.netj/sdrim/udo.htm', 128 );
    INSERT INTO photos ( `PhotoID`, `URL_Image`, `ListingID` ) VALUES ( 102, 'http://vzjxr.web8/caqad/ceq.php', 215 );
    INSERT INTO photos ( `PhotoID`, `URL_Image`, `ListingID` ) VALUES ( 103, 'http://mrjd.web/qgqfq/pvwh.html', 8 );
    INSERT INTO photos ( `PhotoID`, `URL_Image`, `ListingID` ) VALUES ( 104, 'http://fkeqz.weby/jficj/nzv.htm', 191 );
    INSERT INTO photos ( `PhotoID`, `URL_Image`, `ListingID` ) VALUES ( 105, 'http://rxxiy.net0/gtsqq/grk.htm', 213 );
    INSERT INTO photos ( `PhotoID`, `URL_Image`, `ListingID` ) VALUES ( 106, 'http://brsum.netl5/ojwii/qhl.html', 76 );
    INSERT INTO photos ( `PhotoID`, `URL_Image`, `ListingID` ) VALUES ( 107, 'http://ners.net7/ylnwt/wtk.aspx', 21 );
    INSERT INTO photos ( `PhotoID`, `URL_Image`, `ListingID` ) VALUES ( 108, 'http://qns.webd/qlkjq/gry.php', 167 );
    INSERT INTO photos ( `PhotoID`, `URL_Image`, `ListingID` ) VALUES ( 109, NULL, 180 );
    INSERT INTO photos ( `PhotoID`, `URL_Image`, `ListingID` ) VALUES ( 110, 'http://srno.net10/gbqyd/cbk.htm', 41 );
    INSERT INTO photos ( `PhotoID`, `URL_Image`, `ListingID` ) VALUES ( 111, 'http://mymv.local4/cziwd/iqqd.php', NULL );
    INSERT INTO photos ( `PhotoID`, `URL_Image`, `ListingID` ) VALUES ( 112, 'http://owens.webk/slkso/uqob.aspx', 48 );
    INSERT INTO photos ( `PhotoID`, `URL_Image`, `ListingID` ) VALUES ( 113, NULL, 72 );
    INSERT INTO photos ( `PhotoID`, `URL_Image`, `ListingID` ) VALUES ( 114, 'http://ekcqf.net65/cmocy/paf.html', NULL );
    INSERT INTO photos ( `PhotoID`, `URL_Image`, `ListingID` ) VALUES ( 115, NULL, 14 );
    INSERT INTO photos ( `PhotoID`, `URL_Image`, `ListingID` ) VALUES ( 116, NULL, 3 );
    INSERT INTO photos ( `PhotoID`, `URL_Image`, `ListingID` ) VALUES ( 117, 'http://nko.nett2/peihs/gue.html', 45 );
    INSERT INTO photos ( `PhotoID`, `URL_Image`, `ListingID` ) VALUES ( 118, 'http://zun.local2/wmuxp/mfy.php', NULL );
    INSERT INTO photos ( `PhotoID`, `URL_Image`, `ListingID` ) VALUES ( 119, 'http://epoc.local/jhgmc/myku.html', 132 );
    INSERT INTO photos ( `PhotoID`, `URL_Image`, `ListingID` ) VALUES ( 120, 'http://fvl.local68/sesjf/ukv.htm', 219 );
    INSERT INTO photos ( `PhotoID`, `URL_Image`, `ListingID` ) VALUES ( 121, 'http://ckvuh.netu2/bflvi/dyj.php', 126 );
    INSERT INTO photos ( `PhotoID`, `URL_Image`, `ListingID` ) VALUES ( 122, 'http://advzw.net33/bpwic/otquy/ynqx.htm', 58 );
    INSERT INTO photos ( `PhotoID`, `URL_Image`, `ListingID` ) VALUES ( 123, 'http://pfyru.local9/ybluw/uruvb/fxuf.aspx', 22 );
    INSERT INTO photos ( `PhotoID`, `URL_Image`, `ListingID` ) VALUES ( 124, 'http://jyb.web/uktbl/cxa.htm', 119 );
    INSERT INTO photos ( `PhotoID`, `URL_Image`, `ListingID` ) VALUES ( 125, 'http://jhou.local5/nmvvt/rknyi.aspx', 35 );
    INSERT INTO photos ( `PhotoID`, `URL_Image`, `ListingID` ) VALUES ( 126, 'http://wdk.web/kcvgb/dog.htm', 50 );
    INSERT INTO photos ( `PhotoID`, `URL_Image`, `ListingID` ) VALUES ( 127, NULL, 125 );
    INSERT INTO photos ( `PhotoID`, `URL_Image`, `ListingID` ) VALUES ( 128, 'http://evw.net8/qkxtv/gvx.htm', 127 );
    INSERT INTO photos ( `PhotoID`, `URL_Image`, `ListingID` ) VALUES ( 129, 'http://yao.local56/ygheh/mko.htm', 89 );
    INSERT INTO photos ( `PhotoID`, `URL_Image`, `ListingID` ) VALUES ( 130, 'http://iyc.locall/wmuby/hmkpx/vgv.html', NULL );
    INSERT INTO photos ( `PhotoID`, `URL_Image`, `ListingID` ) VALUES ( 131, 'http://rxs.local22/wiypv/qmtb.html', 121 );
    INSERT INTO photos ( `PhotoID`, `URL_Image`, `ListingID` ) VALUES ( 132, 'http://nmp.web4/rratd/ibr.html', 190 );
    INSERT INTO photos ( `PhotoID`, `URL_Image`, `ListingID` ) VALUES ( 133, 'http://kepz.net7/rcibo/pcy.php', 144 );
    INSERT INTO photos ( `PhotoID`, `URL_Image`, `ListingID` ) VALUES ( 134, NULL, 109 );
    INSERT INTO photos ( `PhotoID`, `URL_Image`, `ListingID` ) VALUES ( 135, 'http://dqb.netj51/rwkha/yrg.htm', 208 );
    INSERT INTO photos ( `PhotoID`, `URL_Image`, `ListingID` ) VALUES ( 136, 'http://bhbc.net34/xoztz/ectfa/zbax.php', 106 );
    INSERT INTO photos ( `PhotoID`, `URL_Image`, `ListingID` ) VALUES ( 137, 'http://ntd.local6/bmhih/vprq.html', 105 );
    INSERT INTO photos ( `PhotoID`, `URL_Image`, `ListingID` ) VALUES ( 138, 'http://ubb.localg/awuyt/ekxvg/wyiq.php', 34 );
    INSERT INTO photos ( `PhotoID`, `URL_Image`, `ListingID` ) VALUES ( 139, 'http://ihhoy.web0/nmaib/kwjt.aspx', 65 );
    INSERT INTO photos ( `PhotoID`, `URL_Image`, `ListingID` ) VALUES ( 140, 'http://aig.net6/kgcjv/yhpsy.aspx', 159 );
    INSERT INTO photos ( `PhotoID`, `URL_Image`, `ListingID` ) VALUES ( 141, 'http://yrpwl.localv74/odiqq/oou.aspx', 49 );
    INSERT INTO photos ( `PhotoID`, `URL_Image`, `ListingID` ) VALUES ( 142, 'http://yqnq.net08/hkmaw/mvy.html', 181 );
    INSERT INTO photos ( `PhotoID`, `URL_Image`, `ListingID` ) VALUES ( 143, 'http://toibu.net2/wymrq/ght.html', 33 );
    INSERT INTO photos ( `PhotoID`, `URL_Image`, `ListingID` ) VALUES ( 144, 'http://dtisi.netg/jygek/goyer.aspx', NULL );
    INSERT INTO photos ( `PhotoID`, `URL_Image`, `ListingID` ) VALUES ( 145, 'http://ram.net67/ivopc/pui.htm', 159 );
    INSERT INTO photos ( `PhotoID`, `URL_Image`, `ListingID` ) VALUES ( 146, NULL, 70 );
    INSERT INTO photos ( `PhotoID`, `URL_Image`, `ListingID` ) VALUES ( 147, 'http://hnhl.net/ikoup/flf.html', 16 );
    INSERT INTO photos ( `PhotoID`, `URL_Image`, `ListingID` ) VALUES ( 148, 'http://ifk.netc/cnizz/sdg.html', 91 );
    INSERT INTO photos ( `PhotoID`, `URL_Image`, `ListingID` ) VALUES ( 149, 'http://rur.net34/dimok/qdq.aspx', 56 );
    INSERT INTO photos ( `PhotoID`, `URL_Image`, `ListingID` ) VALUES ( 150, NULL, 27 );
    INSERT INTO photos ( `PhotoID`, `URL_Image`, `ListingID` ) VALUES ( 151, 'http://vskqs.net2/lfxfb/ihxrk/uwqu.html', 113 );
    INSERT INTO photos ( `PhotoID`, `URL_Image`, `ListingID` ) VALUES ( 152, 'http://jzy.netp1/cqtyo/voc.php', 118 );
    INSERT INTO photos ( `PhotoID`, `URL_Image`, `ListingID` ) VALUES ( 153, 'http://njvz.net3/cgvfd/ektq.php', 3 );
    INSERT INTO photos ( `PhotoID`, `URL_Image`, `ListingID` ) VALUES ( 154, 'http://vcp.web/suxyn/lko.htm', 126 );
    INSERT INTO photos ( `PhotoID`, `URL_Image`, `ListingID` ) VALUES ( 155, 'http://strv.netl/mrmcs/ekj.aspx', 167 );
    INSERT INTO photos ( `PhotoID`, `URL_Image`, `ListingID` ) VALUES ( 156, 'http://yih.neti3/ohyio/nyr.aspx', 56 );
    INSERT INTO photos ( `PhotoID`, `URL_Image`, `ListingID` ) VALUES ( 157, 'http://wbq.netr/lbood/rwk.html', 110 );
    INSERT INTO photos ( `PhotoID`, `URL_Image`, `ListingID` ) VALUES ( 158, 'http://sek.net/tgdqt/acgay/juuxy.aspx', NULL );
    INSERT INTO photos ( `PhotoID`, `URL_Image`, `ListingID` ) VALUES ( 159, NULL, 165 );
    INSERT INTO photos ( `PhotoID`, `URL_Image`, `ListingID` ) VALUES ( 160, 'http://maof.local63/oysrg/qfgw.aspx', 186 );
    INSERT INTO photos ( `PhotoID`, `URL_Image`, `ListingID` ) VALUES ( 161, 'http://ysg.web23/kfeyb/oqwxo/qpq.aspx', 131 );
    INSERT INTO photos ( `PhotoID`, `URL_Image`, `ListingID` ) VALUES ( 162, 'http://qji.local/bgyus/gzd.htm', 123 );
    INSERT INTO photos ( `PhotoID`, `URL_Image`, `ListingID` ) VALUES ( 163, 'http://qbc.webe63/bbijo/rne.htm', 173 );
    INSERT INTO photos ( `PhotoID`, `URL_Image`, `ListingID` ) VALUES ( 164, 'http://orm.net/nqkvd/tpk.aspx', 143 );
    INSERT INTO photos ( `PhotoID`, `URL_Image`, `ListingID` ) VALUES ( 165, NULL, 76 );
    INSERT INTO photos ( `PhotoID`, `URL_Image`, `ListingID` ) VALUES ( 166, 'http://tfd.net/lxqfl/sqk.aspx', NULL );
    INSERT INTO photos ( `PhotoID`, `URL_Image`, `ListingID` ) VALUES ( 167, 'http://nwj.net22/wymsy/szc.htm', 140 );
    INSERT INTO photos ( `PhotoID`, `URL_Image`, `ListingID` ) VALUES ( 168, 'http://oiv.local/nyncd/dxe.aspx', 77 );
    INSERT INTO photos ( `PhotoID`, `URL_Image`, `ListingID` ) VALUES ( 169, NULL, 168 );
    INSERT INTO photos ( `PhotoID`, `URL_Image`, `ListingID` ) VALUES ( 170, 'http://nnvu.net13/qdbkk/tij.aspx', 102 );
    INSERT INTO photos ( `PhotoID`, `URL_Image`, `ListingID` ) VALUES ( 171, 'http://whowk.net/stvby/vgr.htm', NULL );
    INSERT INTO photos ( `PhotoID`, `URL_Image`, `ListingID` ) VALUES ( 172, 'http://wud.local50/orqvs/mnyi.htm', 18 );
    INSERT INTO photos ( `PhotoID`, `URL_Image`, `ListingID` ) VALUES ( 173, 'http://vfxvd.net4/rbmvv/qidj.htm', 84 );
    INSERT INTO photos ( `PhotoID`, `URL_Image`, `ListingID` ) VALUES ( 174, 'http://sljlt.web6/tvwry/jfje.html', NULL );
    INSERT INTO photos ( `PhotoID`, `URL_Image`, `ListingID` ) VALUES ( 175, 'http://olyjr.local3/voelk/woj.aspx', 1 );
    INSERT INTO photos ( `PhotoID`, `URL_Image`, `ListingID` ) VALUES ( 176, 'http://ucr.local1/tlrqt/uabhv/kdb.htm', 5 );
    INSERT INTO photos ( `PhotoID`, `URL_Image`, `ListingID` ) VALUES ( 177, 'http://iie.netc/mggtt/mib.html', 0 );
    INSERT INTO photos ( `PhotoID`, `URL_Image`, `ListingID` ) VALUES ( 178, NULL, NULL );
    INSERT INTO photos ( `PhotoID`, `URL_Image`, `ListingID` ) VALUES ( 179, 'http://fti.netb8/whtuf/zpzvb.aspx', 8 );
    INSERT INTO photos ( `PhotoID`, `URL_Image`, `ListingID` ) VALUES ( 180, 'http://xum.local/tmbba/nhu.php', 195 );
    INSERT INTO photos ( `PhotoID`, `URL_Image`, `ListingID` ) VALUES ( 181, 'http://rjbi.net/wymft/hbn.htm', 40 );
    INSERT INTO photos ( `PhotoID`, `URL_Image`, `ListingID` ) VALUES ( 182, 'http://qmorw.net04/osevw/bxtm.htm', 43 );
    INSERT INTO photos ( `PhotoID`, `URL_Image`, `ListingID` ) VALUES ( 183, 'http://lop.local77/rhgar/bihx.php', 25 );
    INSERT INTO photos ( `PhotoID`, `URL_Image`, `ListingID` ) VALUES ( 184, 'http://vztob.local68/qzycx/pcivi/rdmxm/ygq.php', NULL );
    INSERT INTO photos ( `PhotoID`, `URL_Image`, `ListingID` ) VALUES ( 185, 'http://pgt.webd/trecw/fyt.html', NULL );
    INSERT INTO photos ( `PhotoID`, `URL_Image`, `ListingID` ) VALUES ( 186, 'http://iqdnx.web/qewnj/rpe.htm', 133 );
    INSERT INTO photos ( `PhotoID`, `URL_Image`, `ListingID` ) VALUES ( 187, 'http://tuuo.web3/zijyd/icfov.htm', 31 );
    INSERT INTO photos ( `PhotoID`, `URL_Image`, `ListingID` ) VALUES ( 188, 'http://dkn.web8/xlwhk/mpk.aspx', 4 );
    INSERT INTO photos ( `PhotoID`, `URL_Image`, `ListingID` ) VALUES ( 189, 'http://ikep.net66/rcghw/eytcz.html', NULL );
    INSERT INTO photos ( `PhotoID`, `URL_Image`, `ListingID` ) VALUES ( 190, 'http://tmnth.local/aykpy/wfh.htm', 86 );
    INSERT INTO photos ( `PhotoID`, `URL_Image`, `ListingID` ) VALUES ( 191, 'http://sesrl.net22/mnxmg/ocndn/ksk.aspx', NULL );
    INSERT INTO photos ( `PhotoID`, `URL_Image`, `ListingID` ) VALUES ( 192, 'http://nbl.net/nghia/rfdxf.php', 129 );
    INSERT INTO photos ( `PhotoID`, `URL_Image`, `ListingID` ) VALUES ( 193, 'http://rzalv.web2/imkgy/upj.html', 102 );
    INSERT INTO photos ( `PhotoID`, `URL_Image`, `ListingID` ) VALUES ( 194, 'http://yjrqv.netr/yyril/loq.php', 55 );
    INSERT INTO photos ( `PhotoID`, `URL_Image`, `ListingID` ) VALUES ( 195, 'http://crq.localm/ubdvi/aeqlt/mej.html', 154 );
    INSERT INTO photos ( `PhotoID`, `URL_Image`, `ListingID` ) VALUES ( 196, 'http://ksfrw.webb7/ckvbg/fbb.htm', NULL );
    INSERT INTO photos ( `PhotoID`, `URL_Image`, `ListingID` ) VALUES ( 197, 'http://qzuvk.web/vllfs/imr.htm', 179 );
    INSERT INTO photos ( `PhotoID`, `URL_Image`, `ListingID` ) VALUES ( 198, 'http://bds.local18/glcof/rbzq.htm', 84 );
    INSERT INTO photos ( `PhotoID`, `URL_Image`, `ListingID` ) VALUES ( 199, 'http://yis.web/qdrry/yyies.aspx', 60 );
    INSERT INTO photos ( `PhotoID`, `URL_Image`, `ListingID` ) VALUES ( 200, 'http://ggr.netu6/kiecf/efxo.php', 221 );
    INSERT INTO photos ( `PhotoID`, `URL_Image`, `ListingID` ) VALUES ( 201, 'http://vru.local5/bvzvs/gzjl.htm', 162 );
    INSERT INTO photos ( `PhotoID`, `URL_Image`, `ListingID` ) VALUES ( 202, 'http://yvjp.net17/gupiq/lkumb/qqkgv.htm', NULL );
    INSERT INTO photos ( `PhotoID`, `URL_Image`, `ListingID` ) VALUES ( 203, 'http://chj.local5/cjfnh/wskcw/emni.htm', 72 );
    INSERT INTO photos ( `PhotoID`, `URL_Image`, `ListingID` ) VALUES ( 204, 'http://leu.web4/yuxjv/tekp.aspx', 43 );
    INSERT INTO photos ( `PhotoID`, `URL_Image`, `ListingID` ) VALUES ( 205, 'http://dsel.net7/lhffr/hum.php', 189 );
    INSERT INTO photos ( `PhotoID`, `URL_Image`, `ListingID` ) VALUES ( 206, 'http://xmdbc.net5/tixjc/ozb.html', 126 );
    INSERT INTO photos ( `PhotoID`, `URL_Image`, `ListingID` ) VALUES ( 207, NULL, 36 );
    INSERT INTO photos ( `PhotoID`, `URL_Image`, `ListingID` ) VALUES ( 208, 'http://tkg.net6/rjezy/leu.php', NULL );
    INSERT INTO photos ( `PhotoID`, `URL_Image`, `ListingID` ) VALUES ( 209, 'http://bmdg.web/effrq/jeu.php', 96 );
    INSERT INTO photos ( `PhotoID`, `URL_Image`, `ListingID` ) VALUES ( 210, NULL, 152 );
    INSERT INTO photos ( `PhotoID`, `URL_Image`, `ListingID` ) VALUES ( 211, 'http://cvr.webf/pmcfw/jdh.aspx', NULL );
    INSERT INTO photos ( `PhotoID`, `URL_Image`, `ListingID` ) VALUES ( 212, 'http://fqr.local9/xmwlm/wdq.htm', 39 );
    INSERT INTO photos ( `PhotoID`, `URL_Image`, `ListingID` ) VALUES ( 213, 'http://coqqx.local83/szbwk/sztsr/skj.htm', NULL );
    INSERT INTO photos ( `PhotoID`, `URL_Image`, `ListingID` ) VALUES ( 214, 'http://eufo.net/idjbc/vwx.aspx', 222 );
    INSERT INTO photos ( `PhotoID`, `URL_Image`, `ListingID` ) VALUES ( 215, 'http://sqj.localh1/nvzpi/lyo.php', NULL );
    INSERT INTO photos ( `PhotoID`, `URL_Image`, `ListingID` ) VALUES ( 216, 'http://nsxjt.net/qsnky/xnz.htm', 184 );
    INSERT INTO photos ( `PhotoID`, `URL_Image`, `ListingID` ) VALUES ( 217, 'http://eped.net/tthcb/tqu.php', 36 );
    INSERT INTO photos ( `PhotoID`, `URL_Image`, `ListingID` ) VALUES ( 218, 'http://uzps.web/gxqdo/ely.htm', NULL );
    INSERT INTO photos ( `PhotoID`, `URL_Image`, `ListingID` ) VALUES ( 219, NULL, 110 );
    INSERT INTO photos ( `PhotoID`, `URL_Image`, `ListingID` ) VALUES ( 220, 'http://enh.web46/ldcss/cifig/xbq.aspx', 181 );
    INSERT INTO photos ( `PhotoID`, `URL_Image`, `ListingID` ) VALUES ( 221, 'http://ihulx.net0/xekgn/rcwwj/ekv.aspx', 44 );
    INSERT INTO photos ( `PhotoID`, `URL_Image`, `ListingID` ) VALUES ( 222, 'http://jou.web73/cndjg/mvsrq.aspx', NULL );
    INSERT INTO photos ( `PhotoID`, `URL_Image`, `ListingID` ) VALUES ( 223, 'http://cft.local4/gvboq/dge.aspx', 139 );
    INSERT INTO photos ( `PhotoID`, `URL_Image`, `ListingID` ) VALUES ( 224, 'http://mdk.web/tuiob/bkvqe.php', 98 );
    INSERT INTO photos ( `PhotoID`, `URL_Image`, `ListingID` ) VALUES ( 225, 'http://edg.net/lawsn/ugw.htm', 55 );
    INSERT INTO photos ( `PhotoID`, `URL_Image`, `ListingID` ) VALUES ( 226, 'http://kcim.local/ahtyq/fitr.htm', NULL );
    INSERT INTO photos ( `PhotoID`, `URL_Image`, `ListingID` ) VALUES ( 227, 'http://wndmc.local7/qyrql/mgsg.html', 22 );
    INSERT INTO photos ( `PhotoID`, `URL_Image`, `ListingID` ) VALUES ( 228, 'http://geub.web1/wuhtq/rrpeg.html', 213 );
    INSERT INTO photos ( `PhotoID`, `URL_Image`, `ListingID` ) VALUES ( 229, 'http://fxv.net69/cdsdn/huow.aspx', 195 );
    INSERT INTO photos ( `PhotoID`, `URL_Image`, `ListingID` ) VALUES ( 230, 'http://suynv.net/nvwjk/uyft.html', 198 );
    INSERT INTO photos ( `PhotoID`, `URL_Image`, `ListingID` ) VALUES ( 231, 'http://jsii.webt/fjekw/ghb.aspx', 57 );
    INSERT INTO photos ( `PhotoID`, `URL_Image`, `ListingID` ) VALUES ( 232, 'http://ntip.localw5/todhr/godx.htm', 53 );
    INSERT INTO photos ( `PhotoID`, `URL_Image`, `ListingID` ) VALUES ( 233, 'http://nyv.neth7/jvsjx/rxl.php', 12 );
    INSERT INTO photos ( `PhotoID`, `URL_Image`, `ListingID` ) VALUES ( 234, NULL, 75 );
    INSERT INTO photos ( `PhotoID`, `URL_Image`, `ListingID` ) VALUES ( 235, 'http://wer.net06/togkh/lndt.aspx', 177 );
    INSERT INTO photos ( `PhotoID`, `URL_Image`, `ListingID` ) VALUES ( 236, 'http://nym.net44/uefjk/lmow.html', 183 );
    INSERT INTO photos ( `PhotoID`, `URL_Image`, `ListingID` ) VALUES ( 237, 'http://dwkf.local9/rshpn/bzjlf/cqx.aspx', 100 );
    INSERT INTO photos ( `PhotoID`, `URL_Image`, `ListingID` ) VALUES ( 238, 'http://ajgpb.localn7/fsqgf/rwkib/fzq.htm', 25 );
    INSERT INTO photos ( `PhotoID`, `URL_Image`, `ListingID` ) VALUES ( 239, 'http://nbvwc.local1/vhxur/mfhrf.php', NULL );
    INSERT INTO photos ( `PhotoID`, `URL_Image`, `ListingID` ) VALUES ( 240, 'http://esnnn.web27/rstjw/cjo.htm', 207 );
    INSERT INTO photos ( `PhotoID`, `URL_Image`, `ListingID` ) VALUES ( 241, 'http://mmd.local0/gluvm/wrb.html', 62 );
    INSERT INTO photos ( `PhotoID`, `URL_Image`, `ListingID` ) VALUES ( 242, 'http://vaeil.netg62/poqhu/jkcf.html', 142 );
    INSERT INTO photos ( `PhotoID`, `URL_Image`, `ListingID` ) VALUES ( 243, 'http://zyjv.net/mygwl/fypm.php', NULL );
    INSERT INTO photos ( `PhotoID`, `URL_Image`, `ListingID` ) VALUES ( 244, 'http://bveo.local5/ulmeq/xou.aspx', 224 );
    INSERT INTO photos ( `PhotoID`, `URL_Image`, `ListingID` ) VALUES ( 245, 'http://ute.net3/ithci/ubch.html', 64 );
    INSERT INTO photos ( `PhotoID`, `URL_Image`, `ListingID` ) VALUES ( 246, 'http://ijam.net5/plbdk/fath.php', 67 );
    INSERT INTO photos ( `PhotoID`, `URL_Image`, `ListingID` ) VALUES ( 247, 'http://gsr.net/blesq/uis.aspx', 151 );
    INSERT INTO photos ( `PhotoID`, `URL_Image`, `ListingID` ) VALUES ( 248, 'http://dhj.web79/myqio/eps.aspx', 25 );
    INSERT INTO photos ( `PhotoID`, `URL_Image`, `ListingID` ) VALUES ( 249, 'http://ixl.local/shxka/vkw.aspx', 220 );
    INSERT INTO photos ( `PhotoID`, `URL_Image`, `ListingID` ) VALUES ( 250, NULL, 149 );
    INSERT INTO photos ( `PhotoID`, `URL_Image`, `ListingID` ) VALUES ( 251, 'http://mgxvb.net/pmvue/dwt.php', 68 );
    INSERT INTO photos ( `PhotoID`, `URL_Image`, `ListingID` ) VALUES ( 252, 'http://whobo.net58/kijpv/wunq.html', 44 );
    INSERT INTO photos ( `PhotoID`, `URL_Image`, `ListingID` ) VALUES ( 253, 'http://jnb.net24/iabui/vxq.html', 16 );
    INSERT INTO photos ( `PhotoID`, `URL_Image`, `ListingID` ) VALUES ( 254, 'http://anv.local2/hewky/noeud/bay.html', 195 );
    INSERT INTO photos ( `PhotoID`, `URL_Image`, `ListingID` ) VALUES ( 255, NULL, 165 );
    INSERT INTO photos ( `PhotoID`, `URL_Image`, `ListingID` ) VALUES ( 256, 'http://kuq.net/jjtrt/odf.aspx', 40 );
    INSERT INTO photos ( `PhotoID`, `URL_Image`, `ListingID` ) VALUES ( 257, 'http://vnwud.web0/mcmgn/njun.php', NULL );
    INSERT INTO photos ( `PhotoID`, `URL_Image`, `ListingID` ) VALUES ( 258, 'http://fwoks.local53/ukvsf/gotfl.php', 208 );
    INSERT INTO photos ( `PhotoID`, `URL_Image`, `ListingID` ) VALUES ( 259, 'http://ulf.netg42/hrzwx/yfqd.aspx', 212 );
    INSERT INTO photos ( `PhotoID`, `URL_Image`, `ListingID` ) VALUES ( 260, 'http://gocug.web48/jtkql/nsu.html', 3 );
    INSERT INTO photos ( `PhotoID`, `URL_Image`, `ListingID` ) VALUES ( 261, 'http://eyf.net/lkvib/ifpvq/dlo.aspx', 129 );
    INSERT INTO photos ( `PhotoID`, `URL_Image`, `ListingID` ) VALUES ( 262, 'http://wljs.netj/cipqh/fcnwi/pqmc.htm', 175 );
    INSERT INTO photos ( `PhotoID`, `URL_Image`, `ListingID` ) VALUES ( 263, 'http://igcep.net37/ivoqm/vrm.aspx', 158 );
    INSERT INTO photos ( `PhotoID`, `URL_Image`, `ListingID` ) VALUES ( 264, 'http://qeqg.web/vvuko/oscgp/arem.php', 94 );
    INSERT INTO photos ( `PhotoID`, `URL_Image`, `ListingID` ) VALUES ( 265, 'http://uao.local/kerqf/wrelo/qsh.html', 129 );
    INSERT INTO photos ( `PhotoID`, `URL_Image`, `ListingID` ) VALUES ( 266, 'http://fiq.local9/qicuy/uef.html', NULL );
    INSERT INTO photos ( `PhotoID`, `URL_Image`, `ListingID` ) VALUES ( 267, 'http://ixsll.net/nteqt/bna.aspx', 120 );
    INSERT INTO photos ( `PhotoID`, `URL_Image`, `ListingID` ) VALUES ( 268, 'http://qiz.web/flukk/tph.htm', 114 );
    INSERT INTO photos ( `PhotoID`, `URL_Image`, `ListingID` ) VALUES ( 269, 'http://mptd.net1/ljist/sgpix/myb.php', 28 );
    INSERT INTO photos ( `PhotoID`, `URL_Image`, `ListingID` ) VALUES ( 270, 'http://vwl.net53/sueep/zzj.php', 65 );
    INSERT INTO photos ( `PhotoID`, `URL_Image`, `ListingID` ) VALUES ( 271, 'http://vrs.netk/xdzpx/spr.html', 129 );
    INSERT INTO photos ( `PhotoID`, `URL_Image`, `ListingID` ) VALUES ( 272, 'http://xfz.local4/vniil/hti.htm', 70 );
    INSERT INTO photos ( `PhotoID`, `URL_Image`, `ListingID` ) VALUES ( 273, 'http://cnauh.netx1/lzibg/ojwm.aspx', 175 );
    INSERT INTO photos ( `PhotoID`, `URL_Image`, `ListingID` ) VALUES ( 274, 'http://vthif.net4/ywnmb/qmj.aspx', 176 );
    INSERT INTO photos ( `PhotoID`, `URL_Image`, `ListingID` ) VALUES ( 275, 'http://thw.web71/kllgf/dmwt.aspx', 8 );
    INSERT INTO photos ( `PhotoID`, `URL_Image`, `ListingID` ) VALUES ( 276, 'http://dlyb.local75/uremb/vmw.htm', 79 );
    INSERT INTO photos ( `PhotoID`, `URL_Image`, `ListingID` ) VALUES ( 277, 'http://rfr.web6/zqhkn/xtoe.aspx', NULL );
    INSERT INTO photos ( `PhotoID`, `URL_Image`, `ListingID` ) VALUES ( 278, 'http://vlkc.net/jvgbf/bjb.aspx', 79 );
    INSERT INTO photos ( `PhotoID`, `URL_Image`, `ListingID` ) VALUES ( 279, 'http://kfm.net/ehvqn/tmem.htm', 31 );
    INSERT INTO photos ( `PhotoID`, `URL_Image`, `ListingID` ) VALUES ( 280, 'http://wez.net7/nbxvm/ibr.htm', 98 );
    INSERT INTO photos ( `PhotoID`, `URL_Image`, `ListingID` ) VALUES ( 281, 'http://dkxg.localf/jtlne/opos.aspx', 217 );
    INSERT INTO photos ( `PhotoID`, `URL_Image`, `ListingID` ) VALUES ( 282, 'http://tpr.local04/mdvgv/aekrt.html', 86 );
    INSERT INTO photos ( `PhotoID`, `URL_Image`, `ListingID` ) VALUES ( 283, 'http://gcg.web/siwcu/xmv.htm', 19 );
    INSERT INTO photos ( `PhotoID`, `URL_Image`, `ListingID` ) VALUES ( 284, 'http://pjk.web87/gwmsl/iscmr/bmet.aspx', 115 );
    INSERT INTO photos ( `PhotoID`, `URL_Image`, `ListingID` ) VALUES ( 285, NULL, 69 );
    INSERT INTO photos ( `PhotoID`, `URL_Image`, `ListingID` ) VALUES ( 286, 'http://lrhh.net48/wdddu/krw.html', 169 );
    INSERT INTO photos ( `PhotoID`, `URL_Image`, `ListingID` ) VALUES ( 287, 'http://mufeu.net4/zvvcq/btb.html', 100 );
    INSERT INTO photos ( `PhotoID`, `URL_Image`, `ListingID` ) VALUES ( 288, 'http://xunjm.localp58/cqdcg/ubxsc/iog.htm', 207 );
    INSERT INTO photos ( `PhotoID`, `URL_Image`, `ListingID` ) VALUES ( 289, 'http://neq.localt88/ryihn/loanl.php', 93 );
    INSERT INTO photos ( `PhotoID`, `URL_Image`, `ListingID` ) VALUES ( 290, 'http://kxfvj.localv/aisxl/nmogs/leg.php', 191 );
    INSERT INTO photos ( `PhotoID`, `URL_Image`, `ListingID` ) VALUES ( 291, 'http://qsc.net88/hrmof/ixtml.aspx', 167 );
    INSERT INTO photos ( `PhotoID`, `URL_Image`, `ListingID` ) VALUES ( 292, 'http://isj.local3/oluij/yqrv.aspx', NULL );
    INSERT INTO photos ( `PhotoID`, `URL_Image`, `ListingID` ) VALUES ( 293, 'http://hyot.netl/mwfks/mqbj.aspx', 194 );
    INSERT INTO photos ( `PhotoID`, `URL_Image`, `ListingID` ) VALUES ( 294, 'http://obc.nets/dqemv/cgyqx/pos.aspx', 61 );
    INSERT INTO photos ( `PhotoID`, `URL_Image`, `ListingID` ) VALUES ( 295, 'http://ulfyj.local/gnzqg/rhj.php', NULL );
    INSERT INTO photos ( `PhotoID`, `URL_Image`, `ListingID` ) VALUES ( 296, NULL, 24 );
    INSERT INTO photos ( `PhotoID`, `URL_Image`, `ListingID` ) VALUES ( 297, 'http://rsslu.local1/vhmxs/nwu.aspx', NULL );
    INSERT INTO photos ( `PhotoID`, `URL_Image`, `ListingID` ) VALUES ( 298, 'http://uds.web/ywzrg/jwdb.aspx', 144 );
    INSERT INTO photos ( `PhotoID`, `URL_Image`, `ListingID` ) VALUES ( 299, 'http://myl.local27/bqaso/qlw.html', 144 );
    INSERT INTO photos ( `PhotoID`, `URL_Image`, `ListingID` ) VALUES ( 300, 'http://isc.local8/fqpnj/bbq.php', 49 );
INSERT INTO photos ( `PhotoID`, `URL_Image`, `ListingID` ) VALUES ( 301, 'http://cnob.local/bxpcg/zkul.aspx', 28 );
INSERT INTO photos ( `PhotoID`, `URL_Image`, `ListingID` ) VALUES ( 302, 'http://xls.net0/drnwu/vgb.aspx', 67 );
INSERT INTO photos ( `PhotoID`, `URL_Image`, `ListingID` ) VALUES ( 303, 'http://pmf.net/jbgah/gxj.htm', 91 );
INSERT INTO photos ( `PhotoID`, `URL_Image`, `ListingID` ) VALUES ( 304, NULL, 37 );
INSERT INTO photos ( `PhotoID`, `URL_Image`, `ListingID` ) VALUES ( 305, 'http://uks.webi33/uyfks/zim.aspx', 109 );
INSERT INTO photos ( `PhotoID`, `URL_Image`, `ListingID` ) VALUES ( 306, 'http://mfmr.webw/gwodq/vmwl.htm', 194 );
INSERT INTO photos ( `PhotoID`, `URL_Image`, `ListingID` ) VALUES ( 307, 'http://tevra.web53/bdzis/jewf.aspx', 26 );
INSERT INTO photos ( `PhotoID`, `URL_Image`, `ListingID` ) VALUES ( 308, 'http://hismp.local66/wujph/zfc.aspx', 186 );
INSERT INTO photos ( `PhotoID`, `URL_Image`, `ListingID` ) VALUES ( 309, 'http://nbo.local/mjvrg/dphi.aspx', 77 );
INSERT INTO photos ( `PhotoID`, `URL_Image`, `ListingID` ) VALUES ( 310, 'http://cjh.netj40/mtklm/lsj.htm', 192 );
INSERT INTO photos ( `PhotoID`, `URL_Image`, `ListingID` ) VALUES ( 311, 'http://nny.net66/tcnfh/xhb.php', 145 );
INSERT INTO photos ( `PhotoID`, `URL_Image`, `ListingID` ) VALUES ( 312, NULL, 40 );
INSERT INTO photos ( `PhotoID`, `URL_Image`, `ListingID` ) VALUES ( 313, 'http://kydfs.web/osjxl/bwnj.aspx', 51 );
INSERT INTO photos ( `PhotoID`, `URL_Image`, `ListingID` ) VALUES ( 314, 'http://ldq.net53/vedzl/dkfqk.html', 221 );
INSERT INTO photos ( `PhotoID`, `URL_Image`, `ListingID` ) VALUES ( 315, 'http://bgo.web/fdllb/khunb.htm', 206 );
INSERT INTO photos ( `PhotoID`, `URL_Image`, `ListingID` ) VALUES ( 316, NULL, 90 );
INSERT INTO photos ( `PhotoID`, `URL_Image`, `ListingID` ) VALUES ( 317, 'http://wwoom.webg8/rdsyj/xvm.html', 80 );
INSERT INTO photos ( `PhotoID`, `URL_Image`, `ListingID` ) VALUES ( 318, 'http://fih.local/nfuwh/rer.aspx', 148 );
INSERT INTO photos ( `PhotoID`, `URL_Image`, `ListingID` ) VALUES ( 319, 'http://zkd.net3/znswt/otba.aspx', NULL );
INSERT INTO photos ( `PhotoID`, `URL_Image`, `ListingID` ) VALUES ( 320, 'http://hvip.local/ywogc/xwoo.html', 201 );
INSERT INTO photos ( `PhotoID`, `URL_Image`, `ListingID` ) VALUES ( 321, 'http://jqm.local74/uqeuw/xpabt.aspx', 96 );
INSERT INTO photos ( `PhotoID`, `URL_Image`, `ListingID` ) VALUES ( 322, 'http://nhiib.web61/svxor/okuvi.php', NULL );
INSERT INTO photos ( `PhotoID`, `URL_Image`, `ListingID` ) VALUES ( 323, 'http://dfe.net8/srpog/mif.htm', 78 );
INSERT INTO photos ( `PhotoID`, `URL_Image`, `ListingID` ) VALUES ( 324, 'http://kylvj.web/hhbeb/orjw.aspx', 46 );
INSERT INTO photos ( `PhotoID`, `URL_Image`, `ListingID` ) VALUES ( 325, 'http://kbi.web/rdnjy/loq.html', 69 );
INSERT INTO photos ( `PhotoID`, `URL_Image`, `ListingID` ) VALUES ( 326, 'http://vlrfv.netg/whhuy/opoas/smjms/mnqmg.htm', 13 );
INSERT INTO photos ( `PhotoID`, `URL_Image`, `ListingID` ) VALUES ( 327, 'http://pfqf.web/nsghq/shq.html', 132 );
INSERT INTO photos ( `PhotoID`, `URL_Image`, `ListingID` ) VALUES ( 328, 'http://yjn.locala43/aowes/yzfth.php', 24 );
INSERT INTO photos ( `PhotoID`, `URL_Image`, `ListingID` ) VALUES ( 329, 'http://hiqb.local4/vkkmt/bis.php', 215 );
INSERT INTO photos ( `PhotoID`, `URL_Image`, `ListingID` ) VALUES ( 330, 'http://xuio.net/dbxjo/quoxc.html', 146 );
INSERT INTO photos ( `PhotoID`, `URL_Image`, `ListingID` ) VALUES ( 331, 'http://sjyd.net7/ndtep/gqf.php', 179 );
INSERT INTO photos ( `PhotoID`, `URL_Image`, `ListingID` ) VALUES ( 332, 'http://oqhoe.netm/gvdkn/rkkg.html', 117 );
INSERT INTO photos ( `PhotoID`, `URL_Image`, `ListingID` ) VALUES ( 333, 'http://qnf.net/bdoqk/jix.aspx', 46 );
INSERT INTO photos ( `PhotoID`, `URL_Image`, `ListingID` ) VALUES ( 334, 'http://gwltx.net30/hwpuh/ueym.aspx', 145 );
INSERT INTO photos ( `PhotoID`, `URL_Image`, `ListingID` ) VALUES ( 335, NULL, 49 );
INSERT INTO photos ( `PhotoID`, `URL_Image`, `ListingID` ) VALUES ( 336, NULL, 3 );
INSERT INTO reviews ( `ReviewID`, `Rating`, `Comments`, `ListingID`, `UserID` ) VALUES ( 0, 0.50236607, 'Anne bought new car. Anne bought new car. Tony bought new car. Anne has free time. Anne is walking. ', 126, 90 );
INSERT INTO reviews ( `ReviewID`, `Rating`, `Comments`, `ListingID`, `UserID` ) VALUES ( 1, 1.0385742, 'John bought new car. Anne is shopping. Tony bought new car. Tony bought new car. Tony has free time. ', NULL, 81 );
INSERT INTO reviews ( `ReviewID`, `Rating`, `Comments`, `ListingID`, `UserID` ) VALUES ( 2, 3.294336, 'John has free time. Tony is shopping. ', 15, 21 );
INSERT INTO reviews ( `ReviewID`, `Rating`, `Comments`, `ListingID`, `UserID` ) VALUES ( 3, 0.030585911, 'John bought new car. Anne is walking. John bought new car. Anne has free time. John has free time. ', 172, 28 );
INSERT INTO reviews ( `ReviewID`, `Rating`, `Comments`, `ListingID`, `UserID` ) VALUES ( 4, 0.79789025, 'Anne bought new car. Anne is shopping. ', 51, NULL );
INSERT INTO reviews ( `ReviewID`, `Rating`, `Comments`, `ListingID`, `UserID` ) VALUES ( 5, 4.735975, 'Anne bought new car. Tony has free time. Tony bought new car. Tony has free time. Anne bought new car. ', 148, 2 );
INSERT INTO reviews ( `ReviewID`, `Rating`, `Comments`, `ListingID`, `UserID` ) VALUES ( 6, 2.435437, 'Tony bought new car. John bought new car. Tony has free time. ', 181, 69 );
INSERT INTO reviews ( `ReviewID`, `Rating`, `Comments`, `ListingID`, `UserID` ) VALUES ( 7, 1.7375902, 'John bought new car. John is walking. John bought new car. John bought new car. Tony is walking. ', NULL, 80 );
INSERT INTO reviews ( `ReviewID`, `Rating`, `Comments`, `ListingID`, `UserID` ) VALUES ( 8, 1.8450128, 'Anne bought new car. John is shopping. Tony is shopping. Anne bought new car. John is walking. ', NULL, 15 );
INSERT INTO reviews ( `ReviewID`, `Rating`, `Comments`, `ListingID`, `UserID` ) VALUES ( 9, 0.5798354, 'John bought new car. Tony is walking. John has free time. John has free time. Anne has free time. ', 182, 92 );
INSERT INTO reviews ( `ReviewID`, `Rating`, `Comments`, `ListingID`, `UserID` ) VALUES ( 10, 2.9167693, 'John is walking. Anne bought new car. Tony is shopping. John has free time. Tony is walking. ', 212, 76 );
INSERT INTO reviews ( `ReviewID`, `Rating`, `Comments`, `ListingID`, `UserID` ) VALUES ( 11, NULL, 'Tony is shopping. Anne is walking. ', 34, 0 );
INSERT INTO reviews ( `ReviewID`, `Rating`, `Comments`, `ListingID`, `UserID` ) VALUES ( 12, 3.8083735, 'John has free time. Tony is walking. ', 204, 73 );
INSERT INTO reviews ( `ReviewID`, `Rating`, `Comments`, `ListingID`, `UserID` ) VALUES ( 13, 0.69881344, 'Anne bought new car. Anne bought new car. Anne is shopping. Anne has free time. Tony bought new car. ', 224, 95 );
INSERT INTO reviews ( `ReviewID`, `Rating`, `Comments`, `ListingID`, `UserID` ) VALUES ( 14, 2.251092, 'Anne is shopping. Anne is walking. John bought new car. John bought new car. John has free time. ', NULL, 82 );
INSERT INTO reviews ( `ReviewID`, `Rating`, `Comments`, `ListingID`, `UserID` ) VALUES ( 15, NULL, 'Tony is shopping. Anne is shopping. Anne is shopping. Tony bought new car. Tony has free time. ', 31, 18 );
INSERT INTO reviews ( `ReviewID`, `Rating`, `Comments`, `ListingID`, `UserID` ) VALUES ( 16, NULL, 'Anne is shopping. Anne bought new car. Tony is shopping. ', 107, 32 );
INSERT INTO reviews ( `ReviewID`, `Rating`, `Comments`, `ListingID`, `UserID` ) VALUES ( 17, 2.6156757, 'John has free time. Anne has free time. Tony bought new car. Anne has free time. John bought new car. ', 122, 75 );
INSERT INTO reviews ( `ReviewID`, `Rating`, `Comments`, `ListingID`, `UserID` ) VALUES ( 18, 3.5250497, 'Anne has free time. John is shopping. Anne bought new car. Anne bought new car. Tony is walking. ', 104, 28 );
INSERT INTO reviews ( `ReviewID`, `Rating`, `Comments`, `ListingID`, `UserID` ) VALUES ( 19, 2.4086416, 'Anne bought new car. John has free time. Tony is shopping. Tony has free time. Anne bought new car. ', NULL, 23 );
INSERT INTO reviews ( `ReviewID`, `Rating`, `Comments`, `ListingID`, `UserID` ) VALUES ( 20, 3.0529578, 'Anne bought new car. John has free time. Anne is walking. John bought new car. John has free time. ', 99, 80 );
INSERT INTO reviews ( `ReviewID`, `Rating`, `Comments`, `ListingID`, `UserID` ) VALUES ( 21, 1.0245677, 'Anne has free time. Anne has free time. John has free time. ', 92, 75 );
INSERT INTO reviews ( `ReviewID`, `Rating`, `Comments`, `ListingID`, `UserID` ) VALUES ( 22, 0.95101106, 'Anne is shopping. Anne is walking. Tony bought new car. John is walking. Tony bought new car. ', NULL, 78 );
INSERT INTO reviews ( `ReviewID`, `Rating`, `Comments`, `ListingID`, `UserID` ) VALUES ( 23, NULL, 'Anne has free time. Anne is walking. Tony bought new car. John is shopping. John is shopping. ', 208, 89 );
INSERT INTO reviews ( `ReviewID`, `Rating`, `Comments`, `ListingID`, `UserID` ) VALUES ( 24, NULL, NULL, 164, 52 );
INSERT INTO reviews ( `ReviewID`, `Rating`, `Comments`, `ListingID`, `UserID` ) VALUES ( 25, 0.8052166, 'Anne has free time. John is shopping. ', 24, 5 );
INSERT INTO reviews ( `ReviewID`, `Rating`, `Comments`, `ListingID`, `UserID` ) VALUES ( 26, 2.437575, 'Anne is walking. Tony has free time. Tony bought new car. Tony has free time. John bought new car. ', 26, 34 );
INSERT INTO reviews ( `ReviewID`, `Rating`, `Comments`, `ListingID`, `UserID` ) VALUES ( 27, 4.86917, 'John has free time. Anne is walking. Anne bought new car. Anne has free time. ', 72, 48 );
INSERT INTO reviews ( `ReviewID`, `Rating`, `Comments`, `ListingID`, `UserID` ) VALUES ( 28, 1.0313795, 'Anne has free time. Anne has free time. ', 123, 90 );
INSERT INTO reviews ( `ReviewID`, `Rating`, `Comments`, `ListingID`, `UserID` ) VALUES ( 29, 1.0880107, 'Anne has free time. John bought new car. ', 84, 57 );
INSERT INTO reviews ( `ReviewID`, `Rating`, `Comments`, `ListingID`, `UserID` ) VALUES ( 30, 4.7491994, 'Anne is walking. Anne is shopping. Tony bought new car. Tony bought new car. Anne bought new car. ', 80, 55 );
INSERT INTO reviews ( `ReviewID`, `Rating`, `Comments`, `ListingID`, `UserID` ) VALUES ( 31, 4.449544, 'Anne bought new car. Anne is shopping. ', 30, 57 );
INSERT INTO reviews ( `ReviewID`, `Rating`, `Comments`, `ListingID`, `UserID` ) VALUES ( 32, NULL, 'Anne has free time. Tony is walking. John bought new car. Anne is walking. John has free time. ', 22, 89 );
INSERT INTO reviews ( `ReviewID`, `Rating`, `Comments`, `ListingID`, `UserID` ) VALUES ( 33, 2.9618962, 'Tony is shopping. Tony is shopping. ', 95, 21 );
INSERT INTO reviews ( `ReviewID`, `Rating`, `Comments`, `ListingID`, `UserID` ) VALUES ( 34, 1.14401, 'Tony bought new car. John is walking. Tony bought new car. ', 76, 32 );
INSERT INTO reviews ( `ReviewID`, `Rating`, `Comments`, `ListingID`, `UserID` ) VALUES ( 35, 3.2623835, NULL, 100, 14 );
INSERT INTO reviews ( `ReviewID`, `Rating`, `Comments`, `ListingID`, `UserID` ) VALUES ( 36, 4.8110743, 'Anne is shopping. John is shopping. John bought new car. John has free time. ', 52, 68 );
INSERT INTO reviews ( `ReviewID`, `Rating`, `Comments`, `ListingID`, `UserID` ) VALUES ( 37, 1.8732475, 'Anne bought new car. Tony is walking. Tony is shopping. John is shopping. Anne bought new car. ', 13, 93 );
INSERT INTO reviews ( `ReviewID`, `Rating`, `Comments`, `ListingID`, `UserID` ) VALUES ( 38, 4.392144, NULL, 46, 56 );
INSERT INTO reviews ( `ReviewID`, `Rating`, `Comments`, `ListingID`, `UserID` ) VALUES ( 39, 2.2160623, 'John bought new car. Anne is walking. John has free time. Anne is shopping. John has free time. ', 55, 29 );
INSERT INTO reviews ( `ReviewID`, `Rating`, `Comments`, `ListingID`, `UserID` ) VALUES ( 40, 0.91770095, NULL, 95, 81 );
INSERT INTO reviews ( `ReviewID`, `Rating`, `Comments`, `ListingID`, `UserID` ) VALUES ( 41, 3.1520243, 'Tony is shopping. Anne is shopping. Anne bought new car. Tony is shopping. Anne has free time. ', 82, 33 );
INSERT INTO reviews ( `ReviewID`, `Rating`, `Comments`, `ListingID`, `UserID` ) VALUES ( 42, 1.704575, 'John bought new car. John is walking. Anne has free time. Anne has free time. Anne is walking. ', 103, 72 );
INSERT INTO reviews ( `ReviewID`, `Rating`, `Comments`, `ListingID`, `UserID` ) VALUES ( 43, 2.457256, 'Anne has free time. Anne bought new car. John has free time. John has free time. John has free time. ', 121, 61 );
INSERT INTO reviews ( `ReviewID`, `Rating`, `Comments`, `ListingID`, `UserID` ) VALUES ( 44, 0.68415236, NULL, 123, 71 );
INSERT INTO reviews ( `ReviewID`, `Rating`, `Comments`, `ListingID`, `UserID` ) VALUES ( 45, 3.586612, 'Anne has free time. Anne bought new car. ', 158, 5 );
INSERT INTO reviews ( `ReviewID`, `Rating`, `Comments`, `ListingID`, `UserID` ) VALUES ( 46, 0.076921895, 'John bought new car. Tony bought new car. John bought new car. Tony has free time. John has free time. ', 79, 45 );
INSERT INTO reviews ( `ReviewID`, `Rating`, `Comments`, `ListingID`, `UserID` ) VALUES ( 47, 0.8632441, 'Tony has free time. Anne is walking. John bought new car. John is shopping. Tony has free time. ', 66, 53 );
INSERT INTO reviews ( `ReviewID`, `Rating`, `Comments`, `ListingID`, `UserID` ) VALUES ( 48, 4.0057855, 'Anne bought new car. Tony is walking. ', NULL, 62 );
INSERT INTO reviews ( `ReviewID`, `Rating`, `Comments`, `ListingID`, `UserID` ) VALUES ( 49, 2.939079, 'Anne is walking. John is shopping. John is shopping. John has free time. Tony has free time. ', 202, NULL );
INSERT INTO reviews ( `ReviewID`, `Rating`, `Comments`, `ListingID`, `UserID` ) VALUES ( 50, 2.63363, 'John bought new car. Tony bought new car. Tony bought new car. Tony has free time. John bought new car. ', 164, 99 );
INSERT INTO reviews ( `ReviewID`, `Rating`, `Comments`, `ListingID`, `UserID` ) VALUES ( 51, 1.0231777, 'Anne bought new car. Tony is walking. Anne bought new car. Anne has free time. Tony bought new car. ', 125, 30 );
INSERT INTO reviews ( `ReviewID`, `Rating`, `Comments`, `ListingID`, `UserID` ) VALUES ( 52, 3.4979699, 'Tony bought new car. Anne bought new car. John is walking. John has free time. Anne bought new car. ', 49, 32 );
INSERT INTO reviews ( `ReviewID`, `Rating`, `Comments`, `ListingID`, `UserID` ) VALUES ( 53, 1.1251119, 'Anne bought new car. John has free time. Tony is walking. Anne bought new car. Tony is shopping. ', 10, 85 );
INSERT INTO reviews ( `ReviewID`, `Rating`, `Comments`, `ListingID`, `UserID` ) VALUES ( 54, 4.6448593, 'Anne is walking. John bought new car. ', 23, 35 );
INSERT INTO reviews ( `ReviewID`, `Rating`, `Comments`, `ListingID`, `UserID` ) VALUES ( 55, 4.181575, 'Tony bought new car. John is shopping. ', 125, 89 );
INSERT INTO reviews ( `ReviewID`, `Rating`, `Comments`, `ListingID`, `UserID` ) VALUES ( 56, 2.1871135, 'Anne is walking. Tony has free time. John has free time. John has free time. John has free time. ', 131, 47 );
INSERT INTO reviews ( `ReviewID`, `Rating`, `Comments`, `ListingID`, `UserID` ) VALUES ( 57, 0.043802086, 'John bought new car. Tony is shopping. Tony bought new car. Tony has free time. Tony is walking. ', 63, 32 );
INSERT INTO reviews ( `ReviewID`, `Rating`, `Comments`, `ListingID`, `UserID` ) VALUES ( 58, 1.8643665, 'Tony bought new car. Anne is walking. Anne bought new car. Tony has free time. John is walking. ', NULL, 41 );
INSERT INTO reviews ( `ReviewID`, `Rating`, `Comments`, `ListingID`, `UserID` ) VALUES ( 59, 4.4017863, 'Tony has free time. John is shopping. Anne bought new car. ', 92, 62 );
INSERT INTO reviews ( `ReviewID`, `Rating`, `Comments`, `ListingID`, `UserID` ) VALUES ( 60, 4.041204, 'Tony is shopping. Anne has free time. Tony bought new car. John has free time. Tony has free time. ', 130, 3 );
INSERT INTO reviews ( `ReviewID`, `Rating`, `Comments`, `ListingID`, `UserID` ) VALUES ( 61, 2.5474646, NULL, NULL, 97 );
INSERT INTO reviews ( `ReviewID`, `Rating`, `Comments`, `ListingID`, `UserID` ) VALUES ( 62, 0.69806904, 'Anne bought new car. Tony is shopping. ', 58, NULL );
INSERT INTO reviews ( `ReviewID`, `Rating`, `Comments`, `ListingID`, `UserID` ) VALUES ( 63, 3.5528738, 'Anne is walking. Tony is walking. Tony bought new car. Tony bought new car. John has free time. ', 191, 83 );
INSERT INTO reviews ( `ReviewID`, `Rating`, `Comments`, `ListingID`, `UserID` ) VALUES ( 64, 2.546935, 'Anne is shopping. Anne is shopping. Tony bought new car. John bought new car. Tony has free time. ', 111, 43 );
INSERT INTO reviews ( `ReviewID`, `Rating`, `Comments`, `ListingID`, `UserID` ) VALUES ( 65, 3.0847569, 'Anne is walking. John bought new car. Tony bought new car. John has free time. Tony is walking. ', 31, NULL );
INSERT INTO reviews ( `ReviewID`, `Rating`, `Comments`, `ListingID`, `UserID` ) VALUES ( 66, 1.3295158, 'Tony is walking. Anne bought new car. John bought new car. Tony bought new car. John has free time. ', 143, 47 );
INSERT INTO reviews ( `ReviewID`, `Rating`, `Comments`, `ListingID`, `UserID` ) VALUES ( 67, NULL, 'Anne bought new car. Tony has free time. John has free time. John has free time. John has free time. ', NULL, 68 );
INSERT INTO reviews ( `ReviewID`, `Rating`, `Comments`, `ListingID`, `UserID` ) VALUES ( 68, 2.954349, NULL, 67, 79 );
INSERT INTO reviews ( `ReviewID`, `Rating`, `Comments`, `ListingID`, `UserID` ) VALUES ( 69, 2.9571955, 'Tony bought new car. John is shopping. John bought new car. John bought new car. Anne has free time. ', 63, 30 );
INSERT INTO reviews ( `ReviewID`, `Rating`, `Comments`, `ListingID`, `UserID` ) VALUES ( 70, NULL, 'Anne is shopping. John is shopping. Tony has free time. Tony is shopping. Tony is shopping. ', 213, 37 );
INSERT INTO reviews ( `ReviewID`, `Rating`, `Comments`, `ListingID`, `UserID` ) VALUES ( 71, 0.37023965, 'Anne bought new car. Tony bought new car. ', 31, 41 );
INSERT INTO reviews ( `ReviewID`, `Rating`, `Comments`, `ListingID`, `UserID` ) VALUES ( 72, 3.2119117, 'John bought new car. Tony is walking. Anne bought new car. Anne bought new car. Tony has free time. ', 71, 31 );
INSERT INTO reviews ( `ReviewID`, `Rating`, `Comments`, `ListingID`, `UserID` ) VALUES ( 73, 3.0199184, 'Anne bought new car. Tony is walking. John bought new car. ', 138, 40 );
INSERT INTO reviews ( `ReviewID`, `Rating`, `Comments`, `ListingID`, `UserID` ) VALUES ( 74, 1.8338566, 'Tony bought new car. Anne bought new car. John bought new car. ', 135, 78 );
INSERT INTO reviews ( `ReviewID`, `Rating`, `Comments`, `ListingID`, `UserID` ) VALUES ( 75, 2.9931624, 'Anne bought new car. Anne is shopping. Tony bought new car. John has free time. Anne has free time. ', NULL, NULL );
INSERT INTO reviews ( `ReviewID`, `Rating`, `Comments`, `ListingID`, `UserID` ) VALUES ( 76, 0.09001463, 'Tony bought new car. Anne has free time. Tony is shopping. John has free time. John is walking. ', 200, 44 );
INSERT INTO reviews ( `ReviewID`, `Rating`, `Comments`, `ListingID`, `UserID` ) VALUES ( 77, 3.7212481, 'Anne has free time. Anne bought new car. Anne bought new car. John has free time. John is walking. ', 199, 1 );
INSERT INTO reviews ( `ReviewID`, `Rating`, `Comments`, `ListingID`, `UserID` ) VALUES ( 78, 3.2091835, 'Tony bought new car. Tony has free time. John bought new car. Tony has free time. John has free time. ', 63, 24 );
INSERT INTO reviews ( `ReviewID`, `Rating`, `Comments`, `ListingID`, `UserID` ) VALUES ( 79, 1.3564667, 'Tony bought new car. Anne is shopping. Anne bought new car. Anne has free time. John has free time. ', NULL, 4 );
INSERT INTO reviews ( `ReviewID`, `Rating`, `Comments`, `ListingID`, `UserID` ) VALUES ( 80, 3.9542563, 'John bought new car. Tony has free time. Tony bought new car. John is walking. John is shopping. ', 71, 14 );
INSERT INTO reviews ( `ReviewID`, `Rating`, `Comments`, `ListingID`, `UserID` ) VALUES ( 81, 0.21851349, 'Anne has free time. Anne bought new car. John bought new car. Tony has free time. Tony bought new car. ', 7, 78 );
INSERT INTO reviews ( `ReviewID`, `Rating`, `Comments`, `ListingID`, `UserID` ) VALUES ( 82, 1.6932764, 'Tony bought new car. Anne is walking. Tony bought new car. Tony has free time. Anne has free time. ', 216, 10 );
INSERT INTO reviews ( `ReviewID`, `Rating`, `Comments`, `ListingID`, `UserID` ) VALUES ( 83, 4.5096197, 'Anne is shopping. Anne bought new car. Tony bought new car. Anne has free time. John has free time. ', 78, 97 );
INSERT INTO reviews ( `ReviewID`, `Rating`, `Comments`, `ListingID`, `UserID` ) VALUES ( 84, NULL, 'John has free time. John is walking. Tony is shopping. John has free time. Tony is shopping. ', 189, 67 );
INSERT INTO reviews ( `ReviewID`, `Rating`, `Comments`, `ListingID`, `UserID` ) VALUES ( 85, 3.8191025, 'John has free time. Tony bought new car. Anne bought new car. ', 79, NULL );
INSERT INTO reviews ( `ReviewID`, `Rating`, `Comments`, `ListingID`, `UserID` ) VALUES ( 86, 2.9834342, 'Tony has free time. Tony bought new car. John bought new car. John has free time. Tony bought new car. ', 186, 63 );
INSERT INTO reviews ( `ReviewID`, `Rating`, `Comments`, `ListingID`, `UserID` ) VALUES ( 87, 0.309509, 'Anne bought new car. Anne is walking. Tony bought new car. Tony has free time. Tony has free time. ', NULL, 77 );
INSERT INTO reviews ( `ReviewID`, `Rating`, `Comments`, `ListingID`, `UserID` ) VALUES ( 88, 2.7640395, 'Tony has free time. Anne is walking. ', NULL, 93 );
INSERT INTO reviews ( `ReviewID`, `Rating`, `Comments`, `ListingID`, `UserID` ) VALUES ( 89, 3.31013, 'Anne is shopping. Anne bought new car. Tony has free time. Tony has free time. ', 105, 71 );
INSERT INTO reviews ( `ReviewID`, `Rating`, `Comments`, `ListingID`, `UserID` ) VALUES ( 90, 4.987, 'Anne bought new car. Anne is shopping. John is walking. Tony bought new car. John is walking. ', 19, 33 );
INSERT INTO reviews ( `ReviewID`, `Rating`, `Comments`, `ListingID`, `UserID` ) VALUES ( 91, 1.2424438, 'John bought new car. Anne bought new car. Tony is shopping. John has free time. Tony is shopping. ', NULL, 24 );
INSERT INTO reviews ( `ReviewID`, `Rating`, `Comments`, `ListingID`, `UserID` ) VALUES ( 92, 4.270249, 'John bought new car. Anne bought new car. John is shopping. John has free time. Anne has free time. ', 101, 88 );
INSERT INTO reviews ( `ReviewID`, `Rating`, `Comments`, `ListingID`, `UserID` ) VALUES ( 93, 3.0366755, 'Anne bought new car. Tony bought new car. Tony bought new car. John is shopping. John bought new car. ', 43, 10 );
INSERT INTO reviews ( `ReviewID`, `Rating`, `Comments`, `ListingID`, `UserID` ) VALUES ( 94, 4.394381, 'Tony is shopping. Anne is walking. John has free time. John is walking. Anne is shopping. ', 4, 80 );
INSERT INTO reviews ( `ReviewID`, `Rating`, `Comments`, `ListingID`, `UserID` ) VALUES ( 95, 2.2550426, 'Tony is shopping. Anne is shopping. John has free time. John has free time. Tony has free time. ', 104, 52 );
INSERT INTO reviews ( `ReviewID`, `Rating`, `Comments`, `ListingID`, `UserID` ) VALUES ( 96, 2.8835583, 'Anne bought new car. John bought new car. ', 79, NULL );
INSERT INTO reviews ( `ReviewID`, `Rating`, `Comments`, `ListingID`, `UserID` ) VALUES ( 97, 0.88621354, 'Anne is shopping. John is walking. Anne is walking. John is walking. Tony has free time. ', 3, 67 );
INSERT INTO reviews ( `ReviewID`, `Rating`, `Comments`, `ListingID`, `UserID` ) VALUES ( 98, 4.1214695, 'John has free time. John bought new car. ', 96, 33 );
INSERT INTO reviews ( `ReviewID`, `Rating`, `Comments`, `ListingID`, `UserID` ) VALUES ( 99, 3.7168481, 'Tony bought new car. John is walking. Anne has free time. Tony bought new car. Tony is shopping. ', 29, 17 );
INSERT INTO reviews ( `ReviewID`, `Rating`, `Comments`, `ListingID`, `UserID` ) VALUES ( 100, 3.626132, 'Tony is walking. Tony is shopping. John bought new car. Tony is shopping. Anne has free time. ', 166, 87 );
INSERT INTO reviews ( `ReviewID`, `Rating`, `Comments`, `ListingID`, `UserID` ) VALUES ( 101, 3.2200615, 'John is walking. Anne bought new car. Tony is shopping. John is shopping. Tony has free time. ', 161, 77 );
INSERT INTO reviews ( `ReviewID`, `Rating`, `Comments`, `ListingID`, `UserID` ) VALUES ( 102, 2.73187, 'Anne is shopping. John is shopping. John has free time. John bought new car. John has free time. ', 106, 73 );
INSERT INTO reviews ( `ReviewID`, `Rating`, `Comments`, `ListingID`, `UserID` ) VALUES ( 103, 1.532414, 'Anne is shopping. John is walking. ', 59, 62 );
INSERT INTO reviews ( `ReviewID`, `Rating`, `Comments`, `ListingID`, `UserID` ) VALUES ( 104, 1.8473607, NULL, 90, 68 );
INSERT INTO reviews ( `ReviewID`, `Rating`, `Comments`, `ListingID`, `UserID` ) VALUES ( 105, 4.644469, 'Tony has free time. John is walking. ', 211, 30 );
INSERT INTO reviews ( `ReviewID`, `Rating`, `Comments`, `ListingID`, `UserID` ) VALUES ( 106, 1.2798133, 'John bought new car. John is shopping. Tony bought new car. ', 217, 43 );
INSERT INTO reviews ( `ReviewID`, `Rating`, `Comments`, `ListingID`, `UserID` ) VALUES ( 107, 0.78815305, 'Tony is walking. Tony is walking. Anne is shopping. ', 11, 38 );
INSERT INTO reviews ( `ReviewID`, `Rating`, `Comments`, `ListingID`, `UserID` ) VALUES ( 108, NULL, 'Anne is walking. Anne bought new car. Tony is shopping. Tony bought new car. Tony bought new car. ', 151, 29 );
INSERT INTO reviews ( `ReviewID`, `Rating`, `Comments`, `ListingID`, `UserID` ) VALUES ( 109, 1.8931143, 'Anne bought new car. John is walking. ', 180, 93 );
INSERT INTO reviews ( `ReviewID`, `Rating`, `Comments`, `ListingID`, `UserID` ) VALUES ( 110, 4.48157, 'Tony is walking. Anne has free time. ', 179, 68 );
INSERT INTO reviews ( `ReviewID`, `Rating`, `Comments`, `ListingID`, `UserID` ) VALUES ( 111, 0.55136806, 'Tony bought new car. John is walking. Tony is shopping. Anne has free time. ', 150, 27 );
INSERT INTO reviews ( `ReviewID`, `Rating`, `Comments`, `ListingID`, `UserID` ) VALUES ( 112, 2.6351798, 'Anne has free time. Tony is shopping. Tony is shopping. Tony bought new car. Tony has free time. ', 180, 52 );
INSERT INTO reviews ( `ReviewID`, `Rating`, `Comments`, `ListingID`, `UserID` ) VALUES ( 113, 1.5831574, 'Anne bought new car. Anne is shopping. Anne bought new car. ', 44, 76 );
INSERT INTO reviews ( `ReviewID`, `Rating`, `Comments`, `ListingID`, `UserID` ) VALUES ( 114, 4.688371, 'Tony bought new car. Anne is shopping. John bought new car. John is shopping. ', 76, 58 );
INSERT INTO reviews ( `ReviewID`, `Rating`, `Comments`, `ListingID`, `UserID` ) VALUES ( 115, 2.002786, 'Anne bought new car. Anne has free time. John is shopping. John has free time. Tony is walking. ', 163, 90 );
INSERT INTO reviews ( `ReviewID`, `Rating`, `Comments`, `ListingID`, `UserID` ) VALUES ( 116, 2.73612, 'Anne bought new car. Tony has free time. John bought new car. Tony is shopping. Tony is walking. ', 79, 75 );
INSERT INTO reviews ( `ReviewID`, `Rating`, `Comments`, `ListingID`, `UserID` ) VALUES ( 117, NULL, 'Anne bought new car. Anne is walking. Tony has free time. John has free time. Anne has free time. ', 100, 49 );
INSERT INTO reviews ( `ReviewID`, `Rating`, `Comments`, `ListingID`, `UserID` ) VALUES ( 118, 3.2557232, NULL, 14, 93 );
INSERT INTO reviews ( `ReviewID`, `Rating`, `Comments`, `ListingID`, `UserID` ) VALUES ( 119, 2.563594, 'Tony is walking. Tony has free time. ', 62, 16 );
INSERT INTO reviews ( `ReviewID`, `Rating`, `Comments`, `ListingID`, `UserID` ) VALUES ( 120, 0.039968576, 'Anne is shopping. Anne has free time. John is walking. Tony has free time. John bought new car. ', 144, NULL );
INSERT INTO reviews ( `ReviewID`, `Rating`, `Comments`, `ListingID`, `UserID` ) VALUES ( 121, NULL, 'Tony bought new car. Tony is shopping. John is shopping. Tony has free time. John is walking. ', 166, 19 );
INSERT INTO reviews ( `ReviewID`, `Rating`, `Comments`, `ListingID`, `UserID` ) VALUES ( 122, NULL, 'Anne bought new car. Tony is walking. Anne bought new car. John has free time. John is walking. ', NULL, NULL );
INSERT INTO reviews ( `ReviewID`, `Rating`, `Comments`, `ListingID`, `UserID` ) VALUES ( 123, 2.2222831, 'John is shopping. Anne bought new car. Tony has free time. Tony has free time. ', 23, 99 );
INSERT INTO reviews ( `ReviewID`, `Rating`, `Comments`, `ListingID`, `UserID` ) VALUES ( 124, 4.739239, 'Anne bought new car. John is shopping. Anne bought new car. Tony is shopping. ', 100, 69 );
INSERT INTO reviews ( `ReviewID`, `Rating`, `Comments`, `ListingID`, `UserID` ) VALUES ( 125, 3.8897514, 'Anne bought new car. Anne has free time. Tony is walking. Tony has free time. ', 151, 77 );
INSERT INTO reviews ( `ReviewID`, `Rating`, `Comments`, `ListingID`, `UserID` ) VALUES ( 126, 3.8584654, 'Anne bought new car. Anne has free time. Anne bought new car. John bought new car. Anne is shopping. ', 180, 56 );
INSERT INTO reviews ( `ReviewID`, `Rating`, `Comments`, `ListingID`, `UserID` ) VALUES ( 127, 4.8312697, 'John has free time. Anne is shopping. Tony bought new car. Anne has free time. Anne has free time. ', 17, NULL );
INSERT INTO reviews ( `ReviewID`, `Rating`, `Comments`, `ListingID`, `UserID` ) VALUES ( 128, 3.9016263, 'Anne has free time. Anne has free time. John bought new car. Tony is walking. John has free time. ', 21, 20 );
INSERT INTO reviews ( `ReviewID`, `Rating`, `Comments`, `ListingID`, `UserID` ) VALUES ( 129, 2.2259064, 'Anne is shopping. Anne has free time. Anne has free time. Tony bought new car. Tony has free time. ', 163, 5 );
INSERT INTO reviews ( `ReviewID`, `Rating`, `Comments`, `ListingID`, `UserID` ) VALUES ( 130, 3.28375, 'Anne is shopping. Anne has free time. ', 10, 86 );
INSERT INTO reviews ( `ReviewID`, `Rating`, `Comments`, `ListingID`, `UserID` ) VALUES ( 131, 3.2804122, 'Anne is walking. Anne is shopping. Anne bought new car. Tony has free time. ', 102, NULL );
INSERT INTO reviews ( `ReviewID`, `Rating`, `Comments`, `ListingID`, `UserID` ) VALUES ( 132, 4.5012655, 'Anne bought new car. Anne has free time. ', 121, 6 );
INSERT INTO reviews ( `ReviewID`, `Rating`, `Comments`, `ListingID`, `UserID` ) VALUES ( 133, NULL, 'Tony bought new car. Tony bought new car. ', 21, 15 );
INSERT INTO reviews ( `ReviewID`, `Rating`, `Comments`, `ListingID`, `UserID` ) VALUES ( 134, 1.8821316, 'Tony is walking. Anne bought new car. Anne has free time. John has free time. John has free time. ', 51, 74 );
INSERT INTO reviews ( `ReviewID`, `Rating`, `Comments`, `ListingID`, `UserID` ) VALUES ( 135, 3.618756, 'John bought new car. John has free time. Tony bought new car. Anne has free time. Anne has free time. ', 74, 28 );
INSERT INTO reviews ( `ReviewID`, `Rating`, `Comments`, `ListingID`, `UserID` ) VALUES ( 136, 0.22502118, 'Tony bought new car. Tony is shopping. Tony bought new car. Anne has free time. John has free time. ', 213, NULL );
INSERT INTO reviews ( `ReviewID`, `Rating`, `Comments`, `ListingID`, `UserID` ) VALUES ( 137, 0.87850976, 'John is shopping. Anne is walking. Anne has free time. Anne has free time. John bought new car. ', 202, 96 );
INSERT INTO reviews ( `ReviewID`, `Rating`, `Comments`, `ListingID`, `UserID` ) VALUES ( 138, 2.2703462, NULL, NULL, 60 );
INSERT INTO reviews ( `ReviewID`, `Rating`, `Comments`, `ListingID`, `UserID` ) VALUES ( 139, 3.0095732, 'Tony has free time. Anne is shopping. Tony bought new car. Tony has free time. John is shopping. ', 146, 37 );
INSERT INTO reviews ( `ReviewID`, `Rating`, `Comments`, `ListingID`, `UserID` ) VALUES ( 140, 2.432785, 'Tony is shopping. Anne has free time. Tony has free time. Tony bought new car. ', 72, 81 );
INSERT INTO reviews ( `ReviewID`, `Rating`, `Comments`, `ListingID`, `UserID` ) VALUES ( 141, 0.3269851, 'Tony bought new car. John is walking. Tony is shopping. ', NULL, 93 );
INSERT INTO reviews ( `ReviewID`, `Rating`, `Comments`, `ListingID`, `UserID` ) VALUES ( 142, 1.6753453, 'John is shopping. Anne is walking. John bought new car. ', 181, 45 );
INSERT INTO reviews ( `ReviewID`, `Rating`, `Comments`, `ListingID`, `UserID` ) VALUES ( 143, 1.1458567, 'Anne bought new car. Anne is walking. Tony is shopping. John has free time. John has free time. ', 126, 93 );
INSERT INTO reviews ( `ReviewID`, `Rating`, `Comments`, `ListingID`, `UserID` ) VALUES ( 144, 2.0378747, 'Anne has free time. Anne is shopping. ', 1, 51 );
INSERT INTO reviews ( `ReviewID`, `Rating`, `Comments`, `ListingID`, `UserID` ) VALUES ( 145, 4.285635, 'John is walking. Anne is walking. Tony bought new car. Anne bought new car. Tony is shopping. ', NULL, 62 );
INSERT INTO reviews ( `ReviewID`, `Rating`, `Comments`, `ListingID`, `UserID` ) VALUES ( 146, 0.25787675, 'Anne bought new car. Tony has free time. Tony bought new car. Tony has free time. Anne bought new car. ', 45, 68 );
INSERT INTO reviews ( `ReviewID`, `Rating`, `Comments`, `ListingID`, `UserID` ) VALUES ( 147, NULL, 'John is walking. Anne has free time. John has free time. John has free time. Tony bought new car. ', 127, 13 );
INSERT INTO reviews ( `ReviewID`, `Rating`, `Comments`, `ListingID`, `UserID` ) VALUES ( 148, 3.3990366, 'John has free time. Tony is walking. ', NULL, 50 );
INSERT INTO reviews ( `ReviewID`, `Rating`, `Comments`, `ListingID`, `UserID` ) VALUES ( 149, 3.3489263, 'Anne has free time. John has free time. John is walking. ', 197, NULL );
INSERT INTO reviews ( `ReviewID`, `Rating`, `Comments`, `ListingID`, `UserID` ) VALUES ( 150, NULL, 'Anne is walking. Anne is walking. Tony is walking. ', 90, 10 );
INSERT INTO reviews ( `ReviewID`, `Rating`, `Comments`, `ListingID`, `UserID` ) VALUES ( 151, 3.0457053, NULL, 101, 4 );
INSERT INTO reviews ( `ReviewID`, `Rating`, `Comments`, `ListingID`, `UserID` ) VALUES ( 152, 4.897881, 'Tony has free time. Anne bought new car. Tony is shopping. John bought new car. Tony bought new car. ', 90, 8 );
INSERT INTO reviews ( `ReviewID`, `Rating`, `Comments`, `ListingID`, `UserID` ) VALUES ( 153, 3.540769, 'John bought new car. Tony has free time. Tony bought new car. ', 15, 74 );
INSERT INTO reviews ( `ReviewID`, `Rating`, `Comments`, `ListingID`, `UserID` ) VALUES ( 154, 2.2975528, NULL, 13, 69 );
INSERT INTO reviews ( `ReviewID`, `Rating`, `Comments`, `ListingID`, `UserID` ) VALUES ( 155, 3.4561296, 'Tony bought new car. Tony bought new car. John has free time. Tony has free time. ', 170, 11 );
INSERT INTO reviews ( `ReviewID`, `Rating`, `Comments`, `ListingID`, `UserID` ) VALUES ( 156, 1.0268859, 'Anne bought new car. John bought new car. John has free time. Anne has free time. Tony has free time. ', 200, 14 );
INSERT INTO reviews ( `ReviewID`, `Rating`, `Comments`, `ListingID`, `UserID` ) VALUES ( 157, 0.838, 'Tony has free time. Anne is walking. John bought new car. ', 164, 1 );
INSERT INTO reviews ( `ReviewID`, `Rating`, `Comments`, `ListingID`, `UserID` ) VALUES ( 158, 4.168991, 'Anne bought new car. Tony is shopping. Anne has free time. Tony has free time. John is walking. ', 215, 87 );
INSERT INTO reviews ( `ReviewID`, `Rating`, `Comments`, `ListingID`, `UserID` ) VALUES ( 159, 2.5746458, 'Tony bought new car. Anne is shopping. Anne is walking. Tony is walking. Anne bought new car. ', 47, 96 );
INSERT INTO reviews ( `ReviewID`, `Rating`, `Comments`, `ListingID`, `UserID` ) VALUES ( 160, 2.4356859, 'Anne is walking. Tony bought new car. John is shopping. ', 221, 24 );
INSERT INTO reviews ( `ReviewID`, `Rating`, `Comments`, `ListingID`, `UserID` ) VALUES ( 161, NULL, 'Tony bought new car. Anne bought new car. Tony bought new car. John has free time. Tony has free time. ', 179, 35 );
INSERT INTO reviews ( `ReviewID`, `Rating`, `Comments`, `ListingID`, `UserID` ) VALUES ( 162, 4.86008, NULL, 217, 28 );
INSERT INTO reviews ( `ReviewID`, `Rating`, `Comments`, `ListingID`, `UserID` ) VALUES ( 163, 2.9187167, 'Anne bought new car. John bought new car. John has free time. ', 16, 54 );
INSERT INTO reviews ( `ReviewID`, `Rating`, `Comments`, `ListingID`, `UserID` ) VALUES ( 164, 0.94583416, 'Anne bought new car. John is shopping. John bought new car. Tony has free time. ', 91, 77 );
INSERT INTO reviews ( `ReviewID`, `Rating`, `Comments`, `ListingID`, `UserID` ) VALUES ( 165, 3.432153, 'John bought new car. Anne bought new car. John bought new car. John has free time. ', 224, 98 );
INSERT INTO reviews ( `ReviewID`, `Rating`, `Comments`, `ListingID`, `UserID` ) VALUES ( 166, 1.56977, 'Anne has free time. Anne is walking. John bought new car. Tony has free time. Anne is walking. ', 137, 0 );
INSERT INTO reviews ( `ReviewID`, `Rating`, `Comments`, `ListingID`, `UserID` ) VALUES ( 167, NULL, 'Anne is walking. Anne is shopping. Tony bought new car. John bought new car. Tony has free time. ', 80, 99 );
INSERT INTO reviews ( `ReviewID`, `Rating`, `Comments`, `ListingID`, `UserID` ) VALUES ( 168, 0.52967995, 'Tony is shopping. Anne is walking. Anne is walking. John is shopping. John bought new car. ', 165, 10 );
INSERT INTO reviews ( `ReviewID`, `Rating`, `Comments`, `ListingID`, `UserID` ) VALUES ( 169, 3.2944682, 'John has free time. Anne has free time. John has free time. ', NULL, NULL );
INSERT INTO reviews ( `ReviewID`, `Rating`, `Comments`, `ListingID`, `UserID` ) VALUES ( 170, 2.6539478, 'Anne has free time. John is shopping. John is walking. Tony has free time. John bought new car. ', 192, 4 );
INSERT INTO reviews ( `ReviewID`, `Rating`, `Comments`, `ListingID`, `UserID` ) VALUES ( 171, 0.7778932, 'Tony is walking. Anne has free time. John is walking. ', 26, 1 );
INSERT INTO reviews ( `ReviewID`, `Rating`, `Comments`, `ListingID`, `UserID` ) VALUES ( 172, 1.0035183, 'Anne bought new car. Anne has free time. ', 144, 77 );
INSERT INTO reviews ( `ReviewID`, `Rating`, `Comments`, `ListingID`, `UserID` ) VALUES ( 173, 2.7484627, 'John bought new car. Tony is shopping. Tony bought new car. ', 173, 70 );
INSERT INTO reviews ( `ReviewID`, `Rating`, `Comments`, `ListingID`, `UserID` ) VALUES ( 174, 3.7309847, 'Anne is walking. Anne is shopping. Tony is walking. John has free time. John bought new car. ', 71, 81 );
INSERT INTO reviews ( `ReviewID`, `Rating`, `Comments`, `ListingID`, `UserID` ) VALUES ( 175, 3.4805644, 'Tony has free time. Tony has free time. ', 175, 36 );
INSERT INTO reviews ( `ReviewID`, `Rating`, `Comments`, `ListingID`, `UserID` ) VALUES ( 176, NULL, 'Anne bought new car. Tony has free time. Anne bought new car. Tony has free time. ', 132, 0 );
INSERT INTO reviews ( `ReviewID`, `Rating`, `Comments`, `ListingID`, `UserID` ) VALUES ( 177, 4.79404, 'Tony bought new car. John is shopping. ', 99, 4 );
INSERT INTO reviews ( `ReviewID`, `Rating`, `Comments`, `ListingID`, `UserID` ) VALUES ( 178, 3.3879738, NULL, 42, 2 );
INSERT INTO reviews ( `ReviewID`, `Rating`, `Comments`, `ListingID`, `UserID` ) VALUES ( 179, 0.42360413, 'John bought new car. Anne is walking. ', NULL, 35 );
INSERT INTO reviews ( `ReviewID`, `Rating`, `Comments`, `ListingID`, `UserID` ) VALUES ( 180, NULL, 'Anne bought new car. Anne is walking. John is shopping. Tony bought new car. John has free time. ', 2, 70 );
INSERT INTO reviews ( `ReviewID`, `Rating`, `Comments`, `ListingID`, `UserID` ) VALUES ( 181, 2.349768, 'Tony is walking. Anne is shopping. ', NULL, NULL );
INSERT INTO reviews ( `ReviewID`, `Rating`, `Comments`, `ListingID`, `UserID` ) VALUES ( 182, 4.899922, 'Anne has free time. Anne bought new car. Tony is walking. Tony bought new car. Tony is walking. ', NULL, 45 );
INSERT INTO reviews ( `ReviewID`, `Rating`, `Comments`, `ListingID`, `UserID` ) VALUES ( 183, 1.7499285, 'Anne bought new car. Anne bought new car. Tony is walking. Tony has free time. Anne is walking. ', 164, NULL );
INSERT INTO reviews ( `ReviewID`, `Rating`, `Comments`, `ListingID`, `UserID` ) VALUES ( 184, 0.2587624, 'John has free time. John bought new car. Anne bought new car. Tony has free time. Tony has free time. ', 47, 94 );
INSERT INTO reviews ( `ReviewID`, `Rating`, `Comments`, `ListingID`, `UserID` ) VALUES ( 185, 3.9701166, 'John bought new car. John is walking. ', 174, NULL );
INSERT INTO reviews ( `ReviewID`, `Rating`, `Comments`, `ListingID`, `UserID` ) VALUES ( 186, 0.1993995, 'John bought new car. Tony is shopping. John has free time. Tony has free time. Anne has free time. ', 195, 4 );
INSERT INTO reviews ( `ReviewID`, `Rating`, `Comments`, `ListingID`, `UserID` ) VALUES ( 187, 3.739299, 'John has free time. Anne is walking. ', 152, 97 );
INSERT INTO reviews ( `ReviewID`, `Rating`, `Comments`, `ListingID`, `UserID` ) VALUES ( 188, 1.1322854, 'John is shopping. Tony is walking. Tony has free time. ', 222, 9 );
INSERT INTO reviews ( `ReviewID`, `Rating`, `Comments`, `ListingID`, `UserID` ) VALUES ( 189, 3.830164, 'John bought new car. Anne is walking. Anne bought new car. John has free time. John has free time. ', 212, 58 );
INSERT INTO reviews ( `ReviewID`, `Rating`, `Comments`, `ListingID`, `UserID` ) VALUES ( 190, 1.1905093, 'Tony has free time. Anne bought new car. ', 75, 84 );
INSERT INTO reviews ( `ReviewID`, `Rating`, `Comments`, `ListingID`, `UserID` ) VALUES ( 191, 0.13786945, 'Tony has free time. John bought new car. John has free time. Anne has free time. John is shopping. ', 25, 51 );
INSERT INTO reviews ( `ReviewID`, `Rating`, `Comments`, `ListingID`, `UserID` ) VALUES ( 192, 4.5363197, 'John is walking. Anne has free time. John bought new car. Tony has free time. Tony has free time. ', 99, NULL );
INSERT INTO reviews ( `ReviewID`, `Rating`, `Comments`, `ListingID`, `UserID` ) VALUES ( 193, 4.692693, 'Tony bought new car. Anne is walking. Tony bought new car. John has free time. Anne bought new car. ', 217, 65 );
INSERT INTO reviews ( `ReviewID`, `Rating`, `Comments`, `ListingID`, `UserID` ) VALUES ( 194, NULL, 'Tony has free time. Tony is walking. Tony bought new car. ', 42, 97 );
INSERT INTO reviews ( `ReviewID`, `Rating`, `Comments`, `ListingID`, `UserID` ) VALUES ( 195, 4.7984114, 'Anne bought new car. Tony bought new car. Anne bought new car. Tony has free time. ', NULL, 73 );
INSERT INTO reviews ( `ReviewID`, `Rating`, `Comments`, `ListingID`, `UserID` ) VALUES ( 196, 2.5432174, 'Anne is walking. Anne bought new car. Tony bought new car. Anne has free time. Tony bought new car. ', NULL, 14 );
INSERT INTO reviews ( `ReviewID`, `Rating`, `Comments`, `ListingID`, `UserID` ) VALUES ( 197, 4.1688604, 'Tony bought new car. John bought new car. ', 41, 89 );
INSERT INTO reviews ( `ReviewID`, `Rating`, `Comments`, `ListingID`, `UserID` ) VALUES ( 198, 4.1320653, 'Tony is shopping. Tony is shopping. Anne bought new car. John is shopping. ', 41, 91 );
INSERT INTO reviews ( `ReviewID`, `Rating`, `Comments`, `ListingID`, `UserID` ) VALUES ( 199, 3.5824614, NULL, NULL, 6 );
INSERT INTO reviews ( `ReviewID`, `Rating`, `Comments`, `ListingID`, `UserID` ) VALUES ( 200, 1.8033694, 'Anne has free time. Anne is walking. John bought new car. Anne has free time. Anne has free time. ', 0, 10 );
INSERT INTO reviews ( `ReviewID`, `Rating`, `Comments`, `ListingID`, `UserID` ) VALUES ( 201, 0.59819907, 'Tony is walking. Tony bought new car. Tony has free time. Tony has free time. John is walking. ', 34, 94 );
INSERT INTO reviews ( `ReviewID`, `Rating`, `Comments`, `ListingID`, `UserID` ) VALUES ( 202, 0.30114752, 'John bought new car. Anne has free time. Tony has free time. John has free time. Anne bought new car. ', NULL, 6 );
INSERT INTO reviews ( `ReviewID`, `Rating`, `Comments`, `ListingID`, `UserID` ) VALUES ( 203, 0.28435025, 'Anne has free time. Anne bought new car. Tony bought new car. John is shopping. John has free time. ', 18, 37 );
INSERT INTO reviews ( `ReviewID`, `Rating`, `Comments`, `ListingID`, `UserID` ) VALUES ( 204, 4.670728, 'Tony has free time. Tony is walking. Tony is shopping. John is walking. John has free time. ', 7, 74 );
INSERT INTO reviews ( `ReviewID`, `Rating`, `Comments`, `ListingID`, `UserID` ) VALUES ( 205, 4.411176, 'John bought new car. Anne is shopping. ', 27, 57 );
INSERT INTO reviews ( `ReviewID`, `Rating`, `Comments`, `ListingID`, `UserID` ) VALUES ( 206, 3.4978106, 'Anne bought new car. Anne has free time. ', 146, 64 );
INSERT INTO reviews ( `ReviewID`, `Rating`, `Comments`, `ListingID`, `UserID` ) VALUES ( 207, 0.35882762, 'Anne bought new car. Anne is shopping. John bought new car. Tony is walking. John has free time. ', 160, 51 );
INSERT INTO reviews ( `ReviewID`, `Rating`, `Comments`, `ListingID`, `UserID` ) VALUES ( 208, 3.304976, NULL, 44, 49 );
INSERT INTO reviews ( `ReviewID`, `Rating`, `Comments`, `ListingID`, `UserID` ) VALUES ( 209, 3.2272956, 'Anne has free time. Tony has free time. Tony bought new car. John has free time. ', 58, 25 );
INSERT INTO reviews ( `ReviewID`, `Rating`, `Comments`, `ListingID`, `UserID` ) VALUES ( 210, 4.687361, 'Tony is shopping. Tony is walking. John bought new car. Tony has free time. Tony has free time. ', 95, 96 );
INSERT INTO reviews ( `ReviewID`, `Rating`, `Comments`, `ListingID`, `UserID` ) VALUES ( 211, NULL, 'Anne is walking. John is walking. John bought new car. Tony is shopping. ', 0, 99 );
INSERT INTO reviews ( `ReviewID`, `Rating`, `Comments`, `ListingID`, `UserID` ) VALUES ( 212, 0.53060156, 'John bought new car. Anne is shopping. Anne bought new car. ', 72, 50 );
INSERT INTO reviews ( `ReviewID`, `Rating`, `Comments`, `ListingID`, `UserID` ) VALUES ( 213, 0.91525596, 'Tony bought new car. Anne is walking. Anne bought new car. ', 126, 14 );
INSERT INTO reviews ( `ReviewID`, `Rating`, `Comments`, `ListingID`, `UserID` ) VALUES ( 214, 4.7359586, 'Anne bought new car. Anne is walking. John bought new car. ', 104, 59 );
INSERT INTO reviews ( `ReviewID`, `Rating`, `Comments`, `ListingID`, `UserID` ) VALUES ( 215, 1.2464248, 'Anne bought new car. Tony is walking. Tony bought new car. Anne has free time. John has free time. ', NULL, 68 );
INSERT INTO reviews ( `ReviewID`, `Rating`, `Comments`, `ListingID`, `UserID` ) VALUES ( 216, 1.3536564, 'Tony bought new car. Anne has free time. John bought new car. ', 120, 30 );
INSERT INTO reviews ( `ReviewID`, `Rating`, `Comments`, `ListingID`, `UserID` ) VALUES ( 217, 2.3304577, 'John bought new car. Tony is walking. Tony bought new car. Anne bought new car. John has free time. ', NULL, 21 );
INSERT INTO reviews ( `ReviewID`, `Rating`, `Comments`, `ListingID`, `UserID` ) VALUES ( 218, 4.5150943, 'John has free time. Tony is walking. Anne is shopping. ', NULL, 87 );
INSERT INTO reviews ( `ReviewID`, `Rating`, `Comments`, `ListingID`, `UserID` ) VALUES ( 219, 2.398028, 'Tony is walking. Anne has free time. Tony has free time. Anne has free time. John has free time. ', 219, 72 );
INSERT INTO reviews ( `ReviewID`, `Rating`, `Comments`, `ListingID`, `UserID` ) VALUES ( 220, 4.520055, 'Anne bought new car. Anne is walking. John is walking. John has free time. Anne has free time. ', 59, 81 );
INSERT INTO reviews ( `ReviewID`, `Rating`, `Comments`, `ListingID`, `UserID` ) VALUES ( 221, 2.265941, 'John bought new car. Anne is walking. John has free time. Tony is shopping. Tony is walking. ', 0, 68 );
INSERT INTO reviews ( `ReviewID`, `Rating`, `Comments`, `ListingID`, `UserID` ) VALUES ( 222, 2.7496564, 'Tony bought new car. John is shopping. Tony bought new car. John bought new car. Anne has free time. ', 199, 73 );
INSERT INTO reviews ( `ReviewID`, `Rating`, `Comments`, `ListingID`, `UserID` ) VALUES ( 223, 0.544117, 'John is shopping. Tony is walking. ', 201, 98 );
INSERT INTO reviews ( `ReviewID`, `Rating`, `Comments`, `ListingID`, `UserID` ) VALUES ( 224, 3.6521783, 'Anne is shopping. Anne bought new car. Tony bought new car. Anne is walking. Tony bought new car. ', 223, 52 );
INSERT INTO reviews ( `ReviewID`, `Rating`, `Comments`, `ListingID`, `UserID` ) VALUES ( 225, 3.9945908, 'Tony has free time. Anne bought new car. Tony has free time. Tony is walking. Anne has free time. ', 45, 85 );
INSERT INTO reviews ( `ReviewID`, `Rating`, `Comments`, `ListingID`, `UserID` ) VALUES ( 226, 0.83510506, 'John has free time. Tony is shopping. Anne bought new car. Tony has free time. Tony has free time. ', 131, 58 );
INSERT INTO reviews ( `ReviewID`, `Rating`, `Comments`, `ListingID`, `UserID` ) VALUES ( 227, 4.45997, 'Anne is walking. John is shopping. John bought new car. John is walking. Tony is shopping. ', 103, 19 );
INSERT INTO reviews ( `ReviewID`, `Rating`, `Comments`, `ListingID`, `UserID` ) VALUES ( 228, 0.822991, 'Anne is walking. Tony is shopping. ', 69, 18 );
INSERT INTO reviews ( `ReviewID`, `Rating`, `Comments`, `ListingID`, `UserID` ) VALUES ( 229, 3.3480797, 'Anne bought new car. Anne bought new car. John has free time. Anne has free time. John is walking. ', 33, 26 );
INSERT INTO reviews ( `ReviewID`, `Rating`, `Comments`, `ListingID`, `UserID` ) VALUES ( 230, 1.223695, 'Anne is shopping. Anne bought new car. Tony is walking. Anne is walking. Anne is walking. ', 153, 54 );
INSERT INTO reviews ( `ReviewID`, `Rating`, `Comments`, `ListingID`, `UserID` ) VALUES ( 231, 4.583814, 'John bought new car. John is shopping. Tony is shopping. John has free time. John is walking. ', 122, 62 );
INSERT INTO reviews ( `ReviewID`, `Rating`, `Comments`, `ListingID`, `UserID` ) VALUES ( 232, 1.010267, 'Anne has free time. Tony is walking. John bought new car. Anne has free time. Anne has free time. ', 87, 27 );
INSERT INTO reviews ( `ReviewID`, `Rating`, `Comments`, `ListingID`, `UserID` ) VALUES ( 233, 0.66636086, 'John is shopping. Tony is shopping. Anne bought new car. Tony has free time. Tony has free time. ', 184, 5 );
INSERT INTO reviews ( `ReviewID`, `Rating`, `Comments`, `ListingID`, `UserID` ) VALUES ( 234, 3.9674447, NULL, 217, 86 );
INSERT INTO reviews ( `ReviewID`, `Rating`, `Comments`, `ListingID`, `UserID` ) VALUES ( 235, 2.0622065, 'Anne has free time. John is shopping. ', 130, 30 );
INSERT INTO reviews ( `ReviewID`, `Rating`, `Comments`, `ListingID`, `UserID` ) VALUES ( 236, 2.6091297, 'Tony is shopping. Anne has free time. Tony is walking. Tony bought new car. Tony has free time. ', NULL, 77 );
INSERT INTO reviews ( `ReviewID`, `Rating`, `Comments`, `ListingID`, `UserID` ) VALUES ( 237, 0.80517495, 'Tony bought new car. Tony is shopping. ', 80, 89 );
INSERT INTO reviews ( `ReviewID`, `Rating`, `Comments`, `ListingID`, `UserID` ) VALUES ( 238, 1.3394909, 'Anne has free time. Anne has free time. Tony has free time. Tony is shopping. Tony bought new car. ', 126, 74 );
INSERT INTO reviews ( `ReviewID`, `Rating`, `Comments`, `ListingID`, `UserID` ) VALUES ( 239, 0.24566926, 'Anne has free time. John is shopping. ', 139, 84 );
INSERT INTO reviews ( `ReviewID`, `Rating`, `Comments`, `ListingID`, `UserID` ) VALUES ( 240, 0.80215275, 'Anne bought new car. Tony is shopping. Tony bought new car. ', 99, 74 );
INSERT INTO reviews ( `ReviewID`, `Rating`, `Comments`, `ListingID`, `UserID` ) VALUES ( 241, 3.0597453, 'Anne bought new car. Tony is walking. Tony is walking. Tony bought new car. ', 121, 84 );
INSERT INTO reviews ( `ReviewID`, `Rating`, `Comments`, `ListingID`, `UserID` ) VALUES ( 242, 1.9210624, 'Anne bought new car. Tony is walking. John is walking. ', 168, 14 );
INSERT INTO reviews ( `ReviewID`, `Rating`, `Comments`, `ListingID`, `UserID` ) VALUES ( 243, 3.8573432, 'Tony is shopping. Anne is walking. John is shopping. Tony bought new car. ', 56, 32 );
INSERT INTO reviews ( `ReviewID`, `Rating`, `Comments`, `ListingID`, `UserID` ) VALUES ( 244, 1.2028924, 'Anne has free time. Tony is shopping. John bought new car. Tony is shopping. Anne is shopping. ', 47, 99 );
INSERT INTO reviews ( `ReviewID`, `Rating`, `Comments`, `ListingID`, `UserID` ) VALUES ( 245, 1.8355606, 'Anne bought new car. Anne is walking. ', 33, 39 );
INSERT INTO reviews ( `ReviewID`, `Rating`, `Comments`, `ListingID`, `UserID` ) VALUES ( 246, 2.3577225, 'Anne bought new car. John is walking. ', 4, 28 );
INSERT INTO reviews ( `ReviewID`, `Rating`, `Comments`, `ListingID`, `UserID` ) VALUES ( 247, 3.2874103, NULL, NULL, 13 );
INSERT INTO reviews ( `ReviewID`, `Rating`, `Comments`, `ListingID`, `UserID` ) VALUES ( 248, 0.5440536, 'Tony is walking. Anne bought new car. ', 183, 8 );
INSERT INTO reviews ( `ReviewID`, `Rating`, `Comments`, `ListingID`, `UserID` ) VALUES ( 249, 3.0135975, 'Tony bought new car. John is shopping. ', 105, 40 );
INSERT INTO reviews ( `ReviewID`, `Rating`, `Comments`, `ListingID`, `UserID` ) VALUES ( 250, 0.008998552, 'Anne has free time. Tony bought new car. Tony bought new car. Tony has free time. ', 152, 85 );
INSERT INTO reviews ( `ReviewID`, `Rating`, `Comments`, `ListingID`, `UserID` ) VALUES ( 251, 4.564904, 'John bought new car. Anne is walking. Tony is walking. Tony has free time. Tony bought new car. ', 48, 36 );
INSERT INTO reviews ( `ReviewID`, `Rating`, `Comments`, `ListingID`, `UserID` ) VALUES ( 252, 2.4835517, 'John is shopping. Tony is walking. Tony bought new car. Anne is walking. ', 79, 47 );
INSERT INTO reviews ( `ReviewID`, `Rating`, `Comments`, `ListingID`, `UserID` ) VALUES ( 253, 0.86695534, 'Tony bought new car. Tony is shopping. John is shopping. John bought new car. John bought new car. ', 109, NULL );
INSERT INTO reviews ( `ReviewID`, `Rating`, `Comments`, `ListingID`, `UserID` ) VALUES ( 254, 0.48397303, 'Tony bought new car. John is shopping. Tony bought new car. Tony has free time. ', 116, 22 );
INSERT INTO reviews ( `ReviewID`, `Rating`, `Comments`, `ListingID`, `UserID` ) VALUES ( 255, 4.9803114, 'Anne bought new car. Anne bought new car. John bought new car. Anne has free time. John is walking. ', 122, 49 );
INSERT INTO reviews ( `ReviewID`, `Rating`, `Comments`, `ListingID`, `UserID` ) VALUES ( 256, 2.0428736, 'Tony is shopping. Anne is shopping. John bought new car. John has free time. Tony bought new car. ', 210, NULL );
INSERT INTO reviews ( `ReviewID`, `Rating`, `Comments`, `ListingID`, `UserID` ) VALUES ( 257, 2.9099147, 'Anne is walking. Tony is shopping. John bought new car. Anne is shopping. John has free time. ', NULL, 31 );
INSERT INTO reviews ( `ReviewID`, `Rating`, `Comments`, `ListingID`, `UserID` ) VALUES ( 258, 0.22516, 'Anne has free time. John bought new car. Anne is walking. John has free time. John has free time. ', 131, NULL );
INSERT INTO reviews ( `ReviewID`, `Rating`, `Comments`, `ListingID`, `UserID` ) VALUES ( 259, 2.3280606, 'Anne bought new car. John is shopping. John is walking. Tony has free time. Anne has free time. ', 3, 97 );
INSERT INTO reviews ( `ReviewID`, `Rating`, `Comments`, `ListingID`, `UserID` ) VALUES ( 260, 4.199157, 'Tony has free time. Anne has free time. Anne is shopping. Tony has free time. John is walking. ', 208, 63 );
INSERT INTO reviews ( `ReviewID`, `Rating`, `Comments`, `ListingID`, `UserID` ) VALUES ( 261, 4.442101, 'Tony is walking. Anne bought new car. Anne bought new car. Anne has free time. ', 202, 59 );
INSERT INTO reviews ( `ReviewID`, `Rating`, `Comments`, `ListingID`, `UserID` ) VALUES ( 262, 3.8867583, 'Anne bought new car. Tony has free time. John bought new car. John has free time. Tony has free time. ', 172, 81 );
INSERT INTO reviews ( `ReviewID`, `Rating`, `Comments`, `ListingID`, `UserID` ) VALUES ( 263, 2.6054692, 'Tony has free time. Tony is shopping. John is walking. John has free time. ', 21, 34 );
INSERT INTO reviews ( `ReviewID`, `Rating`, `Comments`, `ListingID`, `UserID` ) VALUES ( 264, 4.636398, 'Tony bought new car. Tony is walking. Anne is shopping. Tony has free time. ', 90, NULL );
INSERT INTO reviews ( `ReviewID`, `Rating`, `Comments`, `ListingID`, `UserID` ) VALUES ( 265, 3.7047246, 'Anne has free time. John is shopping. ', 212, 86 );
INSERT INTO reviews ( `ReviewID`, `Rating`, `Comments`, `ListingID`, `UserID` ) VALUES ( 266, 1.8731987, 'Anne bought new car. John is walking. Tony bought new car. Tony has free time. Tony is shopping. ', 79, 12 );
INSERT INTO reviews ( `ReviewID`, `Rating`, `Comments`, `ListingID`, `UserID` ) VALUES ( 267, 1.3386747, 'Anne bought new car. John is shopping. Anne bought new car. John bought new car. Tony bought new car. ', 83, 78 );
INSERT INTO reviews ( `ReviewID`, `Rating`, `Comments`, `ListingID`, `UserID` ) VALUES ( 268, 0.2676957, 'Anne bought new car. John has free time. John bought new car. John has free time. Tony bought new car. ', NULL, 53 );
INSERT INTO reviews ( `ReviewID`, `Rating`, `Comments`, `ListingID`, `UserID` ) VALUES ( 269, 0.32973444, 'Anne is walking. Anne is walking. John bought new car. Tony bought new car. John bought new car. ', 53, 14 );
INSERT INTO reviews ( `ReviewID`, `Rating`, `Comments`, `ListingID`, `UserID` ) VALUES ( 270, 3.5412517, 'John bought new car. Anne is walking. ', 180, 5 );
INSERT INTO reviews ( `ReviewID`, `Rating`, `Comments`, `ListingID`, `UserID` ) VALUES ( 271, 2.6481235, 'Tony has free time. Tony is walking. Tony bought new car. Tony has free time. Tony has free time. ', 158, NULL );
INSERT INTO reviews ( `ReviewID`, `Rating`, `Comments`, `ListingID`, `UserID` ) VALUES ( 272, 4.4993186, 'John bought new car. John is walking. ', 223, 85 );
INSERT INTO reviews ( `ReviewID`, `Rating`, `Comments`, `ListingID`, `UserID` ) VALUES ( 273, 3.1449244, 'Anne has free time. Anne has free time. John is shopping. Anne has free time. ', NULL, NULL );
INSERT INTO reviews ( `ReviewID`, `Rating`, `Comments`, `ListingID`, `UserID` ) VALUES ( 274, 1.8146497, 'Tony bought new car. Tony is shopping. ', 52, 1 );
INSERT INTO reviews ( `ReviewID`, `Rating`, `Comments`, `ListingID`, `UserID` ) VALUES ( 275, 4.6548166, NULL, 41, 95 );
INSERT INTO reviews ( `ReviewID`, `Rating`, `Comments`, `ListingID`, `UserID` ) VALUES ( 276, 3.1828854, 'John bought new car. Anne bought new car. John bought new car. Tony has free time. Anne has free time. ', 117, 47 );
INSERT INTO reviews ( `ReviewID`, `Rating`, `Comments`, `ListingID`, `UserID` ) VALUES ( 277, 4.82925, 'Anne bought new car. Tony has free time. Tony has free time. Tony is shopping. Tony has free time. ', 156, 38 );
INSERT INTO reviews ( `ReviewID`, `Rating`, `Comments`, `ListingID`, `UserID` ) VALUES ( 278, 4.264395, 'Anne is walking. Anne is shopping. John bought new car. ', 79, 76 );
INSERT INTO reviews ( `ReviewID`, `Rating`, `Comments`, `ListingID`, `UserID` ) VALUES ( 279, 4.8490505, 'Tony bought new car. Tony is shopping. Tony bought new car. Anne bought new car. ', NULL, 63 );
INSERT INTO reviews ( `ReviewID`, `Rating`, `Comments`, `ListingID`, `UserID` ) VALUES ( 280, 4.142746, 'John bought new car. Anne bought new car. Tony is shopping. Anne has free time. Anne has free time. ', 151, 5 );
INSERT INTO reviews ( `ReviewID`, `Rating`, `Comments`, `ListingID`, `UserID` ) VALUES ( 281, 0.49538133, 'John bought new car. Anne has free time. John bought new car. John is walking. John has free time. ', NULL, 55 );
INSERT INTO reviews ( `ReviewID`, `Rating`, `Comments`, `ListingID`, `UserID` ) VALUES ( 282, 2.6302438, 'Anne is walking. John is shopping. John bought new car. Anne is shopping. John bought new car. ', 29, NULL );
INSERT INTO reviews ( `ReviewID`, `Rating`, `Comments`, `ListingID`, `UserID` ) VALUES ( 283, 3.878084, 'Anne bought new car. Tony is walking. Tony has free time. John is shopping. John bought new car. ', 127, 99 );
INSERT INTO reviews ( `ReviewID`, `Rating`, `Comments`, `ListingID`, `UserID` ) VALUES ( 284, 1.1547009, 'Anne is walking. John bought new car. John bought new car. Tony bought new car. ', 106, 39 );
INSERT INTO reviews ( `ReviewID`, `Rating`, `Comments`, `ListingID`, `UserID` ) VALUES ( 285, 0.035251215, NULL, 124, 26 );
INSERT INTO reviews ( `ReviewID`, `Rating`, `Comments`, `ListingID`, `UserID` ) VALUES ( 286, 1.7182277, 'Anne bought new car. Anne is shopping. Tony bought new car. Tony bought new car. John bought new car. ', 6, 34 );
INSERT INTO reviews ( `ReviewID`, `Rating`, `Comments`, `ListingID`, `UserID` ) VALUES ( 287, 0.687095, 'John bought new car. Anne has free time. Anne is walking. John has free time. Anne has free time. ', NULL, 80 );
INSERT INTO reviews ( `ReviewID`, `Rating`, `Comments`, `ListingID`, `UserID` ) VALUES ( 288, 1.3569343, 'Tony bought new car. John has free time. Anne has free time. ', 212, 23 );
INSERT INTO reviews ( `ReviewID`, `Rating`, `Comments`, `ListingID`, `UserID` ) VALUES ( 289, NULL, NULL, 124, 70 );
INSERT INTO reviews ( `ReviewID`, `Rating`, `Comments`, `ListingID`, `UserID` ) VALUES ( 290, 0.8882688, 'Tony bought new car. Anne is walking. ', 35, 39 );
INSERT INTO reviews ( `ReviewID`, `Rating`, `Comments`, `ListingID`, `UserID` ) VALUES ( 291, 0.4032635, 'Anne is shopping. Anne bought new car. Anne has free time. Anne is shopping. ', 75, 96 );
INSERT INTO reviews ( `ReviewID`, `Rating`, `Comments`, `ListingID`, `UserID` ) VALUES ( 292, 4.9777527, 'John bought new car. Anne has free time. John bought new car. John has free time. Anne is shopping. ', 192, NULL );
INSERT INTO reviews ( `ReviewID`, `Rating`, `Comments`, `ListingID`, `UserID` ) VALUES ( 293, 4.248191, 'John has free time. Anne has free time. ', 103, 34 );
INSERT INTO reviews ( `ReviewID`, `Rating`, `Comments`, `ListingID`, `UserID` ) VALUES ( 294, NULL, 'John bought new car. Anne bought new car. Tony has free time. John is shopping. Tony is shopping. ', 192, NULL );
INSERT INTO reviews ( `ReviewID`, `Rating`, `Comments`, `ListingID`, `UserID` ) VALUES ( 295, 2.825741, 'Tony has free time. John is shopping. John bought new car. John has free time. John is shopping. ', 59, 89 );
INSERT INTO reviews ( `ReviewID`, `Rating`, `Comments`, `ListingID`, `UserID` ) VALUES ( 296, 4.591885, 'John is walking. Anne bought new car. Tony bought new car. Anne is walking. John is shopping. ', 134, 18 );
INSERT INTO reviews ( `ReviewID`, `Rating`, `Comments`, `ListingID`, `UserID` ) VALUES ( 297, 1.6925747, 'Anne has free time. Anne has free time. John has free time. John has free time. Anne has free time. ', 59, 70 );
INSERT INTO reviews ( `ReviewID`, `Rating`, `Comments`, `ListingID`, `UserID` ) VALUES ( 298, 4.707069, 'Anne bought new car. Anne is shopping. John has free time. John has free time. Anne is walking. ', 6, 95 );
INSERT INTO reviews ( `ReviewID`, `Rating`, `Comments`, `ListingID`, `UserID` ) VALUES ( 299, 2.5984988, NULL, 55, 24 );
INSERT INTO reviews ( `ReviewID`, `Rating`, `Comments`, `ListingID`, `UserID` ) VALUES ( 300, 2.44118, NULL, 117, 89 );
INSERT INTO reviews ( `ReviewID`, `Rating`, `Comments`, `ListingID`, `UserID` ) VALUES ( 301, 1.3956183, 'Anne bought new car. Anne is shopping. Tony bought new car. John has free time. Anne is shopping. ', NULL, 64 );
INSERT INTO reviews ( `ReviewID`, `Rating`, `Comments`, `ListingID`, `UserID` ) VALUES ( 302, 0.3487076, 'Anne bought new car. Anne has free time. John has free time. ', 112, 29 );
INSERT INTO reviews ( `ReviewID`, `Rating`, `Comments`, `ListingID`, `UserID` ) VALUES ( 303, 2.9618385, 'Anne bought new car. John is walking. Tony bought new car. John is walking. Anne has free time. ', 168, 79 );
INSERT INTO reviews ( `ReviewID`, `Rating`, `Comments`, `ListingID`, `UserID` ) VALUES ( 304, 2.44186, NULL, 72, 60 );
INSERT INTO reviews ( `ReviewID`, `Rating`, `Comments`, `ListingID`, `UserID` ) VALUES ( 305, 2.4343457, 'Tony bought new car. Tony is walking. ', 80, 79 );
INSERT INTO reviews ( `ReviewID`, `Rating`, `Comments`, `ListingID`, `UserID` ) VALUES ( 306, 0.6383743, 'Anne bought new car. Anne has free time. Tony has free time. Anne has free time. John is walking. ', 189, 11 );
INSERT INTO reviews ( `ReviewID`, `Rating`, `Comments`, `ListingID`, `UserID` ) VALUES ( 307, 3.838654, 'Tony is shopping. Tony is walking. John bought new car. ', 50, 35 );
INSERT INTO reviews ( `ReviewID`, `Rating`, `Comments`, `ListingID`, `UserID` ) VALUES ( 308, 1.3959863, 'Anne bought new car. Anne has free time. John bought new car. Tony bought new car. John bought new car. ', 169, 78 );
INSERT INTO reviews ( `ReviewID`, `Rating`, `Comments`, `ListingID`, `UserID` ) VALUES ( 309, 0.7377723, 'John bought new car. John has free time. ', 200, 17 );
INSERT INTO reviews ( `ReviewID`, `Rating`, `Comments`, `ListingID`, `UserID` ) VALUES ( 310, 2.0036619, 'Anne has free time. Anne has free time. Tony bought new car. Tony has free time. ', 159, 0 );
INSERT INTO reviews ( `ReviewID`, `Rating`, `Comments`, `ListingID`, `UserID` ) VALUES ( 311, 4.796038, NULL, 196, 0 );
INSERT INTO reviews ( `ReviewID`, `Rating`, `Comments`, `ListingID`, `UserID` ) VALUES ( 312, NULL, 'Anne has free time. Tony bought new car. Anne has free time. Tony has free time. Anne bought new car. ', 96, 3 );
INSERT INTO reviews ( `ReviewID`, `Rating`, `Comments`, `ListingID`, `UserID` ) VALUES ( 313, NULL, 'Tony is walking. Tony is shopping. John is walking. ', 170, 79 );
INSERT INTO reviews ( `ReviewID`, `Rating`, `Comments`, `ListingID`, `UserID` ) VALUES ( 314, 3.1297808, 'Anne bought new car. Anne bought new car. Tony has free time. Tony is walking. Tony is shopping. ', 92, 10 );
INSERT INTO reviews ( `ReviewID`, `Rating`, `Comments`, `ListingID`, `UserID` ) VALUES ( 315, 3.0841322, NULL, 167, 55 );
INSERT INTO reviews ( `ReviewID`, `Rating`, `Comments`, `ListingID`, `UserID` ) VALUES ( 316, 4.831273, NULL, 134, 6 );
INSERT INTO reviews ( `ReviewID`, `Rating`, `Comments`, `ListingID`, `UserID` ) VALUES ( 317, 0.98185587, 'Anne bought new car. Anne has free time. ', 126, 72 );
INSERT INTO reviews ( `ReviewID`, `Rating`, `Comments`, `ListingID`, `UserID` ) VALUES ( 318, 2.0610538, 'Tony is walking. John is shopping. Anne bought new car. Tony bought new car. Tony has free time. ', 146, 29 );
INSERT INTO reviews ( `ReviewID`, `Rating`, `Comments`, `ListingID`, `UserID` ) VALUES ( 319, 1.423471, 'Anne bought new car. Anne has free time. Tony has free time. Tony has free time. Tony has free time. ', 78, 10 );
INSERT INTO reviews ( `ReviewID`, `Rating`, `Comments`, `ListingID`, `UserID` ) VALUES ( 320, NULL, 'Tony has free time. John is walking. ', 162, 37 );
INSERT INTO reviews ( `ReviewID`, `Rating`, `Comments`, `ListingID`, `UserID` ) VALUES ( 321, 0.46058014, 'Tony bought new car. Tony has free time. Anne is shopping. John has free time. John is walking. ', 50, 81 );
INSERT INTO reviews ( `ReviewID`, `Rating`, `Comments`, `ListingID`, `UserID` ) VALUES ( 322, 0.5307718, 'Anne bought new car. John has free time. Tony has free time. John bought new car. Tony has free time. ', 217, NULL );
INSERT INTO reviews ( `ReviewID`, `Rating`, `Comments`, `ListingID`, `UserID` ) VALUES ( 323, 4.1993093, 'Anne is walking. Tony is walking. John bought new car. Anne is walking. John bought new car. ', 191, 47 );
INSERT INTO reviews ( `ReviewID`, `Rating`, `Comments`, `ListingID`, `UserID` ) VALUES ( 324, NULL, 'Tony bought new car. Tony bought new car. John bought new car. ', 135, 84 );
INSERT INTO reviews ( `ReviewID`, `Rating`, `Comments`, `ListingID`, `UserID` ) VALUES ( 325, 3.7367344, 'Anne is shopping. Anne is shopping. Tony is shopping. Anne has free time. John has free time. ', 35, 52 );
INSERT INTO reviews ( `ReviewID`, `Rating`, `Comments`, `ListingID`, `UserID` ) VALUES ( 326, 2.7249913, 'Anne has free time. Anne bought new car. John bought new car. Tony has free time. Anne is walking. ', 7, 23 );
INSERT INTO reviews ( `ReviewID`, `Rating`, `Comments`, `ListingID`, `UserID` ) VALUES ( 327, 0.22094421, 'John bought new car. John is walking. John bought new car. Tony is walking. John bought new car. ', 215, NULL );
INSERT INTO reviews ( `ReviewID`, `Rating`, `Comments`, `ListingID`, `UserID` ) VALUES ( 328, 0.22203313, NULL, NULL, 13 );
INSERT INTO reviews ( `ReviewID`, `Rating`, `Comments`, `ListingID`, `UserID` ) VALUES ( 329, 3.6152802, 'Tony bought new car. Tony is walking. John bought new car. ', 11, 50 );
INSERT INTO reviews ( `ReviewID`, `Rating`, `Comments`, `ListingID`, `UserID` ) VALUES ( 330, 1.7887474, 'Anne has free time. John is walking. John is shopping. John has free time. Tony has free time. ', 56, 58 );
INSERT INTO reviews ( `ReviewID`, `Rating`, `Comments`, `ListingID`, `UserID` ) VALUES ( 331, 4.113695, 'Anne has free time. Anne is shopping. Tony bought new car. Tony has free time. John has free time. ', NULL, 84 );
INSERT INTO reviews ( `ReviewID`, `Rating`, `Comments`, `ListingID`, `UserID` ) VALUES ( 332, 3.5361927, 'Tony is walking. Tony has free time. ', NULL, 88 );
INSERT INTO reviews ( `ReviewID`, `Rating`, `Comments`, `ListingID`, `UserID` ) VALUES ( 333, 0.32923716, 'Tony is shopping. Anne is walking. ', 83, 46 );
INSERT INTO reviews ( `ReviewID`, `Rating`, `Comments`, `ListingID`, `UserID` ) VALUES ( 334, 4.0132556, 'Anne is shopping. Anne is walking. John bought new car. ', 39, 29 );
INSERT INTO reviews ( `ReviewID`, `Rating`, `Comments`, `ListingID`, `UserID` ) VALUES ( 335, 1.0185753, 'Tony bought new car. Tony bought new car. John bought new car. Anne has free time. ', 164, 86 );
INSERT INTO reviews ( `ReviewID`, `Rating`, `Comments`, `ListingID`, `UserID` ) VALUES ( 336, 1.352172, 'Anne is shopping. Tony has free time. John is walking. Anne is walking. Tony has free time. ', 172, 55 );
INSERT INTO booking ( `BookingID`, `CheckInDate`, `CheckOutDate`, `Guests`, `GuestUserID`, `ListingID` ) VALUES ( 0, '2002-01-03', '2005-11-13', 11, 90, 39 );
INSERT INTO booking ( `BookingID`, `CheckInDate`, `CheckOutDate`, `Guests`, `GuestUserID`, `ListingID` ) VALUES ( 1, '2008-02-24', '2000-01-31', 1, 81, NULL );
INSERT INTO booking ( `BookingID`, `CheckInDate`, `CheckOutDate`, `Guests`, `GuestUserID`, `ListingID` ) VALUES ( 2, '2000-09-21', '2017-02-03', 11, 21, 110 );
INSERT INTO booking ( `BookingID`, `CheckInDate`, `CheckOutDate`, `Guests`, `GuestUserID`, `ListingID` ) VALUES ( 3, '2013-03-06', '2000-08-31', 13, 28, 103 );
INSERT INTO booking ( `BookingID`, `CheckInDate`, `CheckOutDate`, `Guests`, `GuestUserID`, `ListingID` ) VALUES ( 4, '2014-03-19', '2018-06-18', 1, NULL, 100 );
INSERT INTO booking ( `BookingID`, `CheckInDate`, `CheckOutDate`, `Guests`, `GuestUserID`, `ListingID` ) VALUES ( 5, NULL, '2009-01-21', 16, 2, 156 );
INSERT INTO booking ( `BookingID`, `CheckInDate`, `CheckOutDate`, `Guests`, `GuestUserID`, `ListingID` ) VALUES ( 6, '2019-04-10', '2010-05-26', 17, 69, 62 );
INSERT INTO booking ( `BookingID`, `CheckInDate`, `CheckOutDate`, `Guests`, `GuestUserID`, `ListingID` ) VALUES ( 7, '2018-10-18', NULL, 18, 80, 170 );
INSERT INTO booking ( `BookingID`, `CheckInDate`, `CheckOutDate`, `Guests`, `GuestUserID`, `ListingID` ) VALUES ( 8, '2018-12-11', '2014-11-11', 0, 15, 49 );
INSERT INTO booking ( `BookingID`, `CheckInDate`, `CheckOutDate`, `Guests`, `GuestUserID`, `ListingID` ) VALUES ( 9, '2018-09-28', '2018-12-28', 19, 92, 207 );
INSERT INTO booking ( `BookingID`, `CheckInDate`, `CheckOutDate`, `Guests`, `GuestUserID`, `ListingID` ) VALUES ( 10, '2007-12-11', '2000-08-10', 10, 76, 199 );
INSERT INTO booking ( `BookingID`, `CheckInDate`, `CheckOutDate`, `Guests`, `GuestUserID`, `ListingID` ) VALUES ( 11, '2006-12-13', '2013-10-31', 1, 0, 49 );
INSERT INTO booking ( `BookingID`, `CheckInDate`, `CheckOutDate`, `Guests`, `GuestUserID`, `ListingID` ) VALUES ( 12, '2005-11-18', '2017-01-12', 8, 73, 198 );
INSERT INTO booking ( `BookingID`, `CheckInDate`, `CheckOutDate`, `Guests`, `GuestUserID`, `ListingID` ) VALUES ( 13, '2010-02-16', '2001-02-18', NULL, 95, NULL );
INSERT INTO booking ( `BookingID`, `CheckInDate`, `CheckOutDate`, `Guests`, `GuestUserID`, `ListingID` ) VALUES ( 14, '2002-04-27', '2008-03-01', 18, 82, 71 );
INSERT INTO booking ( `BookingID`, `CheckInDate`, `CheckOutDate`, `Guests`, `GuestUserID`, `ListingID` ) VALUES ( 15, '2015-05-30', '2007-01-18', 9, 18, 148 );
INSERT INTO booking ( `BookingID`, `CheckInDate`, `CheckOutDate`, `Guests`, `GuestUserID`, `ListingID` ) VALUES ( 16, '2013-03-13', '2019-11-15', 2, 32, 149 );
INSERT INTO booking ( `BookingID`, `CheckInDate`, `CheckOutDate`, `Guests`, `GuestUserID`, `ListingID` ) VALUES ( 17, NULL, '2011-03-29', 10, 75, 44 );
INSERT INTO booking ( `BookingID`, `CheckInDate`, `CheckOutDate`, `Guests`, `GuestUserID`, `ListingID` ) VALUES ( 18, '2015-03-27', '2009-07-09', 7, 28, 149 );
INSERT INTO booking ( `BookingID`, `CheckInDate`, `CheckOutDate`, `Guests`, `GuestUserID`, `ListingID` ) VALUES ( 19, '2012-06-24', '2000-12-26', 13, 23, 13 );
INSERT INTO booking ( `BookingID`, `CheckInDate`, `CheckOutDate`, `Guests`, `GuestUserID`, `ListingID` ) VALUES ( 20, '2017-08-02', '2011-08-24', 1, 80, 110 );
INSERT INTO booking ( `BookingID`, `CheckInDate`, `CheckOutDate`, `Guests`, `GuestUserID`, `ListingID` ) VALUES ( 21, '2009-01-01', '2017-01-09', 5, 75, 112 );
INSERT INTO booking ( `BookingID`, `CheckInDate`, `CheckOutDate`, `Guests`, `GuestUserID`, `ListingID` ) VALUES ( 22, '2000-02-05', '2004-07-28', 8, 78, NULL );
INSERT INTO booking ( `BookingID`, `CheckInDate`, `CheckOutDate`, `Guests`, `GuestUserID`, `ListingID` ) VALUES ( 23, NULL, '2003-01-24', 14, 89, 9 );
INSERT INTO booking ( `BookingID`, `CheckInDate`, `CheckOutDate`, `Guests`, `GuestUserID`, `ListingID` ) VALUES ( 24, '2010-06-18', '2019-04-12', 4, 52, 153 );
INSERT INTO booking ( `BookingID`, `CheckInDate`, `CheckOutDate`, `Guests`, `GuestUserID`, `ListingID` ) VALUES ( 25, NULL, '2004-08-26', 9, 5, 101 );
INSERT INTO booking ( `BookingID`, `CheckInDate`, `CheckOutDate`, `Guests`, `GuestUserID`, `ListingID` ) VALUES ( 26, '2014-02-06', '2012-05-01', 7, 34, 79 );
INSERT INTO booking ( `BookingID`, `CheckInDate`, `CheckOutDate`, `Guests`, `GuestUserID`, `ListingID` ) VALUES ( 27, '2005-07-02', NULL, 10, 48, 67 );
INSERT INTO booking ( `BookingID`, `CheckInDate`, `CheckOutDate`, `Guests`, `GuestUserID`, `ListingID` ) VALUES ( 28, '2001-07-04', '2014-08-28', 10, 90, 28 );
INSERT INTO booking ( `BookingID`, `CheckInDate`, `CheckOutDate`, `Guests`, `GuestUserID`, `ListingID` ) VALUES ( 29, '2012-03-18', '2014-07-27', 6, 57, 78 );
INSERT INTO booking ( `BookingID`, `CheckInDate`, `CheckOutDate`, `Guests`, `GuestUserID`, `ListingID` ) VALUES ( 30, '2019-02-05', '2000-03-12', 5, 55, 155 );
INSERT INTO booking ( `BookingID`, `CheckInDate`, `CheckOutDate`, `Guests`, `GuestUserID`, `ListingID` ) VALUES ( 31, '2005-06-25', '2010-10-21', 17, 57, 45 );
INSERT INTO booking ( `BookingID`, `CheckInDate`, `CheckOutDate`, `Guests`, `GuestUserID`, `ListingID` ) VALUES ( 32, '2003-10-21', '2000-03-18', 18, 89, 7 );
INSERT INTO booking ( `BookingID`, `CheckInDate`, `CheckOutDate`, `Guests`, `GuestUserID`, `ListingID` ) VALUES ( 33, '2000-01-10', '2016-07-07', 4, 21, 43 );
INSERT INTO booking ( `BookingID`, `CheckInDate`, `CheckOutDate`, `Guests`, `GuestUserID`, `ListingID` ) VALUES ( 34, NULL, '2002-02-05', NULL, 32, 52 );
INSERT INTO booking ( `BookingID`, `CheckInDate`, `CheckOutDate`, `Guests`, `GuestUserID`, `ListingID` ) VALUES ( 35, '2003-03-22', NULL, 2, 14, 8 );
INSERT INTO booking ( `BookingID`, `CheckInDate`, `CheckOutDate`, `Guests`, `GuestUserID`, `ListingID` ) VALUES ( 36, '2003-07-24', '2018-08-27', 4, 68, 153 );
INSERT INTO booking ( `BookingID`, `CheckInDate`, `CheckOutDate`, `Guests`, `GuestUserID`, `ListingID` ) VALUES ( 37, '2010-10-22', '2005-05-03', 5, 93, 131 );
INSERT INTO booking ( `BookingID`, `CheckInDate`, `CheckOutDate`, `Guests`, `GuestUserID`, `ListingID` ) VALUES ( 38, '2019-06-23', '2011-02-01', 8, 56, 187 );
INSERT INTO booking ( `BookingID`, `CheckInDate`, `CheckOutDate`, `Guests`, `GuestUserID`, `ListingID` ) VALUES ( 39, '2004-11-27', NULL, 1, 29, 138 );
INSERT INTO booking ( `BookingID`, `CheckInDate`, `CheckOutDate`, `Guests`, `GuestUserID`, `ListingID` ) VALUES ( 40, '2007-11-21', '2002-07-24', 13, 81, 146 );
INSERT INTO booking ( `BookingID`, `CheckInDate`, `CheckOutDate`, `Guests`, `GuestUserID`, `ListingID` ) VALUES ( 41, '2004-05-08', '2019-09-06', 9, 33, 61 );
INSERT INTO booking ( `BookingID`, `CheckInDate`, `CheckOutDate`, `Guests`, `GuestUserID`, `ListingID` ) VALUES ( 42, '2008-08-21', NULL, 5, 72, 158 );
INSERT INTO booking ( `BookingID`, `CheckInDate`, `CheckOutDate`, `Guests`, `GuestUserID`, `ListingID` ) VALUES ( 43, '2004-08-30', '2002-08-14', NULL, 61, 224 );
INSERT INTO booking ( `BookingID`, `CheckInDate`, `CheckOutDate`, `Guests`, `GuestUserID`, `ListingID` ) VALUES ( 44, '2017-10-18', '2001-02-27', 5, 71, 107 );
INSERT INTO booking ( `BookingID`, `CheckInDate`, `CheckOutDate`, `Guests`, `GuestUserID`, `ListingID` ) VALUES ( 45, '2000-10-07', '2009-03-16', 15, 5, 20 );
INSERT INTO booking ( `BookingID`, `CheckInDate`, `CheckOutDate`, `Guests`, `GuestUserID`, `ListingID` ) VALUES ( 46, '2011-11-06', '2009-05-11', 2, 45, 193 );
INSERT INTO booking ( `BookingID`, `CheckInDate`, `CheckOutDate`, `Guests`, `GuestUserID`, `ListingID` ) VALUES ( 47, '2013-02-07', '2005-01-22', 7, 53, 126 );
INSERT INTO booking ( `BookingID`, `CheckInDate`, `CheckOutDate`, `Guests`, `GuestUserID`, `ListingID` ) VALUES ( 48, '2002-05-25', '2015-10-15', 12, 62, 110 );
INSERT INTO booking ( `BookingID`, `CheckInDate`, `CheckOutDate`, `Guests`, `GuestUserID`, `ListingID` ) VALUES ( 49, '2013-01-18', '2015-06-09', 17, NULL, 188 );
INSERT INTO booking ( `BookingID`, `CheckInDate`, `CheckOutDate`, `Guests`, `GuestUserID`, `ListingID` ) VALUES ( 50, '2019-09-08', '2006-11-27', 6, 99, NULL );
INSERT INTO booking ( `BookingID`, `CheckInDate`, `CheckOutDate`, `Guests`, `GuestUserID`, `ListingID` ) VALUES ( 51, '2004-02-19', '2014-06-29', NULL, 30, 127 );
INSERT INTO booking ( `BookingID`, `CheckInDate`, `CheckOutDate`, `Guests`, `GuestUserID`, `ListingID` ) VALUES ( 52, '2007-06-29', '2017-09-08', 6, 32, NULL );
INSERT INTO booking ( `BookingID`, `CheckInDate`, `CheckOutDate`, `Guests`, `GuestUserID`, `ListingID` ) VALUES ( 53, '2009-04-07', '2008-06-13', NULL, 85, 41 );
INSERT INTO booking ( `BookingID`, `CheckInDate`, `CheckOutDate`, `Guests`, `GuestUserID`, `ListingID` ) VALUES ( 54, '2006-09-03', '2003-05-17', 19, 35, 199 );
INSERT INTO booking ( `BookingID`, `CheckInDate`, `CheckOutDate`, `Guests`, `GuestUserID`, `ListingID` ) VALUES ( 55, '2008-11-11', '2003-02-15', 16, 89, 35 );
INSERT INTO booking ( `BookingID`, `CheckInDate`, `CheckOutDate`, `Guests`, `GuestUserID`, `ListingID` ) VALUES ( 56, NULL, '2003-06-27', 7, 47, 212 );
INSERT INTO booking ( `BookingID`, `CheckInDate`, `CheckOutDate`, `Guests`, `GuestUserID`, `ListingID` ) VALUES ( 57, '2003-09-02', '2011-04-08', 1, 32, 130 );
INSERT INTO booking ( `BookingID`, `CheckInDate`, `CheckOutDate`, `Guests`, `GuestUserID`, `ListingID` ) VALUES ( 58, '2012-09-26', '2001-12-11', 9, 41, NULL );
INSERT INTO booking ( `BookingID`, `CheckInDate`, `CheckOutDate`, `Guests`, `GuestUserID`, `ListingID` ) VALUES ( 59, '2005-07-23', '2003-03-23', NULL, 62, NULL );
INSERT INTO booking ( `BookingID`, `CheckInDate`, `CheckOutDate`, `Guests`, `GuestUserID`, `ListingID` ) VALUES ( 60, '2006-10-26', '2012-09-05', NULL, 3, 129 );
INSERT INTO booking ( `BookingID`, `CheckInDate`, `CheckOutDate`, `Guests`, `GuestUserID`, `ListingID` ) VALUES ( 61, '2005-04-25', '2010-07-23', 9, 97, 1 );
INSERT INTO booking ( `BookingID`, `CheckInDate`, `CheckOutDate`, `Guests`, `GuestUserID`, `ListingID` ) VALUES ( 62, '2002-05-02', '2000-07-28', 12, NULL, 174 );
INSERT INTO booking ( `BookingID`, `CheckInDate`, `CheckOutDate`, `Guests`, `GuestUserID`, `ListingID` ) VALUES ( 63, '2002-09-26', '2011-02-18', 9, 83, NULL );
INSERT INTO booking ( `BookingID`, `CheckInDate`, `CheckOutDate`, `Guests`, `GuestUserID`, `ListingID` ) VALUES ( 64, '2010-12-03', '2011-12-13', 13, 43, 207 );
INSERT INTO booking ( `BookingID`, `CheckInDate`, `CheckOutDate`, `Guests`, `GuestUserID`, `ListingID` ) VALUES ( 65, '2009-11-22', '2009-10-07', 8, NULL, 25 );
INSERT INTO booking ( `BookingID`, `CheckInDate`, `CheckOutDate`, `Guests`, `GuestUserID`, `ListingID` ) VALUES ( 66, '2000-04-22', '2018-02-08', 16, 47, 73 );
INSERT INTO booking ( `BookingID`, `CheckInDate`, `CheckOutDate`, `Guests`, `GuestUserID`, `ListingID` ) VALUES ( 67, '2007-03-07', '2000-10-26', 14, 68, 101 );
INSERT INTO booking ( `BookingID`, `CheckInDate`, `CheckOutDate`, `Guests`, `GuestUserID`, `ListingID` ) VALUES ( 68, '2004-11-06', '2009-03-18', 7, 79, 115 );
INSERT INTO booking ( `BookingID`, `CheckInDate`, `CheckOutDate`, `Guests`, `GuestUserID`, `ListingID` ) VALUES ( 69, '2016-01-09', '2007-11-22', 8, 30, NULL );
INSERT INTO booking ( `BookingID`, `CheckInDate`, `CheckOutDate`, `Guests`, `GuestUserID`, `ListingID` ) VALUES ( 70, '2002-03-13', '2016-01-02', 14, 37, 75 );
INSERT INTO booking ( `BookingID`, `CheckInDate`, `CheckOutDate`, `Guests`, `GuestUserID`, `ListingID` ) VALUES ( 71, '2010-05-17', '2006-08-03', 1, 41, 173 );
INSERT INTO booking ( `BookingID`, `CheckInDate`, `CheckOutDate`, `Guests`, `GuestUserID`, `ListingID` ) VALUES ( 72, '2010-07-14', '2013-03-23', 15, 31, 218 );
INSERT INTO booking ( `BookingID`, `CheckInDate`, `CheckOutDate`, `Guests`, `GuestUserID`, `ListingID` ) VALUES ( 73, '2007-03-15', '2014-08-26', 15, 40, 15 );
INSERT INTO booking ( `BookingID`, `CheckInDate`, `CheckOutDate`, `Guests`, `GuestUserID`, `ListingID` ) VALUES ( 74, '2008-11-06', '2014-02-06', 7, 78, 18 );
INSERT INTO booking ( `BookingID`, `CheckInDate`, `CheckOutDate`, `Guests`, `GuestUserID`, `ListingID` ) VALUES ( 75, '2013-12-28', '2010-08-18', 3, NULL, 187 );
INSERT INTO booking ( `BookingID`, `CheckInDate`, `CheckOutDate`, `Guests`, `GuestUserID`, `ListingID` ) VALUES ( 76, '2003-06-27', '2000-01-08', 2, 44, NULL );
INSERT INTO booking ( `BookingID`, `CheckInDate`, `CheckOutDate`, `Guests`, `GuestUserID`, `ListingID` ) VALUES ( 77, '2013-12-28', '2018-12-29', 7, 1, 109 );
INSERT INTO booking ( `BookingID`, `CheckInDate`, `CheckOutDate`, `Guests`, `GuestUserID`, `ListingID` ) VALUES ( 78, '2018-07-31', '2007-03-15', 13, 24, 94 );
INSERT INTO booking ( `BookingID`, `CheckInDate`, `CheckOutDate`, `Guests`, `GuestUserID`, `ListingID` ) VALUES ( 79, '2014-10-12', '2012-08-04', 5, 4, 104 );
INSERT INTO booking ( `BookingID`, `CheckInDate`, `CheckOutDate`, `Guests`, `GuestUserID`, `ListingID` ) VALUES ( 80, '2001-10-20', '2003-07-24', 5, 14, NULL );
INSERT INTO booking ( `BookingID`, `CheckInDate`, `CheckOutDate`, `Guests`, `GuestUserID`, `ListingID` ) VALUES ( 81, '2008-09-30', NULL, NULL, 78, 13 );
INSERT INTO booking ( `BookingID`, `CheckInDate`, `CheckOutDate`, `Guests`, `GuestUserID`, `ListingID` ) VALUES ( 82, '2006-06-01', '2007-06-02', 2, 10, 25 );
INSERT INTO booking ( `BookingID`, `CheckInDate`, `CheckOutDate`, `Guests`, `GuestUserID`, `ListingID` ) VALUES ( 83, NULL, '2018-05-17', 9, 97, 182 );
INSERT INTO booking ( `BookingID`, `CheckInDate`, `CheckOutDate`, `Guests`, `GuestUserID`, `ListingID` ) VALUES ( 84, '2012-08-15', '2008-09-06', 16, 67, 37 );
INSERT INTO booking ( `BookingID`, `CheckInDate`, `CheckOutDate`, `Guests`, `GuestUserID`, `ListingID` ) VALUES ( 85, '2004-02-28', '2014-11-27', NULL, NULL, 181 );
INSERT INTO booking ( `BookingID`, `CheckInDate`, `CheckOutDate`, `Guests`, `GuestUserID`, `ListingID` ) VALUES ( 86, '2017-08-10', '2019-07-05', 1, 63, 171 );
INSERT INTO booking ( `BookingID`, `CheckInDate`, `CheckOutDate`, `Guests`, `GuestUserID`, `ListingID` ) VALUES ( 87, '2014-02-20', '2016-11-17', 14, 77, 187 );
INSERT INTO booking ( `BookingID`, `CheckInDate`, `CheckOutDate`, `Guests`, `GuestUserID`, `ListingID` ) VALUES ( 88, '2014-06-20', '2018-06-19', 9, 93, 81 );
INSERT INTO booking ( `BookingID`, `CheckInDate`, `CheckOutDate`, `Guests`, `GuestUserID`, `ListingID` ) VALUES ( 89, '2010-03-10', '2007-12-04', 19, 71, 26 );
INSERT INTO booking ( `BookingID`, `CheckInDate`, `CheckOutDate`, `Guests`, `GuestUserID`, `ListingID` ) VALUES ( 90, NULL, NULL, 4, 33, 60 );
INSERT INTO booking ( `BookingID`, `CheckInDate`, `CheckOutDate`, `Guests`, `GuestUserID`, `ListingID` ) VALUES ( 91, '2002-10-16', '2012-05-05', 19, 24, 32 );
INSERT INTO booking ( `BookingID`, `CheckInDate`, `CheckOutDate`, `Guests`, `GuestUserID`, `ListingID` ) VALUES ( 92, '2011-12-07', '2003-06-22', 18, 88, 207 );
INSERT INTO booking ( `BookingID`, `CheckInDate`, `CheckOutDate`, `Guests`, `GuestUserID`, `ListingID` ) VALUES ( 93, '2018-12-11', NULL, 13, 10, 120 );
INSERT INTO booking ( `BookingID`, `CheckInDate`, `CheckOutDate`, `Guests`, `GuestUserID`, `ListingID` ) VALUES ( 94, '2010-03-10', '2018-05-16', 1, 80, 95 );
INSERT INTO booking ( `BookingID`, `CheckInDate`, `CheckOutDate`, `Guests`, `GuestUserID`, `ListingID` ) VALUES ( 95, '2013-01-31', '2010-02-28', 16, 52, 100 );
INSERT INTO booking ( `BookingID`, `CheckInDate`, `CheckOutDate`, `Guests`, `GuestUserID`, `ListingID` ) VALUES ( 96, '2014-02-26', '2017-11-26', 0, NULL, 114 );
INSERT INTO booking ( `BookingID`, `CheckInDate`, `CheckOutDate`, `Guests`, `GuestUserID`, `ListingID` ) VALUES ( 97, '2005-04-26', '2002-02-24', 4, 67, 132 );
INSERT INTO booking ( `BookingID`, `CheckInDate`, `CheckOutDate`, `Guests`, `GuestUserID`, `ListingID` ) VALUES ( 98, NULL, '2006-05-18', 0, 33, 218 );
INSERT INTO booking ( `BookingID`, `CheckInDate`, `CheckOutDate`, `Guests`, `GuestUserID`, `ListingID` ) VALUES ( 99, NULL, '2015-01-03', 2, 17, 194 );
INSERT INTO booking ( `BookingID`, `CheckInDate`, `CheckOutDate`, `Guests`, `GuestUserID`, `ListingID` ) VALUES ( 100, '2011-10-26', '2007-11-11', 9, 87, 204 );
INSERT INTO booking ( `BookingID`, `CheckInDate`, `CheckOutDate`, `Guests`, `GuestUserID`, `ListingID` ) VALUES ( 101, NULL, '2011-06-05', 14, 77, NULL );
INSERT INTO booking ( `BookingID`, `CheckInDate`, `CheckOutDate`, `Guests`, `GuestUserID`, `ListingID` ) VALUES ( 102, '2011-10-30', '2019-02-14', 1, 73, 31 );
INSERT INTO booking ( `BookingID`, `CheckInDate`, `CheckOutDate`, `Guests`, `GuestUserID`, `ListingID` ) VALUES ( 103, '2001-06-17', '2000-10-17', 9, 62, 179 );
INSERT INTO booking ( `BookingID`, `CheckInDate`, `CheckOutDate`, `Guests`, `GuestUserID`, `ListingID` ) VALUES ( 104, '2001-06-24', '2017-01-06', 14, 68, 74 );
INSERT INTO booking ( `BookingID`, `CheckInDate`, `CheckOutDate`, `Guests`, `GuestUserID`, `ListingID` ) VALUES ( 105, '2013-08-06', '2019-01-06', 2, 30, 135 );
INSERT INTO booking ( `BookingID`, `CheckInDate`, `CheckOutDate`, `Guests`, `GuestUserID`, `ListingID` ) VALUES ( 106, '2005-08-07', '2006-10-04', 19, 43, 157 );
INSERT INTO booking ( `BookingID`, `CheckInDate`, `CheckOutDate`, `Guests`, `GuestUserID`, `ListingID` ) VALUES ( 107, '2012-01-30', '2001-11-18', 6, 38, 125 );
INSERT INTO booking ( `BookingID`, `CheckInDate`, `CheckOutDate`, `Guests`, `GuestUserID`, `ListingID` ) VALUES ( 108, '2016-12-28', '2014-11-14', 1, 29, 204 );
INSERT INTO booking ( `BookingID`, `CheckInDate`, `CheckOutDate`, `Guests`, `GuestUserID`, `ListingID` ) VALUES ( 109, '2007-01-28', '2016-01-03', 14, 93, 164 );
INSERT INTO booking ( `BookingID`, `CheckInDate`, `CheckOutDate`, `Guests`, `GuestUserID`, `ListingID` ) VALUES ( 110, '2011-12-22', '2003-09-06', 12, 68, 222 );
INSERT INTO booking ( `BookingID`, `CheckInDate`, `CheckOutDate`, `Guests`, `GuestUserID`, `ListingID` ) VALUES ( 111, '2005-11-03', NULL, 15, 27, 36 );
INSERT INTO booking ( `BookingID`, `CheckInDate`, `CheckOutDate`, `Guests`, `GuestUserID`, `ListingID` ) VALUES ( 112, NULL, '2004-05-02', NULL, 52, 29 );
INSERT INTO booking ( `BookingID`, `CheckInDate`, `CheckOutDate`, `Guests`, `GuestUserID`, `ListingID` ) VALUES ( 113, '2016-07-07', '2006-05-31', 17, 76, 45 );
INSERT INTO booking ( `BookingID`, `CheckInDate`, `CheckOutDate`, `Guests`, `GuestUserID`, `ListingID` ) VALUES ( 114, '2010-10-18', NULL, 9, 58, 94 );
INSERT INTO booking ( `BookingID`, `CheckInDate`, `CheckOutDate`, `Guests`, `GuestUserID`, `ListingID` ) VALUES ( 115, '2012-11-01', '2001-04-15', 15, 90, 186 );
INSERT INTO booking ( `BookingID`, `CheckInDate`, `CheckOutDate`, `Guests`, `GuestUserID`, `ListingID` ) VALUES ( 116, '2019-05-31', '2000-04-28', 18, 75, 115 );
INSERT INTO booking ( `BookingID`, `CheckInDate`, `CheckOutDate`, `Guests`, `GuestUserID`, `ListingID` ) VALUES ( 117, '2017-04-07', '2004-01-02', 11, 49, 223 );
INSERT INTO booking ( `BookingID`, `CheckInDate`, `CheckOutDate`, `Guests`, `GuestUserID`, `ListingID` ) VALUES ( 118, '2015-10-26', NULL, 17, 93, 130 );
INSERT INTO booking ( `BookingID`, `CheckInDate`, `CheckOutDate`, `Guests`, `GuestUserID`, `ListingID` ) VALUES ( 119, '2016-11-15', '2011-10-27', NULL, 16, 221 );
INSERT INTO booking ( `BookingID`, `CheckInDate`, `CheckOutDate`, `Guests`, `GuestUserID`, `ListingID` ) VALUES ( 120, NULL, '2019-07-19', 0, NULL, 36 );
INSERT INTO booking ( `BookingID`, `CheckInDate`, `CheckOutDate`, `Guests`, `GuestUserID`, `ListingID` ) VALUES ( 121, '2009-02-25', '2011-03-28', NULL, 19, NULL );
INSERT INTO booking ( `BookingID`, `CheckInDate`, `CheckOutDate`, `Guests`, `GuestUserID`, `ListingID` ) VALUES ( 122, '2017-04-01', '2005-03-05', 14, NULL, 134 );
INSERT INTO booking ( `BookingID`, `CheckInDate`, `CheckOutDate`, `Guests`, `GuestUserID`, `ListingID` ) VALUES ( 123, '2018-01-14', '2002-01-04', 6, 99, NULL );
INSERT INTO booking ( `BookingID`, `CheckInDate`, `CheckOutDate`, `Guests`, `GuestUserID`, `ListingID` ) VALUES ( 124, NULL, '2010-08-18', 17, 69, 202 );
INSERT INTO booking ( `BookingID`, `CheckInDate`, `CheckOutDate`, `Guests`, `GuestUserID`, `ListingID` ) VALUES ( 125, NULL, '2003-03-13', 10, 77, 14 );
INSERT INTO booking ( `BookingID`, `CheckInDate`, `CheckOutDate`, `Guests`, `GuestUserID`, `ListingID` ) VALUES ( 126, '2015-04-11', '2004-06-16', 18, 56, 140 );
INSERT INTO booking ( `BookingID`, `CheckInDate`, `CheckOutDate`, `Guests`, `GuestUserID`, `ListingID` ) VALUES ( 127, '2008-07-21', '2011-03-11', 6, NULL, 133 );
INSERT INTO booking ( `BookingID`, `CheckInDate`, `CheckOutDate`, `Guests`, `GuestUserID`, `ListingID` ) VALUES ( 128, '2019-12-26', '2011-05-06', 8, 20, NULL );
INSERT INTO booking ( `BookingID`, `CheckInDate`, `CheckOutDate`, `Guests`, `GuestUserID`, `ListingID` ) VALUES ( 129, '2001-03-28', '2007-12-15', 6, 5, 164 );
INSERT INTO booking ( `BookingID`, `CheckInDate`, `CheckOutDate`, `Guests`, `GuestUserID`, `ListingID` ) VALUES ( 130, '2011-09-23', NULL, NULL, 86, 137 );
INSERT INTO booking ( `BookingID`, `CheckInDate`, `CheckOutDate`, `Guests`, `GuestUserID`, `ListingID` ) VALUES ( 131, '2011-05-07', '2010-10-24', NULL, NULL, 178 );
INSERT INTO booking ( `BookingID`, `CheckInDate`, `CheckOutDate`, `Guests`, `GuestUserID`, `ListingID` ) VALUES ( 132, '2013-03-29', '2016-11-26', 3, 6, 14 );
INSERT INTO booking ( `BookingID`, `CheckInDate`, `CheckOutDate`, `Guests`, `GuestUserID`, `ListingID` ) VALUES ( 133, '2018-02-22', '2012-11-03', 1, 15, 84 );
INSERT INTO booking ( `BookingID`, `CheckInDate`, `CheckOutDate`, `Guests`, `GuestUserID`, `ListingID` ) VALUES ( 134, '2004-12-05', '2009-10-04', NULL, 74, 76 );
INSERT INTO booking ( `BookingID`, `CheckInDate`, `CheckOutDate`, `Guests`, `GuestUserID`, `ListingID` ) VALUES ( 135, '2004-12-20', '2018-07-08', 3, 28, 177 );
INSERT INTO booking ( `BookingID`, `CheckInDate`, `CheckOutDate`, `Guests`, `GuestUserID`, `ListingID` ) VALUES ( 136, '2014-02-19', '2009-07-05', 1, NULL, 95 );
INSERT INTO booking ( `BookingID`, `CheckInDate`, `CheckOutDate`, `Guests`, `GuestUserID`, `ListingID` ) VALUES ( 137, '2006-10-03', '2009-05-23', NULL, 96, 209 );
INSERT INTO booking ( `BookingID`, `CheckInDate`, `CheckOutDate`, `Guests`, `GuestUserID`, `ListingID` ) VALUES ( 138, '2012-02-23', '2003-01-16', 2, 60, 115 );
INSERT INTO booking ( `BookingID`, `CheckInDate`, `CheckOutDate`, `Guests`, `GuestUserID`, `ListingID` ) VALUES ( 139, '2006-04-23', '2005-10-23', 3, 37, 68 );
INSERT INTO booking ( `BookingID`, `CheckInDate`, `CheckOutDate`, `Guests`, `GuestUserID`, `ListingID` ) VALUES ( 140, '2000-06-27', '2014-03-16', 3, 81, 35 );
INSERT INTO booking ( `BookingID`, `CheckInDate`, `CheckOutDate`, `Guests`, `GuestUserID`, `ListingID` ) VALUES ( 141, '2009-01-07', '2004-05-17', 5, 93, 164 );
INSERT INTO booking ( `BookingID`, `CheckInDate`, `CheckOutDate`, `Guests`, `GuestUserID`, `ListingID` ) VALUES ( 142, '2007-05-20', '2016-02-20', 0, 45, 131 );
INSERT INTO booking ( `BookingID`, `CheckInDate`, `CheckOutDate`, `Guests`, `GuestUserID`, `ListingID` ) VALUES ( 143, '2009-04-11', '2002-12-17', 11, 93, 71 );
INSERT INTO booking ( `BookingID`, `CheckInDate`, `CheckOutDate`, `Guests`, `GuestUserID`, `ListingID` ) VALUES ( 144, '2003-07-18', NULL, 9, 51, 28 );
INSERT INTO booking ( `BookingID`, `CheckInDate`, `CheckOutDate`, `Guests`, `GuestUserID`, `ListingID` ) VALUES ( 145, NULL, '2014-03-05', 10, 62, 200 );
INSERT INTO booking ( `BookingID`, `CheckInDate`, `CheckOutDate`, `Guests`, `GuestUserID`, `ListingID` ) VALUES ( 146, '2016-06-26', '2006-04-01', NULL, 68, 163 );
INSERT INTO booking ( `BookingID`, `CheckInDate`, `CheckOutDate`, `Guests`, `GuestUserID`, `ListingID` ) VALUES ( 147, '2011-07-20', '2001-07-02', 19, 13, 221 );
INSERT INTO booking ( `BookingID`, `CheckInDate`, `CheckOutDate`, `Guests`, `GuestUserID`, `ListingID` ) VALUES ( 148, '2018-04-26', '2008-03-05', 7, 50, 90 );
INSERT INTO booking ( `BookingID`, `CheckInDate`, `CheckOutDate`, `Guests`, `GuestUserID`, `ListingID` ) VALUES ( 149, '2014-07-03', '2004-12-23', 17, NULL, 187 );
INSERT INTO payment ( `PaymentID`, `Amount`, `PaymentMethod`, `TransactionDate`, `BookingID` ) VALUES ( 0, 1004.63, 'AmEx', '2011-04-01', 136 );
INSERT INTO payment ( `PaymentID`, `Amount`, `PaymentMethod`, `TransactionDate`, `BookingID` ) VALUES ( 1, 2076.94, 'VISA', NULL, 121 );
INSERT INTO payment ( `PaymentID`, `Amount`, `PaymentMethod`, `TransactionDate`, `BookingID` ) VALUES ( 2, 6588.01, 'AmEx', '2001-05-05', 32 );
INSERT INTO payment ( `PaymentID`, `Amount`, `PaymentMethod`, `TransactionDate`, `BookingID` ) VALUES ( 3, 61.17, 'AmEx', '2015-05-13', 42 );
INSERT INTO payment ( `PaymentID`, `Amount`, `PaymentMethod`, `TransactionDate`, `BookingID` ) VALUES ( 4, 1595.62, 'VISA', '2004-07-18', NULL );
INSERT INTO payment ( `PaymentID`, `Amount`, `PaymentMethod`, `TransactionDate`, `BookingID` ) VALUES ( 5, 9471.0, 'Mastercard', '2013-03-16', 3 );
INSERT INTO payment ( `PaymentID`, `Amount`, `PaymentMethod`, `TransactionDate`, `BookingID` ) VALUES ( 6, 4870.39, 'Mastercard', '2016-02-18', 104 );
INSERT INTO payment ( `PaymentID`, `Amount`, `PaymentMethod`, `TransactionDate`, `BookingID` ) VALUES ( 7, 3474.83, 'AmEx', NULL, 120 );
INSERT INTO payment ( `PaymentID`, `Amount`, `PaymentMethod`, `TransactionDate`, `BookingID` ) VALUES ( 8, 3689.66, 'VISA', NULL, 22 );
INSERT INTO payment ( `PaymentID`, `Amount`, `PaymentMethod`, `TransactionDate`, `BookingID` ) VALUES ( 9, 1159.55, 'Mastercard', '2016-03-22', 138 );
INSERT INTO payment ( `PaymentID`, `Amount`, `PaymentMethod`, `TransactionDate`, `BookingID` ) VALUES ( 10, 5832.96, 'VISA', '2018-11-28', 114 );
INSERT INTO payment ( `PaymentID`, `Amount`, `PaymentMethod`, `TransactionDate`, `BookingID` ) VALUES ( 11, NULL, 'VISA', '2003-01-20', 0 );
INSERT INTO payment ( `PaymentID`, `Amount`, `PaymentMethod`, `TransactionDate`, `BookingID` ) VALUES ( 12, 7615.99, 'AmEx', '2018-03-16', 110 );
INSERT INTO payment ( `PaymentID`, `Amount`, `PaymentMethod`, `TransactionDate`, `BookingID` ) VALUES ( 13, 1397.49, 'AmEx', '2019-12-25', 143 );
INSERT INTO payment ( `PaymentID`, `Amount`, `PaymentMethod`, `TransactionDate`, `BookingID` ) VALUES ( 14, 4501.73, 'AmEx', NULL, 123 );
INSERT INTO payment ( `PaymentID`, `Amount`, `PaymentMethod`, `TransactionDate`, `BookingID` ) VALUES ( 15, NULL, 'AmEx', '2002-10-07', 28 );
INSERT INTO payment ( `PaymentID`, `Amount`, `PaymentMethod`, `TransactionDate`, `BookingID` ) VALUES ( 16, NULL, 'VISA', '2009-08-01', 48 );
INSERT INTO payment ( `PaymentID`, `Amount`, `PaymentMethod`, `TransactionDate`, `BookingID` ) VALUES ( 17, 5230.83, 'VISA', '2010-11-07', 112 );
INSERT INTO payment ( `PaymentID`, `Amount`, `PaymentMethod`, `TransactionDate`, `BookingID` ) VALUES ( 18, 7049.39, 'Mastercard', '2009-04-08', 42 );
INSERT INTO payment ( `PaymentID`, `Amount`, `PaymentMethod`, `TransactionDate`, `BookingID` ) VALUES ( 19, 4816.8, NULL, NULL, 34 );
INSERT INTO payment ( `PaymentID`, `Amount`, `PaymentMethod`, `TransactionDate`, `BookingID` ) VALUES ( 20, 6105.3, 'Mastercard', '2008-11-12', 121 );
INSERT INTO payment ( `PaymentID`, `Amount`, `PaymentMethod`, `TransactionDate`, `BookingID` ) VALUES ( 21, 2048.93, 'Mastercard', '2008-04-03', 113 );
INSERT INTO payment ( `PaymentID`, `Amount`, `PaymentMethod`, `TransactionDate`, `BookingID` ) VALUES ( 22, 1901.83, 'AmEx', NULL, 117 );
INSERT INTO payment ( `PaymentID`, `Amount`, `PaymentMethod`, `TransactionDate`, `BookingID` ) VALUES ( 23, NULL, 'AmEx', '2018-07-11', 133 );
INSERT INTO payment ( `PaymentID`, `Amount`, `PaymentMethod`, `TransactionDate`, `BookingID` ) VALUES ( 24, NULL, 'Mastercard', '2014-08-11', 78 );
INSERT INTO payment ( `PaymentID`, `Amount`, `PaymentMethod`, `TransactionDate`, `BookingID` ) VALUES ( 25, 1610.27, 'AmEx', '2002-03-11', 7 );
INSERT INTO payment ( `PaymentID`, `Amount`, `PaymentMethod`, `TransactionDate`, `BookingID` ) VALUES ( 26, 4874.66, 'AmEx', '2002-05-02', 52 );
INSERT INTO payment ( `PaymentID`, `Amount`, `PaymentMethod`, `TransactionDate`, `BookingID` ) VALUES ( 27, 9737.37, 'AmEx', '2006-05-31', 72 );
INSERT INTO payment ( `PaymentID`, `Amount`, `PaymentMethod`, `TransactionDate`, `BookingID` ) VALUES ( 28, 2062.55, 'Mastercard', '2010-12-27', 135 );
INSERT INTO payment ( `PaymentID`, `Amount`, `PaymentMethod`, `TransactionDate`, `BookingID` ) VALUES ( 29, 2175.8, 'Mastercard', '2007-07-10', 85 );
INSERT INTO payment ( `PaymentID`, `Amount`, `PaymentMethod`, `TransactionDate`, `BookingID` ) VALUES ( 30, 9497.45, NULL, '2007-03-05', 83 );
INSERT INTO payment ( `PaymentID`, `Amount`, `PaymentMethod`, `TransactionDate`, `BookingID` ) VALUES ( 31, 8898.2, 'VISA', '2002-09-30', 85 );
INSERT INTO payment ( `PaymentID`, `Amount`, `PaymentMethod`, `TransactionDate`, `BookingID` ) VALUES ( 32, NULL, 'Mastercard', '2001-12-16', 134 );
INSERT INTO payment ( `PaymentID`, `Amount`, `PaymentMethod`, `TransactionDate`, `BookingID` ) VALUES ( 33, 5923.2, 'VISA', '2008-06-21', 32 );
INSERT INTO payment ( `PaymentID`, `Amount`, `PaymentMethod`, `TransactionDate`, `BookingID` ) VALUES ( 34, 2287.79, 'AmEx', '2006-10-25', 48 );
INSERT INTO payment ( `PaymentID`, `Amount`, `PaymentMethod`, `TransactionDate`, `BookingID` ) VALUES ( 35, 6524.11, 'AmEx', '2008-11-24', 22 );
INSERT INTO payment ( `PaymentID`, `Amount`, `PaymentMethod`, `TransactionDate`, `BookingID` ) VALUES ( 36, 9621.19, 'VISA', '2004-08-22', 102 );
INSERT INTO payment ( `PaymentID`, `Amount`, `PaymentMethod`, `TransactionDate`, `BookingID` ) VALUES ( 37, 3746.12, 'AmEx', '2001-03-21', 140 );
INSERT INTO payment ( `PaymentID`, `Amount`, `PaymentMethod`, `TransactionDate`, `BookingID` ) VALUES ( 38, 8783.41, 'Mastercard', '2004-02-22', 84 );
INSERT INTO payment ( `PaymentID`, `Amount`, `PaymentMethod`, `TransactionDate`, `BookingID` ) VALUES ( 39, 4431.68, 'AmEx', '2004-12-22', 43 );
INSERT INTO payment ( `PaymentID`, `Amount`, `PaymentMethod`, `TransactionDate`, `BookingID` ) VALUES ( 40, 1835.22, 'Mastercard', '2008-07-06', 122 );
INSERT INTO payment ( `PaymentID`, `Amount`, `PaymentMethod`, `TransactionDate`, `BookingID` ) VALUES ( 41, 6303.42, 'Mastercard', '2007-05-06', 50 );
INSERT INTO payment ( `PaymentID`, `Amount`, `PaymentMethod`, `TransactionDate`, `BookingID` ) VALUES ( 42, 3408.81, 'Mastercard', '2009-03-01', 108 );
INSERT INTO payment ( `PaymentID`, `Amount`, `PaymentMethod`, `TransactionDate`, `BookingID` ) VALUES ( 43, 4914.02, 'VISA', '2010-10-13', 92 );
INSERT INTO payment ( `PaymentID`, `Amount`, `PaymentMethod`, `TransactionDate`, `BookingID` ) VALUES ( 44, 1368.17, NULL, '2010-12-09', 107 );
INSERT INTO payment ( `PaymentID`, `Amount`, `PaymentMethod`, `TransactionDate`, `BookingID` ) VALUES ( 45, 7172.51, 'VISA', '2014-01-19', 8 );
INSERT INTO payment ( `PaymentID`, `Amount`, `PaymentMethod`, `TransactionDate`, `BookingID` ) VALUES ( 46, 153.83, 'AmEx', '2007-01-11', 67 );
INSERT INTO payment ( `PaymentID`, `Amount`, `PaymentMethod`, `TransactionDate`, `BookingID` ) VALUES ( 47, 1726.32, 'AmEx', '2005-11-17', 79 );
INSERT INTO payment ( `PaymentID`, `Amount`, `PaymentMethod`, `TransactionDate`, `BookingID` ) VALUES ( 48, 8010.77, 'VISA', NULL, 93 );
INSERT INTO payment ( `PaymentID`, `Amount`, `PaymentMethod`, `TransactionDate`, `BookingID` ) VALUES ( 49, 5877.57, 'Mastercard', '2017-12-27', NULL );
INSERT INTO payment ( `PaymentID`, `Amount`, `PaymentMethod`, `TransactionDate`, `BookingID` ) VALUES ( 50, 5266.73, 'AmEx', '2014-08-23', 148 );
INSERT INTO payment ( `PaymentID`, `Amount`, `PaymentMethod`, `TransactionDate`, `BookingID` ) VALUES ( 51, 2046.15, 'Mastercard', '2011-03-02', 46 );
INSERT INTO payment ( `PaymentID`, `Amount`, `PaymentMethod`, `TransactionDate`, `BookingID` ) VALUES ( 52, 6995.24, 'AmEx', '2004-05-16', 49 );
INSERT INTO payment ( `PaymentID`, `Amount`, `PaymentMethod`, `TransactionDate`, `BookingID` ) VALUES ( 53, 2250.0, 'AmEx', '2000-12-15', 128 );
INSERT INTO payment ( `PaymentID`, `Amount`, `PaymentMethod`, `TransactionDate`, `BookingID` ) VALUES ( 54, 9288.79, 'AmEx', '2002-01-21', 52 );
INSERT INTO payment ( `PaymentID`, `Amount`, `PaymentMethod`, `TransactionDate`, `BookingID` ) VALUES ( 55, 8362.31, 'Mastercard', '2011-02-21', 134 );
INSERT INTO payment ( `PaymentID`, `Amount`, `PaymentMethod`, `TransactionDate`, `BookingID` ) VALUES ( 56, 4373.79, 'Mastercard', '2011-09-15', 71 );
INSERT INTO payment ( `PaymentID`, `Amount`, `PaymentMethod`, `TransactionDate`, `BookingID` ) VALUES ( 57, 87.6, 'VISA', '2005-09-07', 48 );
INSERT INTO payment ( `PaymentID`, `Amount`, `PaymentMethod`, `TransactionDate`, `BookingID` ) VALUES ( 58, 3728.36, 'AmEx', NULL, 62 );
INSERT INTO payment ( `PaymentID`, `Amount`, `PaymentMethod`, `TransactionDate`, `BookingID` ) VALUES ( 59, 8802.69, NULL, '2008-03-31', 94 );
INSERT INTO payment ( `PaymentID`, `Amount`, `PaymentMethod`, `TransactionDate`, `BookingID` ) VALUES ( 60, 8081.6, 'VISA', '2011-08-22', 5 );
INSERT INTO payment ( `PaymentID`, `Amount`, `PaymentMethod`, `TransactionDate`, `BookingID` ) VALUES ( 61, 5094.42, 'AmEx', NULL, 146 );
INSERT INTO payment ( `PaymentID`, `Amount`, `PaymentMethod`, `TransactionDate`, `BookingID` ) VALUES ( 62, 1396.0, 'Mastercard', '2005-03-03', NULL );
INSERT INTO payment ( `PaymentID`, `Amount`, `PaymentMethod`, `TransactionDate`, `BookingID` ) VALUES ( 63, 7105.04, 'VISA', '2016-12-24', 125 );
INSERT INTO payment ( `PaymentID`, `Amount`, `PaymentMethod`, `TransactionDate`, `BookingID` ) VALUES ( 64, 5093.36, 'Mastercard', '2009-11-27', 65 );
INSERT INTO payment ( `PaymentID`, `Amount`, `PaymentMethod`, `TransactionDate`, `BookingID` ) VALUES ( 65, 6168.9, 'AmEx', '2002-10-23', NULL );
INSERT INTO payment ( `PaymentID`, `Amount`, `PaymentMethod`, `TransactionDate`, `BookingID` ) VALUES ( 66, 2658.77, 'AmEx', '2012-09-30', 71 );
INSERT INTO payment ( `PaymentID`, `Amount`, `PaymentMethod`, `TransactionDate`, `BookingID` ) VALUES ( 67, NULL, 'AmEx', NULL, 102 );
INSERT INTO payment ( `PaymentID`, `Amount`, `PaymentMethod`, `TransactionDate`, `BookingID` ) VALUES ( 68, 5908.11, 'AmEx', '2005-12-17', 118 );
INSERT INTO payment ( `PaymentID`, `Amount`, `PaymentMethod`, `TransactionDate`, `BookingID` ) VALUES ( 69, 5913.8, 'Mastercard', '2005-08-23', 45 );
INSERT INTO payment ( `PaymentID`, `Amount`, `PaymentMethod`, `TransactionDate`, `BookingID` ) VALUES ( 70, NULL, 'Mastercard', '2018-12-30', 55 );
INSERT INTO payment ( `PaymentID`, `Amount`, `PaymentMethod`, `TransactionDate`, `BookingID` ) VALUES ( 71, 740.41, NULL, '2002-11-01', 61 );
INSERT INTO payment ( `PaymentID`, `Amount`, `PaymentMethod`, `TransactionDate`, `BookingID` ) VALUES ( 72, 6423.18, 'VISA', '2006-04-27', 47 );
INSERT INTO payment ( `PaymentID`, `Amount`, `PaymentMethod`, `TransactionDate`, `BookingID` ) VALUES ( 73, 6039.23, 'AmEx', '2012-05-07', 61 );
INSERT INTO payment ( `PaymentID`, `Amount`, `PaymentMethod`, `TransactionDate`, `BookingID` ) VALUES ( 74, 3667.35, 'AmEx', '2012-01-31', 118 );
INSERT INTO payment ( `PaymentID`, `Amount`, `PaymentMethod`, `TransactionDate`, `BookingID` ) VALUES ( 75, 5985.73, 'AmEx', NULL, NULL );
INSERT INTO payment ( `PaymentID`, `Amount`, `PaymentMethod`, `TransactionDate`, `BookingID` ) VALUES ( 76, 180.01, 'Mastercard', '2017-10-18', 67 );
INSERT INTO payment ( `PaymentID`, `Amount`, `PaymentMethod`, `TransactionDate`, `BookingID` ) VALUES ( 77, 7441.75, 'AmEx', '2017-10-07', 2 );
INSERT INTO payment ( `PaymentID`, `Amount`, `PaymentMethod`, `TransactionDate`, `BookingID` ) VALUES ( 78, 6417.73, 'AmEx', '2005-08-09', 37 );
INSERT INTO payment ( `PaymentID`, `Amount`, `PaymentMethod`, `TransactionDate`, `BookingID` ) VALUES ( 79, 2712.66, 'Mastercard', NULL, 6 );
INSERT INTO payment ( `PaymentID`, `Amount`, `PaymentMethod`, `TransactionDate`, `BookingID` ) VALUES ( 80, 7907.72, 'Mastercard', '2006-05-09', 22 );
INSERT INTO payment ( `PaymentID`, `Amount`, `PaymentMethod`, `TransactionDate`, `BookingID` ) VALUES ( 81, 436.98, 'AmEx', '2000-09-11', 117 );
INSERT INTO payment ( `PaymentID`, `Amount`, `PaymentMethod`, `TransactionDate`, `BookingID` ) VALUES ( 82, 3386.21, 'AmEx', '2019-03-20', 16 );
INSERT INTO payment ( `PaymentID`, `Amount`, `PaymentMethod`, `TransactionDate`, `BookingID` ) VALUES ( 83, 9018.34, NULL, '2006-12-18', 146 );
INSERT INTO payment ( `PaymentID`, `Amount`, `PaymentMethod`, `TransactionDate`, `BookingID` ) VALUES ( 84, NULL, 'VISA', '2016-10-24', 101 );
INSERT INTO payment ( `PaymentID`, `Amount`, `PaymentMethod`, `TransactionDate`, `BookingID` ) VALUES ( 85, 7637.44, 'AmEx', '2007-01-31', NULL );
INSERT INTO payment ( `PaymentID`, `Amount`, `PaymentMethod`, `TransactionDate`, `BookingID` ) VALUES ( 86, 5966.27, 'AmEx', '2016-08-11', 94 );
INSERT INTO payment ( `PaymentID`, `Amount`, `PaymentMethod`, `TransactionDate`, `BookingID` ) VALUES ( 87, 618.96, 'AmEx', NULL, 115 );
INSERT INTO payment ( `PaymentID`, `Amount`, `PaymentMethod`, `TransactionDate`, `BookingID` ) VALUES ( 88, 5527.53, 'AmEx', NULL, 139 );
INSERT INTO payment ( `PaymentID`, `Amount`, `PaymentMethod`, `TransactionDate`, `BookingID` ) VALUES ( 89, 6619.6, 'Mastercard', '2009-05-05', 107 );
INSERT INTO payment ( `PaymentID`, `Amount`, `PaymentMethod`, `TransactionDate`, `BookingID` ) VALUES ( 90, 9973.0, 'AmEx', '2001-09-12', 50 );
INSERT INTO payment ( `PaymentID`, `Amount`, `PaymentMethod`, `TransactionDate`, `BookingID` ) VALUES ( 91, 2484.64, 'AmEx', NULL, 36 );
INSERT INTO payment ( `PaymentID`, `Amount`, `PaymentMethod`, `TransactionDate`, `BookingID` ) VALUES ( 92, 8539.64, 'Mastercard', '2009-01-01', 132 );
INSERT INTO payment ( `PaymentID`, `Amount`, `PaymentMethod`, `TransactionDate`, `BookingID` ) VALUES ( 93, 6072.74, 'AmEx', '2003-10-28', 15 );
INSERT INTO payment ( `PaymentID`, `Amount`, `PaymentMethod`, `TransactionDate`, `BookingID` ) VALUES ( 94, 8787.88, 'VISA', '2000-05-27', 120 );
INSERT INTO payment ( `PaymentID`, `Amount`, `PaymentMethod`, `TransactionDate`, `BookingID` ) VALUES ( 95, 4509.63, 'AmEx', '2009-04-01', 78 );
INSERT INTO payment ( `PaymentID`, `Amount`, `PaymentMethod`, `TransactionDate`, `BookingID` ) VALUES ( 96, 5766.54, 'VISA', '2007-01-20', NULL );
INSERT INTO payment ( `PaymentID`, `Amount`, `PaymentMethod`, `TransactionDate`, `BookingID` ) VALUES ( 97, 1772.25, 'AmEx', '2000-04-09', 100 );
INSERT INTO payment ( `PaymentID`, `Amount`, `PaymentMethod`, `TransactionDate`, `BookingID` ) VALUES ( 98, 8242.11, 'Mastercard', '2008-08-12', 50 );
INSERT INTO payment ( `PaymentID`, `Amount`, `PaymentMethod`, `TransactionDate`, `BookingID` ) VALUES ( 99, 7432.95, 'VISA', '2002-08-19', 25 );
INSERT INTO payment ( `PaymentID`, `Amount`, `PaymentMethod`, `TransactionDate`, `BookingID` ) VALUES ( 100, 7251.54, 'VISA', '2014-10-04', 131 );
INSERT INTO payment ( `PaymentID`, `Amount`, `PaymentMethod`, `TransactionDate`, `BookingID` ) VALUES ( 101, 6439.48, 'AmEx', '2014-05-08', 115 );
INSERT INTO payment ( `PaymentID`, `Amount`, `PaymentMethod`, `TransactionDate`, `BookingID` ) VALUES ( 102, 5463.19, 'VISA', '2009-06-08', 110 );
INSERT INTO payment ( `PaymentID`, `Amount`, `PaymentMethod`, `TransactionDate`, `BookingID` ) VALUES ( 103, 3064.52, 'AmEx', '2005-04-22', 93 );
INSERT INTO payment ( `PaymentID`, `Amount`, `PaymentMethod`, `TransactionDate`, `BookingID` ) VALUES ( 104, 3694.35, 'VISA', '2008-01-16', 103 );
INSERT INTO payment ( `PaymentID`, `Amount`, `PaymentMethod`, `TransactionDate`, `BookingID` ) VALUES ( 105, 9288.01, NULL, '2018-10-22', 45 );
INSERT INTO payment ( `PaymentID`, `Amount`, `PaymentMethod`, `TransactionDate`, `BookingID` ) VALUES ( 106, 2559.37, 'VISA', '2019-05-07', 64 );
INSERT INTO payment ( `PaymentID`, `Amount`, `PaymentMethod`, `TransactionDate`, `BookingID` ) VALUES ( 107, 1576.15, 'AmEx', '2001-01-20', 57 );
INSERT INTO payment ( `PaymentID`, `Amount`, `PaymentMethod`, `TransactionDate`, `BookingID` ) VALUES ( 108, NULL, NULL, '2013-07-03', 43 );
INSERT INTO payment ( `PaymentID`, `Amount`, `PaymentMethod`, `TransactionDate`, `BookingID` ) VALUES ( 109, 3785.85, 'Mastercard', '2016-01-29', 139 );
INSERT INTO payment ( `PaymentID`, `Amount`, `PaymentMethod`, `TransactionDate`, `BookingID` ) VALUES ( 110, 8962.24, 'VISA', '2015-12-02', 102 );
INSERT INTO payment ( `PaymentID`, `Amount`, `PaymentMethod`, `TransactionDate`, `BookingID` ) VALUES ( 111, 1102.63, NULL, '2013-05-22', 40 );
INSERT INTO payment ( `PaymentID`, `Amount`, `PaymentMethod`, `TransactionDate`, `BookingID` ) VALUES ( 112, 5269.83, 'Mastercard', '2016-01-26', 78 );
INSERT INTO payment ( `PaymentID`, `Amount`, `PaymentMethod`, `TransactionDate`, `BookingID` ) VALUES ( 113, 3166.0, 'Mastercard', '2003-12-21', 115 );
INSERT INTO payment ( `PaymentID`, `Amount`, `PaymentMethod`, `TransactionDate`, `BookingID` ) VALUES ( 114, 9375.8, 'Mastercard', '2006-10-06', 87 );
INSERT INTO payment ( `PaymentID`, `Amount`, `PaymentMethod`, `TransactionDate`, `BookingID` ) VALUES ( 115, 4005.17, 'AmEx', '2014-07-08', 136 );
INSERT INTO payment ( `PaymentID`, `Amount`, `PaymentMethod`, `TransactionDate`, `BookingID` ) VALUES ( 116, 5471.69, 'AmEx', '2007-02-05', 112 );
INSERT INTO payment ( `PaymentID`, `Amount`, `PaymentMethod`, `TransactionDate`, `BookingID` ) VALUES ( 117, NULL, 'Mastercard', '2008-12-10', 74 );
INSERT INTO payment ( `PaymentID`, `Amount`, `PaymentMethod`, `TransactionDate`, `BookingID` ) VALUES ( 118, 6510.8, 'AmEx', '2001-04-08', 140 );
INSERT INTO payment ( `PaymentID`, `Amount`, `PaymentMethod`, `TransactionDate`, `BookingID` ) VALUES ( 119, 5126.68, NULL, '2005-07-23', 24 );
INSERT INTO payment ( `PaymentID`, `Amount`, `PaymentMethod`, `TransactionDate`, `BookingID` ) VALUES ( 120, 79.93, NULL, '2012-11-10', NULL );
INSERT INTO payment ( `PaymentID`, `Amount`, `PaymentMethod`, `TransactionDate`, `BookingID` ) VALUES ( 121, NULL, 'Mastercard', '2014-11-02', 29 );
INSERT INTO payment ( `PaymentID`, `Amount`, `PaymentMethod`, `TransactionDate`, `BookingID` ) VALUES ( 122, NULL, 'VISA', NULL, NULL );
INSERT INTO payment ( `PaymentID`, `Amount`, `PaymentMethod`, `TransactionDate`, `BookingID` ) VALUES ( 123, 4444.12, 'AmEx', '2002-01-19', 149 );
INSERT INTO payment ( `PaymentID`, `Amount`, `PaymentMethod`, `TransactionDate`, `BookingID` ) VALUES ( 124, 9477.53, 'AmEx', '2008-11-28', 104 );
INSERT INTO payment ( `PaymentID`, `Amount`, `PaymentMethod`, `TransactionDate`, `BookingID` ) VALUES ( 125, 7778.72, 'AmEx', '2013-07-05', 116 );
INSERT INTO payment ( `PaymentID`, `Amount`, `PaymentMethod`, `TransactionDate`, `BookingID` ) VALUES ( 126, 7716.16, 'AmEx', '2016-01-28', 84 );
INSERT INTO payment ( `PaymentID`, `Amount`, `PaymentMethod`, `TransactionDate`, `BookingID` ) VALUES ( 127, 9661.57, 'AmEx', '2001-07-28', NULL );
INSERT INTO payment ( `PaymentID`, `Amount`, `PaymentMethod`, `TransactionDate`, `BookingID` ) VALUES ( 128, 7802.47, 'Mastercard', '2001-12-14', 30 );
INSERT INTO payment ( `PaymentID`, `Amount`, `PaymentMethod`, `TransactionDate`, `BookingID` ) VALUES ( 129, 4451.37, 'Mastercard', '2014-07-13', 7 );
INSERT INTO payment ( `PaymentID`, `Amount`, `PaymentMethod`, `TransactionDate`, `BookingID` ) VALUES ( 130, 6566.84, NULL, '2000-12-01', 129 );
INSERT INTO payment ( `PaymentID`, `Amount`, `PaymentMethod`, `TransactionDate`, `BookingID` ) VALUES ( 131, 6560.17, 'Mastercard', '2009-01-25', NULL );
INSERT INTO payment ( `PaymentID`, `Amount`, `PaymentMethod`, `TransactionDate`, `BookingID` ) VALUES ( 132, 9001.63, 'AmEx', '2010-10-10', 9 );
INSERT INTO payment ( `PaymentID`, `Amount`, `PaymentMethod`, `TransactionDate`, `BookingID` ) VALUES ( 133, NULL, 'AmEx', '2001-11-19', 22 );
INSERT INTO payment ( `PaymentID`, `Amount`, `PaymentMethod`, `TransactionDate`, `BookingID` ) VALUES ( 134, 3763.89, 'Mastercard', '2004-08-01', 111 );
INSERT INTO payment ( `PaymentID`, `Amount`, `PaymentMethod`, `TransactionDate`, `BookingID` ) VALUES ( 135, 7236.79, 'VISA', '2006-08-15', 42 );
INSERT INTO payment ( `PaymentID`, `Amount`, `PaymentMethod`, `TransactionDate`, `BookingID` ) VALUES ( 136, 450.0, 'Mastercard', '2019-01-05', NULL );
INSERT INTO payment ( `PaymentID`, `Amount`, `PaymentMethod`, `TransactionDate`, `BookingID` ) VALUES ( 137, 1756.84, 'AmEx', '2018-01-14', 144 );
INSERT INTO payment ( `PaymentID`, `Amount`, `PaymentMethod`, `TransactionDate`, `BookingID` ) VALUES ( 138, 4540.24, 'VISA', NULL, 90 );
INSERT INTO payment ( `PaymentID`, `Amount`, `PaymentMethod`, `TransactionDate`, `BookingID` ) VALUES ( 139, 6018.54, 'AmEx', '2013-01-23', 56 );
INSERT INTO payment ( `PaymentID`, `Amount`, `PaymentMethod`, `TransactionDate`, `BookingID` ) VALUES ( 140, 4865.08, 'VISA', '2006-05-28', 122 );
INSERT INTO payment ( `PaymentID`, `Amount`, `PaymentMethod`, `TransactionDate`, `BookingID` ) VALUES ( 141, 653.9, 'Mastercard', NULL, 140 );
INSERT INTO payment ( `PaymentID`, `Amount`, `PaymentMethod`, `TransactionDate`, `BookingID` ) VALUES ( 142, 3350.36, NULL, '2016-02-03', 68 );
INSERT INTO payment ( `PaymentID`, `Amount`, `PaymentMethod`, `TransactionDate`, `BookingID` ) VALUES ( 143, 2291.48, 'VISA', '2011-03-28', 140 );
INSERT INTO payment ( `PaymentID`, `Amount`, `PaymentMethod`, `TransactionDate`, `BookingID` ) VALUES ( 144, 4075.34, 'AmEx', '2000-02-04', 77 );
INSERT INTO payment ( `PaymentID`, `Amount`, `PaymentMethod`, `TransactionDate`, `BookingID` ) VALUES ( 145, 8570.41, 'AmEx', NULL, 94 );
INSERT INTO payment ( `PaymentID`, `Amount`, `PaymentMethod`, `TransactionDate`, `BookingID` ) VALUES ( 146, 515.7, 'Mastercard', '2004-01-24', 103 );
INSERT INTO payment ( `PaymentID`, `Amount`, `PaymentMethod`, `TransactionDate`, `BookingID` ) VALUES ( 147, NULL, 'AmEx', '2011-05-18', 20 );
INSERT INTO payment ( `PaymentID`, `Amount`, `PaymentMethod`, `TransactionDate`, `BookingID` ) VALUES ( 148, 6797.39, 'VISA', NULL, 76 );
INSERT INTO payment ( `PaymentID`, `Amount`, `PaymentMethod`, `TransactionDate`, `BookingID` ) VALUES ( 149, 6697.18, 'Mastercard', '2017-07-22', NULL );
INSERT INTO payment ( `PaymentID`, `Amount`, `PaymentMethod`, `TransactionDate`, `BookingID` ) VALUES ( 150, NULL, 'AmEx', '2008-01-11', 15 );
INSERT INTO payment ( `PaymentID`, `Amount`, `PaymentMethod`, `TransactionDate`, `BookingID` ) VALUES ( 151, 6090.8, 'VISA', '2009-01-20', 6 );
INSERT INTO payment ( `PaymentID`, `Amount`, `PaymentMethod`, `TransactionDate`, `BookingID` ) VALUES ( 152, 9794.78, NULL, '2008-01-04', 13 );
INSERT INTO payment ( `PaymentID`, `Amount`, `PaymentMethod`, `TransactionDate`, `BookingID` ) VALUES ( 153, 7080.83, 'VISA', '2001-05-04', 111 );
INSERT INTO payment ( `PaymentID`, `Amount`, `PaymentMethod`, `TransactionDate`, `BookingID` ) VALUES ( 154, 4594.65, 'VISA', '2001-03-18', 104 );
INSERT INTO payment ( `PaymentID`, `Amount`, `PaymentMethod`, `TransactionDate`, `BookingID` ) VALUES ( 155, 6911.57, 'AmEx', '2015-03-10', 16 );
INSERT INTO payment ( `PaymentID`, `Amount`, `PaymentMethod`, `TransactionDate`, `BookingID` ) VALUES ( 156, 2053.57, 'AmEx', '2017-10-30', 21 );
INSERT INTO payment ( `PaymentID`, `Amount`, `PaymentMethod`, `TransactionDate`, `BookingID` ) VALUES ( 157, 1675.83, 'AmEx', '2014-08-27', 2 );
INSERT INTO payment ( `PaymentID`, `Amount`, `PaymentMethod`, `TransactionDate`, `BookingID` ) VALUES ( 158, 8337.15, NULL, '2019-03-01', 131 );
INSERT INTO payment ( `PaymentID`, `Amount`, `PaymentMethod`, `TransactionDate`, `BookingID` ) VALUES ( 159, 5148.78, 'VISA', '2004-03-09', 144 );
INSERT INTO payment ( `PaymentID`, `Amount`, `PaymentMethod`, `TransactionDate`, `BookingID` ) VALUES ( 160, 4870.88, 'VISA', '2019-09-19', 36 );
INSERT INTO payment ( `PaymentID`, `Amount`, `PaymentMethod`, `TransactionDate`, `BookingID` ) VALUES ( 161, NULL, 'AmEx', '2015-12-06', 52 );
INSERT INTO payment ( `PaymentID`, `Amount`, `PaymentMethod`, `TransactionDate`, `BookingID` ) VALUES ( 162, 9719.19, NULL, '2019-04-26', 42 );
INSERT INTO payment ( `PaymentID`, `Amount`, `PaymentMethod`, `TransactionDate`, `BookingID` ) VALUES ( 163, 5836.85, NULL, '2001-07-02', 82 );
INSERT INTO payment ( `PaymentID`, `Amount`, `PaymentMethod`, `TransactionDate`, `BookingID` ) VALUES ( 164, 1891.48, NULL, '2008-02-20', 115 );
INSERT INTO payment ( `PaymentID`, `Amount`, `PaymentMethod`, `TransactionDate`, `BookingID` ) VALUES ( 165, 6863.62, 'VISA', '2019-12-15', 147 );
INSERT INTO payment ( `PaymentID`, `Amount`, `PaymentMethod`, `TransactionDate`, `BookingID` ) VALUES ( 166, 3139.23, 'Mastercard', '2012-03-23', 1 );
INSERT INTO payment ( `PaymentID`, `Amount`, `PaymentMethod`, `TransactionDate`, `BookingID` ) VALUES ( 167, NULL, 'VISA', '2007-02-16', 148 );
INSERT INTO payment ( `PaymentID`, `Amount`, `PaymentMethod`, `TransactionDate`, `BookingID` ) VALUES ( 168, 1059.25, 'VISA', '2014-09-11', 15 );
INSERT INTO payment ( `PaymentID`, `Amount`, `PaymentMethod`, `TransactionDate`, `BookingID` ) VALUES ( 169, 6588.28, NULL, NULL, NULL );
INSERT INTO payment ( `PaymentID`, `Amount`, `PaymentMethod`, `TransactionDate`, `BookingID` ) VALUES ( 170, 5307.36, 'AmEx', '2017-02-09', 6 );
INSERT INTO payment ( `PaymentID`, `Amount`, `PaymentMethod`, `TransactionDate`, `BookingID` ) VALUES ( 171, 1555.63, 'AmEx', '2002-05-07', 2 );
INSERT INTO payment ( `PaymentID`, `Amount`, `PaymentMethod`, `TransactionDate`, `BookingID` ) VALUES ( 172, 2006.84, NULL, '2012-11-08', 116 );
INSERT INTO payment ( `PaymentID`, `Amount`, `PaymentMethod`, `TransactionDate`, `BookingID` ) VALUES ( 173, 5496.38, 'AmEx', '2015-06-01', 106 );
INSERT INTO payment ( `PaymentID`, `Amount`, `PaymentMethod`, `TransactionDate`, `BookingID` ) VALUES ( 174, 7461.22, 'Mastercard', '2006-05-18', 121 );
INSERT INTO payment ( `PaymentID`, `Amount`, `PaymentMethod`, `TransactionDate`, `BookingID` ) VALUES ( 175, 6960.43, 'Mastercard', '2015-08-18', 54 );
INSERT INTO payment ( `PaymentID`, `Amount`, `PaymentMethod`, `TransactionDate`, `BookingID` ) VALUES ( 176, NULL, NULL, '2011-10-18', 0 );
INSERT INTO payment ( `PaymentID`, `Amount`, `PaymentMethod`, `TransactionDate`, `BookingID` ) VALUES ( 177, 9587.12, 'VISA', '2008-11-19', 6 );
INSERT INTO payment ( `PaymentID`, `Amount`, `PaymentMethod`, `TransactionDate`, `BookingID` ) VALUES ( 178, 6775.27, 'VISA', '2003-10-06', 4 );
INSERT INTO payment ( `PaymentID`, `Amount`, `PaymentMethod`, `TransactionDate`, `BookingID` ) VALUES ( 179, 847.12, 'AmEx', NULL, 53 );
INSERT INTO payment ( `PaymentID`, `Amount`, `PaymentMethod`, `TransactionDate`, `BookingID` ) VALUES ( 180, NULL, 'AmEx', '2000-03-15', 105 );
INSERT INTO payment ( `PaymentID`, `Amount`, `PaymentMethod`, `TransactionDate`, `BookingID` ) VALUES ( 181, 4699.07, 'AmEx', NULL, NULL );
INSERT INTO payment ( `PaymentID`, `Amount`, `PaymentMethod`, `TransactionDate`, `BookingID` ) VALUES ( 182, 9798.86, 'Mastercard', NULL, 68 );
INSERT INTO payment ( `PaymentID`, `Amount`, `PaymentMethod`, `TransactionDate`, `BookingID` ) VALUES ( 183, 3499.51, 'VISA', '2014-08-06', NULL );
INSERT INTO payment ( `PaymentID`, `Amount`, `PaymentMethod`, `TransactionDate`, `BookingID` ) VALUES ( 184, 517.47, 'AmEx', '2004-03-13', 142 );
INSERT INTO payment ( `PaymentID`, `Amount`, `PaymentMethod`, `TransactionDate`, `BookingID` ) VALUES ( 185, 7939.44, 'AmEx', '2015-07-18', NULL );
INSERT INTO payment ( `PaymentID`, `Amount`, `PaymentMethod`, `TransactionDate`, `BookingID` ) VALUES ( 186, 398.76, 'Mastercard', '2017-05-03', 6 );
INSERT INTO payment ( `PaymentID`, `Amount`, `PaymentMethod`, `TransactionDate`, `BookingID` ) VALUES ( 187, 7477.85, 'AmEx', '2013-07-18', 146 );
INSERT INTO payment ( `PaymentID`, `Amount`, `PaymentMethod`, `TransactionDate`, `BookingID` ) VALUES ( 188, 2264.34, 'VISA', '2019-09-26', 13 );
INSERT INTO payment ( `PaymentID`, `Amount`, `PaymentMethod`, `TransactionDate`, `BookingID` ) VALUES ( 189, 7659.56, 'Mastercard', '2018-11-28', 88 );
INSERT INTO payment ( `PaymentID`, `Amount`, `PaymentMethod`, `TransactionDate`, `BookingID` ) VALUES ( 190, 2380.78, 'AmEx', '2006-09-05', 126 );
INSERT INTO payment ( `PaymentID`, `Amount`, `PaymentMethod`, `TransactionDate`, `BookingID` ) VALUES ( 191, 275.71, 'VISA', '2002-04-02', 77 );
INSERT INTO payment ( `PaymentID`, `Amount`, `PaymentMethod`, `TransactionDate`, `BookingID` ) VALUES ( 192, 9071.73, 'Mastercard', '2008-11-11', NULL );
INSERT INTO payment ( `PaymentID`, `Amount`, `PaymentMethod`, `TransactionDate`, `BookingID` ) VALUES ( 193, 9384.45, 'AmEx', '2019-05-04', 98 );
INSERT INTO payment ( `PaymentID`, `Amount`, `PaymentMethod`, `TransactionDate`, `BookingID` ) VALUES ( 194, NULL, 'AmEx', '2003-10-07', 145 );
INSERT INTO payment ( `PaymentID`, `Amount`, `PaymentMethod`, `TransactionDate`, `BookingID` ) VALUES ( 195, 9595.86, 'VISA', NULL, 109 );
INSERT INTO payment ( `PaymentID`, `Amount`, `PaymentMethod`, `TransactionDate`, `BookingID` ) VALUES ( 196, 5085.93, NULL, NULL, 21 );
INSERT INTO payment ( `PaymentID`, `Amount`, `PaymentMethod`, `TransactionDate`, `BookingID` ) VALUES ( 197, 8336.89, 'VISA', '2003-08-25', 133 );
INSERT INTO payment ( `PaymentID`, `Amount`, `PaymentMethod`, `TransactionDate`, `BookingID` ) VALUES ( 198, 8263.3, 'AmEx', '2003-09-23', 137 );
INSERT INTO payment ( `PaymentID`, `Amount`, `PaymentMethod`, `TransactionDate`, `BookingID` ) VALUES ( 199, 7164.21, 'VISA', NULL, 9 );
INSERT INTO payment ( `PaymentID`, `Amount`, `PaymentMethod`, `TransactionDate`, `BookingID` ) VALUES ( 200, 3606.38, 'AmEx', '2000-01-04', 15 );
INSERT INTO payment ( `PaymentID`, `Amount`, `PaymentMethod`, `TransactionDate`, `BookingID` ) VALUES ( 201, 1196.28, 'VISA', '2003-01-10', 141 );
INSERT INTO payment ( `PaymentID`, `Amount`, `PaymentMethod`, `TransactionDate`, `BookingID` ) VALUES ( 202, 602.23, 'VISA', NULL, 9 );
INSERT INTO payment ( `PaymentID`, `Amount`, `PaymentMethod`, `TransactionDate`, `BookingID` ) VALUES ( 203, 568.64, 'Mastercard', '2001-08-27', 56 );
INSERT INTO payment ( `PaymentID`, `Amount`, `PaymentMethod`, `TransactionDate`, `BookingID` ) VALUES ( 204, 9340.52, 'AmEx', '2000-09-01', 111 );
INSERT INTO payment ( `PaymentID`, `Amount`, `PaymentMethod`, `TransactionDate`, `BookingID` ) VALUES ( 205, 8821.47, 'AmEx', '2002-06-02', 86 );
INSERT INTO payment ( `PaymentID`, `Amount`, `PaymentMethod`, `TransactionDate`, `BookingID` ) VALUES ( 206, 6994.92, 'VISA', '2013-01-11', 97 );
INSERT INTO payment ( `PaymentID`, `Amount`, `PaymentMethod`, `TransactionDate`, `BookingID` ) VALUES ( 207, 717.58, 'VISA', '2014-04-14', 76 );
INSERT INTO payment ( `PaymentID`, `Amount`, `PaymentMethod`, `TransactionDate`, `BookingID` ) VALUES ( 208, 6609.29, 'Mastercard', '2003-12-17', 73 );
INSERT INTO payment ( `PaymentID`, `Amount`, `PaymentMethod`, `TransactionDate`, `BookingID` ) VALUES ( 209, 6453.95, 'VISA', '2005-02-27', 37 );
INSERT INTO payment ( `PaymentID`, `Amount`, `PaymentMethod`, `TransactionDate`, `BookingID` ) VALUES ( 210, 9373.78, NULL, '2008-06-28', 145 );
INSERT INTO payment ( `PaymentID`, `Amount`, `PaymentMethod`, `TransactionDate`, `BookingID` ) VALUES ( 211, NULL, 'AmEx', '2000-01-13', 149 );
INSERT INTO payment ( `PaymentID`, `Amount`, `PaymentMethod`, `TransactionDate`, `BookingID` ) VALUES ( 212, 1061.1, 'AmEx', '2006-05-30', 76 );
INSERT INTO payment ( `PaymentID`, `Amount`, `PaymentMethod`, `TransactionDate`, `BookingID` ) VALUES ( 213, 1830.33, 'AmEx', '2011-04-07', 21 );
INSERT INTO payment ( `PaymentID`, `Amount`, `PaymentMethod`, `TransactionDate`, `BookingID` ) VALUES ( 214, 9470.97, 'Mastercard', '2009-04-10', 89 );
INSERT INTO payment ( `PaymentID`, `Amount`, `PaymentMethod`, `TransactionDate`, `BookingID` ) VALUES ( 215, 2492.6, 'VISA', NULL, 102 );
INSERT INTO payment ( `PaymentID`, `Amount`, `PaymentMethod`, `TransactionDate`, `BookingID` ) VALUES ( 216, 2707.04, NULL, '2010-09-26', 46 );
INSERT INTO payment ( `PaymentID`, `Amount`, `PaymentMethod`, `TransactionDate`, `BookingID` ) VALUES ( 217, 4660.45, 'Mastercard', NULL, 31 );
INSERT INTO payment ( `PaymentID`, `Amount`, `PaymentMethod`, `TransactionDate`, `BookingID` ) VALUES ( 218, 9029.29, 'AmEx', NULL, 131 );
INSERT INTO payment ( `PaymentID`, `Amount`, `PaymentMethod`, `TransactionDate`, `BookingID` ) VALUES ( 219, 4795.58, 'AmEx', '2019-07-11', 109 );
INSERT INTO payment ( `PaymentID`, `Amount`, `PaymentMethod`, `TransactionDate`, `BookingID` ) VALUES ( 220, 9039.21, 'AmEx', '2005-04-10', 122 );
INSERT INTO payment ( `PaymentID`, `Amount`, `PaymentMethod`, `TransactionDate`, `BookingID` ) VALUES ( 221, 4531.43, 'AmEx', '2000-01-12', 102 );
INSERT INTO payment ( `PaymentID`, `Amount`, `PaymentMethod`, `TransactionDate`, `BookingID` ) VALUES ( 222, 5498.76, 'AmEx', '2017-09-25', 109 );
INSERT INTO payment ( `PaymentID`, `Amount`, `PaymentMethod`, `TransactionDate`, `BookingID` ) VALUES ( 223, 1088.13, NULL, '2017-12-13', 148 );
INSERT INTO payment ( `PaymentID`, `Amount`, `PaymentMethod`, `TransactionDate`, `BookingID` ) VALUES ( 224, 7303.63, 'Mastercard', '2019-11-16', 78 );
